;FLAVOR:Marlin
;TIME:2993
;Filament used: 3.39365m
;Layer height: 0.1
;MINX:194.913
;MINY:184.913
;MINZ:0.3
;MAXX:235.087
;MAXY:245.087
;MAXZ:25
;TARGET_MACHINE.NAME:ELEGOO NEPTUNE 4 Max
;Generated with Cura_SteamEngine 5.10.2
;ELEGOO NEPTUNE 4 MAX
M220 S100 ;Set the feed speed to 100%
M221 S100 ;Set the flow rate to 100%
M104 S140 ;Start heating extruder
M190 S50.0 ;Wait for the bed to reach print temp
G90
G28 ;home
G1 Z10 F300
G1 X165 Y0 F6000
G1 Z0 F300
M109 S235 ;Wait for extruder to reach print temp
G92 E0 ;Reset Extruder
G1 X165 Y0 Z0.4 F300 ;Move to start position
G1 X265 E30 F400 ;Draw the first line
G1 Z0.6 F120.0 ;Move to side a little
G1 X260 F3000
G92 E0 ;Reset Extruder
M82 ;absolute extrusion mode
G92 E0
G92 E0
G1 F2400 E-6
;LAYER_COUNT:248
;LAYER:0
M107
M204 S500
G0 F7200 X196.63 Y186.152 Z0.3
;TYPE:SKIRT
G1 F2400 E0
G1 F3600 X198.025 Y185.289 E0.10741
G1 X198.188 Y185.222 E0.11895
G1 X199.587 Y184.913 E0.21277
G1 X230.318 Y184.913 E2.22506
G1 X231.733 Y185.196 E2.31955
G1 X232.903 Y185.842 E2.40707
G1 X233.848 Y186.63 E2.48764
G1 X234.711 Y188.025 E2.59505
G1 X234.778 Y188.188 E2.60659
G1 X235.087 Y189.587 E2.7004
G1 X235.062 Y240.362 E6.0252
G1 X234.933 Y241.284 E6.08616
G1 X234.443 Y242.502 E6.17213
G1 X234.013 Y243.095 E6.22009
G1 X233.128 Y244.024 E6.30411
G1 X232.785 Y244.276 E6.33198
G1 X231.855 Y244.727 E6.39966
G1 X230.597 Y245.087 E6.48534
G1 X199.682 Y245.087 E8.50968
G1 X198.267 Y244.804 E8.60417
G1 X197.097 Y244.158 E8.69169
G1 X196.152 Y243.37 E8.77226
G1 X195.289 Y241.975 E8.87967
G1 X195.222 Y241.812 E8.89121
G1 X194.913 Y240.413 E8.98502
G1 X194.913 Y189.682 E12.30694
G1 X195.196 Y188.267 E12.40143
G1 X195.842 Y187.097 E12.48894
G1 X196.63 Y186.152 E12.56951
G0 F7200 X196.979 Y186.553
G1 F3600 X198.301 Y185.735 E12.67131
G1 X199.646 Y185.438 E12.7615
G1 X230.265 Y185.438 E14.76646
G1 X231.552 Y185.695 E14.8524
G1 X232.605 Y186.277 E14.93118
G1 X233.447 Y186.979 E15.00296
G1 X234.265 Y188.301 E15.10476
G1 X234.562 Y189.646 E15.19495
G1 X234.542 Y240.289 E18.5111
G1 X234.422 Y241.148 E18.5679
G1 X233.981 Y242.244 E18.64526
G1 X233.631 Y242.735 E18.68474
G1 X232.805 Y243.61 E18.76353
G1 X232.556 Y243.804 E18.7842
G1 X231.671 Y244.233 E18.8486
G1 X230.522 Y244.562 E18.92686
G1 X199.735 Y244.562 E20.94282
G1 X198.448 Y244.305 E21.02876
G1 X197.395 Y243.723 E21.10754
G1 X196.553 Y243.021 E21.17933
G1 X195.735 Y241.699 E21.28112
G1 X195.438 Y240.354 E21.37132
G1 X195.438 Y189.735 E24.68589
G1 X195.695 Y188.448 E24.77183
G1 X196.277 Y187.395 E24.85061
G1 X196.979 Y186.553 E24.9224
G0 F7200 X197.326 Y186.956
G1 F3600 X198.502 Y186.229 E25.01293
G1 X199.705 Y185.963 E25.09361
G1 X230.212 Y185.963 E27.09123
G1 X231.368 Y186.194 E27.16842
G1 X232.311 Y186.715 E27.23897
G1 X233.044 Y187.326 E27.30146
G1 X233.771 Y188.502 E27.39199
G1 X234.037 Y189.705 E27.47266
G1 X234.022 Y240.216 E30.78017
G1 X233.911 Y241.012 E30.8328
G1 X233.518 Y241.988 E30.90169
G1 X233.203 Y242.43 E30.93723
G1 X232.425 Y243.248 E31.01115
G1 X232.275 Y243.357 E31.0233
G1 X231.486 Y243.74 E31.08073
G1 X230.448 Y244.037 E31.15142
G1 X199.788 Y244.037 E33.15907
G1 X198.632 Y243.806 E33.23626
G1 X197.689 Y243.285 E33.30681
G1 X196.956 Y242.674 E33.36929
G1 X196.229 Y241.498 E33.45982
G1 X195.963 Y240.295 E33.5405
G1 X195.963 Y189.788 E36.84774
G1 X196.194 Y188.632 E36.92493
G1 X196.715 Y187.689 E36.99548
G1 X197.326 Y186.956 E37.05797
G0 F7200 X197.675 Y187.357
G1 F3600 X198.7 Y186.723 E37.13689
G1 X199.764 Y186.488 E37.20824
G1 X230.159 Y186.488 E39.19853
G1 X231.184 Y186.693 E39.26698
G1 X232.017 Y187.153 E39.32929
G1 X232.643 Y187.675 E39.38266
G1 X233.277 Y188.7 E39.46158
G1 X233.512 Y189.764 E39.53293
G1 X233.502 Y240.144 E42.83186
G1 X233.4 Y240.876 E42.88025
G1 X233.055 Y241.732 E42.94068
G1 X232.775 Y242.125 E42.97228
G1 X232.046 Y242.885 E43.04124
G1 X231.302 Y243.246 E43.09539
G1 X230.373 Y243.512 E43.15867
G1 X199.841 Y243.512 E45.15793
G1 X198.816 Y243.307 E45.22638
G1 X197.983 Y242.847 E45.28869
G1 X197.357 Y242.325 E45.34206
G1 X196.723 Y241.3 E45.42098
G1 X196.488 Y240.236 E45.49233
G1 X196.488 Y189.841 E48.79224
G1 X196.693 Y188.816 E48.86068
G1 X197.153 Y187.983 E48.92299
G1 X197.675 Y187.357 E48.97637
G0 F7200 X198.024 Y187.758
G1 F3600 X198.898 Y187.217 E49.04367
G1 X199.823 Y187.013 E49.1057
G1 X230.106 Y187.013 E51.08866
G1 X231 Y187.192 E51.14836
G1 X231.723 Y187.591 E51.20243
G1 X232.242 Y188.024 E51.24669
G1 X232.783 Y188.898 E51.314
G1 X232.987 Y189.823 E51.37602
G1 X232.982 Y240.072 E54.66637
G1 X232.889 Y240.74 E54.71054
G1 X232.591 Y241.48 E54.76277
G1 X232.396 Y241.761 E54.78517
G1 X231.73 Y242.455 E54.84815
G1 X231.118 Y242.752 E54.8927
G1 X230.298 Y242.987 E54.94855
G1 X199.894 Y242.987 E56.93943
G1 X199 Y242.808 E56.99914
G1 X198.277 Y242.409 E57.05321
G1 X197.758 Y241.976 E57.09747
G1 X197.217 Y241.102 E57.16478
G1 X197.013 Y240.177 E57.2268
G1 X197.013 Y189.894 E60.51938
G1 X197.192 Y189 E60.57908
G1 X197.591 Y188.277 E60.63315
G1 X198.024 Y187.758 E60.67741
G0 F7200 X198.373 Y188.16
G1 F3600 X199.099 Y187.711 E60.73331
G1 X199.882 Y187.538 E60.78582
G1 X230.053 Y187.538 E62.76144
G1 X230.818 Y187.691 E62.81252
G1 X231.424 Y188.025 E62.85783
G1 X231.84 Y188.373 E62.89335
G1 X232.289 Y189.099 E62.94924
G1 X232.462 Y189.882 E63.00175
G1 X232.462 Y240 E66.28352
G1 X232.378 Y240.604 E66.32346
G1 X232.125 Y241.231 E66.36773
G1 X232.017 Y241.397 E66.3807
G1 X231.415 Y242.024 E66.43761
G1 X230.93 Y242.26 E66.47293
G1 X230.224 Y242.462 E66.52102
G1 X199.947 Y242.462 E68.50358
G1 X199.182 Y242.309 E68.55467
G1 X198.576 Y241.975 E68.59998
G1 X198.16 Y241.627 E68.63549
G1 X197.711 Y240.901 E68.69139
G1 X197.538 Y240.118 E68.74389
G1 X197.538 Y189.947 E72.02914
G1 X197.691 Y189.182 E72.08022
G1 X198.025 Y188.576 E72.12553
G1 X198.373 Y188.16 E72.16104
G0 F7200 X198.722 Y188.561
G1 F3600 X199.297 Y188.205 E72.20533
G1 X199.941 Y188.063 E72.24851
G1 X230 Y188.063 E74.2168
G1 X230.635 Y188.19 E74.2592
G1 X231.17 Y188.485 E74.29921
G1 X231.439 Y188.722 E74.32269
G1 X231.795 Y189.297 E74.36697
G1 X231.937 Y189.941 E74.41015
G1 X231.937 Y240 E77.68806
G1 X231.868 Y240.465 E77.71884
G1 X231.638 Y241.034 E77.75903
G1 X231.101 Y241.594 E77.80983
G1 X230.786 Y241.755 E77.833
G1 X230.15 Y241.937 E77.87632
G1 X200 Y241.937 E79.85056
G1 X199.365 Y241.81 E79.89297
G1 X198.83 Y241.515 E79.93297
G1 X198.561 Y241.278 E79.95645
G1 X198.205 Y240.703 E80.00073
G1 X198.063 Y240.059 E80.04392
G1 X198.063 Y190 E83.32182
G1 X198.19 Y189.365 E83.36423
G1 X198.485 Y188.83 E83.40423
G1 X198.722 Y188.561 E83.42771
G0 F7200 X199.097 Y188.929
G1 F3600 X199.496 Y188.699 E83.45786
G1 X200 Y188.588 E83.49166
G1 X230 Y188.588 E85.45608
G1 X230.381 Y188.65 E85.48136
G1 X230.916 Y188.945 E85.52137
G1 X231.071 Y189.097 E85.53558
G1 X231.301 Y189.496 E85.56574
G1 X231.412 Y190 E85.59953
G1 X231.412 Y240 E88.87358
G1 X231.35 Y240.381 E88.89885
G1 X231.19 Y240.743 E88.92477
G1 X230.782 Y241.169 E88.96339
G1 X230.642 Y241.25 E88.97398
G1 X230.076 Y241.412 E89.01253
G1 X200 Y241.412 E90.98194
G1 X199.619 Y241.35 E91.00721
G1 X199.084 Y241.055 E91.04722
G1 X198.929 Y240.903 E91.06143
G1 X198.699 Y240.504 E91.09159
G1 X198.588 Y240 E91.12539
G1 X198.588 Y190 E94.39943
G1 X198.65 Y189.619 E94.42471
G1 X198.945 Y189.084 E94.46471
G1 X199.097 Y188.929 E94.47893
G1 F2400 E88.47893
G0 F7200 X199.787 Y189.707
G1 F2400 E94.47893
G1 F3600 X200 Y189.638 E94.49359
G1 X230 Y189.638 E96.45801
G1 X230.164 Y189.677 E96.46905
G1 X230.293 Y189.787 E96.48015
G1 X230.362 Y190 E96.49481
G1 X230.362 Y240 E99.76886
G1 X230.323 Y240.164 E99.7799
G1 X230.213 Y240.293 E99.791
G1 X230 Y240.362 E99.80566
G1 X200 Y240.362 E101.77009
G1 X199.836 Y240.323 E101.78112
G1 X199.707 Y240.213 E101.79223
G1 X199.638 Y240 E101.80689
G1 X199.638 Y190 E105.08093
G1 X199.677 Y189.836 E105.09197
G1 X199.787 Y189.707 E105.10307
G0 F7200 X199.625 Y189.208
G1 F3600 X200 Y189.113 E105.1284
G1 X230 Y189.113 E107.09283
G1 X230.285 Y189.166 E107.11181
G1 X230.634 Y189.388 E107.13889
G1 X230.792 Y189.625 E107.15755
G1 X230.887 Y190 E107.18288
G1 X230.887 Y240 E110.45692
G1 X230.834 Y240.285 E110.4759
G1 X230.722 Y240.505 E110.49207
G1 X230.453 Y240.76 E110.51634
G1 X230 Y240.887 E110.54715
G1 X200 Y240.887 E112.51157
G1 X199.715 Y240.834 E112.53056
G1 X199.366 Y240.612 E112.55764
G1 X199.208 Y240.375 E112.57629
G1 X199.113 Y240 E112.60162
G1 X199.113 Y190 E115.87567
G1 X199.166 Y189.715 E115.89465
G1 X199.388 Y189.366 E115.92173
G1 X199.625 Y189.208 E115.94038
G1 F2400 E109.94038
;MESH:table_soft_spacer_30x30-Body.stl
G0 F7200 X199.335 Y215
G0 X200.787 Y215
;TYPE:WALL-INNER
G1 F2400 E115.94038
G1 F3606.9 X200.787 Y239.213 E117.52285
G1 F3600 X229.213 Y239.213 E119.38421
G1 X229.213 Y190.787 E122.55519
G1 X200.787 Y190.787 E124.41655
G1 F3606.9 X200.787 Y215 E125.99902
G0 F7200 X200.262 Y215
;TYPE:WALL-OUTER
G1 F3606.9 X200.262 Y239.738 E127.6158
G1 F3600 X229.738 Y239.738 E129.54592
G1 X229.738 Y190.262 E132.78565
G1 X200.262 Y190.262 E134.71576
G1 F3606.9 X200.262 Y215 E136.33254
G0 F7200 X200.262 Y215.2
G1 F2400 E130.33254
G0 F7200 X201.29 Y215
;TYPE:SKIN
G1 F2400 E136.33254
G1 F3606.9 X201.29 Y191.29 E137.88214
G1 F3600 X228.71 Y191.29 E139.67762
G1 X228.71 Y238.71 E142.78273
G1 X201.29 Y238.71 E144.57821
G1 F3606.9 X201.29 Y215 E146.12781
G1 F2400 E140.12781
G0 F7200 X199.335 Y215
G0 X199.335 Y237.933
G0 X201.552 Y237.933
G1 F2400 E146.12781
G1 F3600 X202.067 Y238.448 E146.1755
G0 F7200 X202.81 Y238.448
G1 F3600 X201.552 Y237.19 E146.292
G0 F7200 X201.552 Y236.448
G1 F3600 X203.552 Y238.448 E146.4772
G0 F7200 X204.294 Y238.448
G1 F3600 X201.552 Y235.706 E146.73112
G0 F7200 X201.552 Y234.963
G1 F3600 X205.037 Y238.448 E147.05385
G0 F7200 X205.779 Y238.448
G1 F3600 X201.552 Y234.221 E147.44529
G0 F7200 X201.552 Y233.478
G1 F3600 X206.522 Y238.448 E147.90553
G0 F7200 X207.264 Y238.448
G1 F3600 X201.552 Y232.736 E148.43448
G0 F7200 X201.552 Y231.993
G1 F3600 X208.007 Y238.448 E149.03224
G0 F7200 X208.749 Y238.448
G1 F3600 X201.552 Y231.251 E149.69871
G0 F7200 X201.552 Y230.508
G1 F3600 X209.492 Y238.448 E150.43399
G0 F7200 X210.234 Y238.448
G1 F3600 X201.552 Y229.766 E151.23797
G0 F7200 X201.552 Y229.023
G1 F3600 X210.977 Y238.448 E152.11077
G0 F7200 X211.719 Y238.448
G1 F3600 X201.552 Y228.281 E153.05227
G0 F7200 X201.552 Y227.538
G1 F3600 X212.462 Y238.448 E154.06258
G0 F7200 X213.204 Y238.448
G1 F3600 X201.552 Y226.796 E155.1416
G0 F7200 X201.552 Y226.054
G1 F3600 X213.946 Y238.448 E156.28933
G0 F7200 X214.689 Y238.448
G1 F3600 X201.552 Y225.311 E157.50587
G0 F7200 X201.552 Y224.569
G1 F3600 X215.431 Y238.448 E158.79112
G0 F7200 X216.174 Y238.448
G1 F3600 X201.552 Y223.826 E160.14518
G0 F7200 X201.552 Y223.084
G1 F3600 X216.916 Y238.448 E161.56795
G0 F7200 X217.659 Y238.448
G1 F3600 X201.552 Y222.341 E163.05952
G0 F7200 X201.552 Y221.599
G1 F3600 X218.401 Y238.448 E164.6198
G0 F7200 X219.144 Y238.448
G1 F3600 X201.552 Y220.856 E166.24889
G0 F7200 X201.552 Y220.114
G1 F3600 X219.886 Y238.448 E167.94669
G0 F7200 X220.629 Y238.448
G1 F3600 X201.552 Y219.371 E169.7133
G0 F7200 X201.552 Y218.629
G1 F3600 X221.371 Y238.448 E171.54862
G0 F7200 X222.114 Y238.448
G1 F3600 X201.552 Y217.886 E173.45274
G0 F7200 X201.552 Y217.144
G1 F3600 X222.856 Y238.448 E175.42557
G0 F7200 X223.598 Y238.448
G1 F3600 X201.552 Y216.402 E177.46712
G0 F7200 X201.552 Y215.659
G1 F3600 X224.341 Y238.448 E179.57747
G0 F7200 X225.083 Y238.448
G1 F3600 X201.552 Y214.917 E181.75654
G0 F7200 X201.552 Y214.174
G1 F3600 X225.826 Y238.448 E184.0044
G0 F7200 X226.568 Y238.448
G1 F3600 X201.552 Y213.432 E186.32098
G0 F7200 X201.552 Y212.689
G1 F3600 X227.311 Y238.448 E188.70637
G0 F7200 X228.053 Y238.448
G1 F3600 X201.552 Y211.947 E191.16047
G0 F7200 X201.552 Y211.204
G1 F3600 X228.448 Y238.1 E193.65114
G0 F7200 X228.448 Y237.357
G1 F3600 X201.552 Y210.462 E196.14177
G0 F7200 X201.552 Y209.719
G1 F3600 X228.448 Y236.615 E198.63245
G0 F7200 X228.448 Y235.872
G1 F3600 X201.552 Y208.977 E201.12308
G0 F7200 X201.552 Y208.234
G1 F3600 X228.448 Y235.13 E203.61376
G0 F7200 X228.448 Y234.388
G1 F3600 X201.552 Y207.492 E206.10443
G0 F7200 X201.552 Y206.75
G1 F3600 X228.448 Y233.645 E208.59506
G0 F7200 X228.448 Y232.903
G1 F3600 X201.552 Y206.007 E211.08574
G0 F7200 X201.552 Y205.265
G1 F3600 X228.448 Y232.16 E213.57637
G0 F7200 X228.448 Y231.418
G1 F3600 X201.552 Y204.522 E216.06705
G0 F7200 X201.552 Y203.78
G1 F3600 X228.448 Y230.675 E218.55767
G0 F7200 X228.448 Y229.933
G1 F3600 X201.552 Y203.037 E221.04835
G0 F7200 X201.552 Y202.295
G1 F3600 X228.448 Y229.19 E223.53898
G0 F7200 X228.448 Y228.448
G1 F3600 X201.552 Y201.552 E226.02966
G0 F7200 X201.552 Y200.81
G1 F3600 X228.448 Y227.705 E228.52029
G0 F7200 X228.448 Y226.963
G1 F3600 X201.552 Y200.067 E231.01096
G0 F7200 X201.552 Y199.325
G1 F3600 X228.448 Y226.22 E233.50159
G0 F7200 X228.448 Y225.478
G1 F3600 X201.552 Y198.582 E235.99227
G0 F7200 X201.552 Y197.84
G1 F3600 X228.448 Y224.736 E238.48295
G0 F7200 X228.448 Y223.993
G1 F3600 X201.552 Y197.098 E240.97358
G0 F7200 X201.552 Y196.355
G1 F3600 X228.448 Y223.251 E243.46425
G0 F7200 X228.448 Y222.508
G1 F3600 X201.552 Y195.613 E245.95488
G0 F7200 X201.552 Y194.87
G1 F3600 X228.448 Y221.766 E248.44556
G0 F7200 X228.448 Y221.023
G1 F3600 X201.552 Y194.128 E250.93619
G0 F7200 X201.552 Y193.385
G1 F3600 X228.448 Y220.281 E253.42686
G0 F7200 X228.448 Y219.538
G1 F3600 X201.552 Y192.643 E255.91749
G0 F7200 X201.552 Y191.9
G1 F3600 X228.448 Y218.796 E258.40817
G0 F7200 X228.448 Y218.053
G1 F3600 X201.947 Y191.552 E260.86227
G0 F7200 X202.689 Y191.552
G1 F3600 X228.448 Y217.311 E263.24765
G0 F7200 X228.448 Y216.568
G1 F3600 X203.432 Y191.552 E265.56423
G0 F7200 X204.174 Y191.552
G1 F3600 X228.448 Y215.826 E267.8121
G0 F7200 X228.448 Y215.083
G1 F3600 X204.917 Y191.552 E269.99117
G0 F7200 X205.659 Y191.552
G1 F3600 X228.448 Y214.341 E272.10152
G0 F7200 X228.448 Y213.599
G1 F3600 X206.402 Y191.552 E274.14311
G0 F7200 X207.144 Y191.552
G1 F3600 X228.448 Y212.856 E276.11595
G0 F7200 X228.448 Y212.114
G1 F3600 X207.887 Y191.552 E278.02002
G0 F7200 X208.629 Y191.552
G1 F3600 X228.448 Y211.371 E279.85534
G0 F7200 X228.448 Y210.629
G1 F3600 X209.371 Y191.552 E281.62195
G0 F7200 X210.114 Y191.552
G1 F3600 X228.448 Y209.886 E283.31975
G0 F7200 X228.448 Y209.144
G1 F3600 X210.856 Y191.552 E284.94884
G0 F7200 X211.599 Y191.552
G1 F3600 X228.448 Y208.401 E286.50912
G0 F7200 X228.448 Y207.659
G1 F3600 X212.341 Y191.552 E288.00069
G0 F7200 X213.084 Y191.552
G1 F3600 X228.448 Y206.916 E289.42346
G0 F7200 X228.448 Y206.174
G1 F3600 X213.826 Y191.552 E290.77752
G0 F7200 X214.569 Y191.552
G1 F3600 X228.448 Y205.431 E292.06277
G0 F7200 X228.448 Y204.689
G1 F3600 X215.311 Y191.552 E293.2793
G0 F7200 X216.054 Y191.552
G1 F3600 X228.448 Y203.947 E294.42708
G0 F7200 X228.448 Y203.204
G1 F3600 X216.796 Y191.552 E295.50611
G0 F7200 X217.539 Y191.552
G1 F3600 X228.448 Y202.462 E296.51637
G0 F7200 X228.448 Y201.719
G1 F3600 X218.281 Y191.552 E297.45787
G0 F7200 X219.023 Y191.552
G1 F3600 X228.448 Y200.977 E298.33067
G0 F7200 X228.448 Y200.234
G1 F3600 X219.766 Y191.552 E299.13465
G0 F7200 X220.508 Y191.552
G1 F3600 X228.448 Y199.492 E299.86993
G0 F7200 X228.448 Y198.749
G1 F3600 X221.251 Y191.552 E300.5364
G0 F7200 X221.993 Y191.552
G1 F3600 X228.448 Y198.007 E301.13416
G0 F7200 X228.448 Y197.264
G1 F3600 X222.736 Y191.552 E301.66311
G0 F7200 X223.478 Y191.552
G1 F3600 X228.448 Y196.522 E302.12335
G0 F7200 X228.448 Y195.779
G1 F3600 X224.221 Y191.552 E302.51479
G0 F7200 X224.963 Y191.552
G1 F3600 X228.448 Y195.037 E302.83751
G0 F7200 X228.448 Y194.295
G1 F3600 X225.706 Y191.552 E303.09148
G0 F7200 X226.448 Y191.552
G1 F3600 X228.448 Y193.552 E303.27669
G0 F7200 X228.448 Y192.81
G1 F3600 X227.191 Y191.552 E303.39314
G0 F7200 X227.933 Y191.552
G1 F3600 X228.448 Y192.067 E303.44083
M104 S235
G1 F2400 E297.44083
;MESH:NONMESH
G0 F600 X228.448 Y192.067 Z0.4
G0 F7200 X230.665 Y192.067
G0 X230.653 Y189.347
G0 X199.347 Y189.347
G0 X199.335 Y215
G0 X200.63 Y215
;TIME_ELAPSED:105.716422
;LAYER:1
M106 S255
M204 S594
;TYPE:WALL-INNER
;MESH:table_soft_spacer_30x30-Body.stl
G1 F2400 E303.44083
G1 F4556.2 X200.63 Y239.37 E303.86637
G1 X229.37 Y239.37 E304.36821
G1 X229.37 Y190.63 E305.21929
G1 X200.63 Y190.63 E305.72114
G1 X200.63 Y215 E306.14667
M204 S750
G0 F8175 X200.21 Y215
M204 S594
;TYPE:WALL-OUTER
G1 F4087.5 X200.21 Y239.79 E306.57955
G1 X229.79 Y239.79 E307.09606
G1 X229.79 Y190.21 E307.96181
G1 X200.21 Y190.21 E308.47832
G1 X200.21 Y215 E308.91119
M204 S750
G0 F8175 X200.21 Y215.2
G0 X201.026 Y215
;TYPE:SKIN
G1 F4087.5 X201.026 Y191.026 E309.32981
G1 X228.97 Y191.026 E309.81776
G1 X228.97 Y238.97 E310.65494
G1 X201.026 Y238.97 E311.14288
G1 X201.026 Y215 E311.56144
G1 F2400 E305.56144
G0 F8175 X201.236 Y191.378
G1 F2400 E311.56144
G1 F4087.5 X201.378 Y191.236 E311.56494
G0 F8175 X201.972 Y191.236
G1 F4087.5 X201.236 Y191.972 E311.58312
G0 F8175 X201.236 Y192.566
G1 F4087.5 X202.566 Y191.236 E311.61596
G0 F8175 X203.16 Y191.236
G1 F4087.5 X201.236 Y193.16 E311.66348
G0 F8175 X201.236 Y193.754
G1 F4087.5 X203.754 Y191.236 E311.72566
G0 F8175 X204.347 Y191.236
G1 F4087.5 X201.236 Y194.348 E311.80249
G0 F8175 X201.236 Y194.942
G1 F4087.5 X204.941 Y191.236 E311.894
G0 F8175 X205.535 Y191.236
G1 F4087.5 X201.236 Y195.536 E312.00017
G0 F8175 X201.236 Y196.13
G1 F4087.5 X206.129 Y191.236 E312.12101
G0 F8175 X206.723 Y191.236
G1 F4087.5 X201.236 Y196.723 E312.25651
G0 F8175 X201.236 Y197.317
G1 F4087.5 X207.317 Y191.236 E312.40668
G0 F8175 X207.911 Y191.236
G1 F4087.5 X201.236 Y197.911 E312.57151
G0 F8175 X201.236 Y198.505
G1 F4087.5 X208.505 Y191.236 E312.75102
G0 F8175 X209.099 Y191.236
G1 F4087.5 X201.236 Y199.099 E312.94519
G0 F8175 X201.236 Y199.693
G1 F4087.5 X209.693 Y191.236 E313.15403
G0 F8175 X210.287 Y191.236
G1 F4087.5 X201.236 Y200.287 E313.37754
G0 F8175 X201.236 Y200.881
G1 F4087.5 X210.881 Y191.236 E313.61571
G0 F8175 X211.475 Y191.236
G1 F4087.5 X201.236 Y201.475 E313.86856
G0 F8175 X201.236 Y202.069
G1 F4087.5 X212.069 Y191.236 E314.13608
G0 F8175 X212.663 Y191.236
G1 F4087.5 X201.236 Y202.663 E314.41826
G0 F8175 X201.236 Y203.257
G1 F4087.5 X213.257 Y191.236 E314.71511
G0 F8175 X213.851 Y191.236
G1 F4087.5 X201.236 Y203.851 E315.02663
G0 F8175 X201.236 Y204.445
G1 F4087.5 X214.445 Y191.236 E315.35282
G0 F8175 X215.039 Y191.236
G1 F4087.5 X201.236 Y205.039 E315.69367
G0 F8175 X201.236 Y205.633
G1 F4087.5 X215.633 Y191.236 E316.0492
G0 F8175 X216.227 Y191.236
G1 F4087.5 X201.236 Y206.227 E316.41939
G0 F8175 X201.236 Y206.821
G1 F4087.5 X216.821 Y191.236 E316.80425
G0 F8175 X217.415 Y191.236
G1 F4087.5 X201.236 Y207.415 E317.20379
G0 F8175 X201.236 Y208.009
G1 F4087.5 X218.009 Y191.236 E317.61798
G0 F8175 X218.603 Y191.236
G1 F4087.5 X201.236 Y208.603 E318.04685
G0 F8175 X201.236 Y209.197
G1 F4087.5 X219.197 Y191.236 E318.49039
G0 F8175 X219.791 Y191.236
G1 F4087.5 X201.236 Y209.791 E318.94859
G0 F8175 X201.236 Y210.385
G1 F4087.5 X220.385 Y191.236 E319.42146
G0 F8175 X220.979 Y191.236
G1 F4087.5 X201.236 Y210.979 E319.90901
G0 F8175 X201.236 Y211.573
G1 F4087.5 X221.573 Y191.236 E320.41122
G0 F8175 X222.167 Y191.236
G1 F4087.5 X201.236 Y212.167 E320.92809
G0 F8175 X201.236 Y212.761
G1 F4087.5 X222.761 Y191.236 E321.45964
G0 F8175 X223.355 Y191.236
G1 F4087.5 X201.236 Y213.355 E322.00586
G0 F8175 X201.236 Y213.949
G1 F4087.5 X223.948 Y191.236 E322.56673
G0 F8175 X224.542 Y191.236
G1 F4087.5 X201.236 Y214.543 E323.14227
G0 F8175 X201.236 Y215.137
G1 F4087.5 X225.136 Y191.236 E323.73248
G0 F8175 X225.73 Y191.236
G1 F4087.5 X201.236 Y215.731 E324.33735
G0 F8175 X201.236 Y216.324
G1 F4087.5 X226.324 Y191.236 E324.95689
G0 F8175 X226.918 Y191.236
G1 F4087.5 X201.236 Y216.918 E325.59109
G0 F8175 X201.236 Y217.512
G1 F4087.5 X227.512 Y191.236 E326.23996
G0 F8175 X228.106 Y191.236
G1 F4087.5 X201.236 Y218.106 E326.90349
G0 F8175 X201.236 Y218.7
G1 F4087.5 X228.7 Y191.236 E327.5817
G0 F8175 X228.76 Y191.771
G1 F4087.5 X201.236 Y219.294 E328.26138
G0 F8175 X201.236 Y219.888
G1 F4087.5 X228.76 Y192.365 E328.94105
G0 F8175 X228.76 Y192.959
G1 F4087.5 X201.236 Y220.482 E329.62073
G0 F8175 X201.236 Y221.076
G1 F4087.5 X228.76 Y193.553 E330.30041
G0 F8175 X228.76 Y194.147
G1 F4087.5 X201.236 Y221.67 E330.98008
G0 F8175 X201.236 Y222.264
G1 F4087.5 X228.76 Y194.741 E331.65976
G0 F8175 X228.76 Y195.335
G1 F4087.5 X201.236 Y222.858 E332.33943
G0 F8175 X201.236 Y223.452
G1 F4087.5 X228.76 Y195.929 E333.01911
G0 F8175 X228.76 Y196.523
G1 F4087.5 X201.236 Y224.046 E333.69879
G0 F8175 X201.236 Y224.64
G1 F4087.5 X228.76 Y197.117 E334.37846
G0 F8175 X228.76 Y197.711
G1 F4087.5 X201.236 Y225.234 E335.05814
G0 F8175 X201.236 Y225.828
G1 F4087.5 X228.76 Y198.305 E335.73781
G0 F8175 X228.76 Y198.899
G1 F4087.5 X201.236 Y226.422 E336.41749
G0 F8175 X201.236 Y227.016
G1 F4087.5 X228.76 Y199.493 E337.09717
G0 F8175 X228.76 Y200.086
G1 F4087.5 X201.236 Y227.61 E337.77685
G0 F8175 X201.236 Y228.204
G1 F4087.5 X228.76 Y200.68 E338.45654
G0 F8175 X228.76 Y201.274
G1 F4087.5 X201.236 Y228.798 E339.13623
G0 F8175 X201.236 Y229.392
G1 F4087.5 X228.76 Y201.868 E339.81592
G0 F8175 X228.76 Y202.462
G1 F4087.5 X201.236 Y229.986 E340.49561
G0 F8175 X201.236 Y230.58
G1 F4087.5 X228.76 Y203.056 E341.1753
G0 F8175 X228.76 Y203.65
G1 F4087.5 X201.236 Y231.174 E341.85499
G0 F8175 X201.236 Y231.768
G1 F4087.5 X228.76 Y204.244 E342.53467
G0 F8175 X228.76 Y204.838
G1 F4087.5 X201.236 Y232.362 E343.21436
G0 F8175 X201.236 Y232.956
G1 F4087.5 X228.76 Y205.432 E343.89405
G0 F8175 X228.76 Y206.026
G1 F4087.5 X201.236 Y233.55 E344.57374
G0 F8175 X201.236 Y234.144
G1 F4087.5 X228.76 Y206.62 E345.25343
G0 F8175 X228.76 Y207.214
G1 F4087.5 X201.236 Y234.738 E345.93312
G0 F8175 X201.236 Y235.332
G1 F4087.5 X228.76 Y207.808 E346.6128
G0 F8175 X228.76 Y208.402
G1 F4087.5 X201.236 Y235.925 E347.29248
G0 F8175 X201.236 Y236.519
G1 F4087.5 X228.76 Y208.996 E347.97216
G0 F8175 X228.76 Y209.59
G1 F4087.5 X201.236 Y237.113 E348.65183
G0 F8175 X201.236 Y237.707
G1 F4087.5 X228.76 Y210.184 E349.33151
G0 F8175 X228.76 Y210.778
G1 F4087.5 X201.236 Y238.301 E350.01118
G0 F8175 X201.371 Y238.76
G1 F4087.5 X228.76 Y211.372 E350.68753
G0 F8175 X228.76 Y211.966
G1 F4087.5 X201.965 Y238.76 E351.3492
G0 F8175 X202.559 Y238.76
G1 F4087.5 X228.76 Y212.56 E351.99621
G0 F8175 X228.76 Y213.154
G1 F4087.5 X203.153 Y238.76 E352.62854
G0 F8175 X203.747 Y238.76
G1 F4087.5 X228.76 Y213.748 E353.24621
G0 F8175 X228.76 Y214.342
G1 F4087.5 X204.341 Y238.76 E353.84921
G0 F8175 X204.935 Y238.76
G1 F4087.5 X228.76 Y214.936 E354.43754
G0 F8175 X228.76 Y215.53
G1 F4087.5 X205.529 Y238.76 E355.01121
G0 F8175 X206.123 Y238.76
G1 F4087.5 X228.76 Y216.124 E355.5702
G0 F8175 X228.76 Y216.718
G1 F4087.5 X206.717 Y238.76 E356.11453
G0 F8175 X207.311 Y238.76
G1 F4087.5 X228.76 Y217.312 E356.64418
G0 F8175 X228.76 Y217.906
G1 F4087.5 X207.905 Y238.76 E357.15917
G0 F8175 X208.499 Y238.76
G1 F4087.5 X228.76 Y218.5 E357.65949
G0 F8175 X228.76 Y219.094
G1 F4087.5 X209.093 Y238.76 E358.14515
G0 F8175 X209.687 Y238.76
G1 F4087.5 X228.76 Y219.687 E358.61614
G0 F8175 X228.76 Y220.281
G1 F4087.5 X210.281 Y238.76 E359.07247
G0 F8175 X210.875 Y238.76
G1 F4087.5 X228.76 Y220.875 E359.51413
G0 F8175 X228.76 Y221.469
G1 F4087.5 X211.469 Y238.76 E359.94112
G0 F8175 X212.063 Y238.76
G1 F4087.5 X228.76 Y222.063 E360.35344
G0 F8175 X228.76 Y222.657
G1 F4087.5 X212.657 Y238.76 E360.7511
G0 F8175 X213.251 Y238.76
G1 F4087.5 X228.76 Y223.251 E361.13408
G0 F8175 X228.76 Y223.845
G1 F4087.5 X213.845 Y238.76 E361.5024
G0 F8175 X214.439 Y238.76
G1 F4087.5 X228.76 Y224.439 E361.85605
G0 F8175 X228.76 Y225.033
G1 F4087.5 X215.033 Y238.76 E362.19503
G0 F8175 X215.627 Y238.76
G1 F4087.5 X228.76 Y225.627 E362.51934
G0 F8175 X228.76 Y226.221
G1 F4087.5 X216.221 Y238.76 E362.82898
G0 F8175 X216.814 Y238.76
G1 F4087.5 X228.76 Y226.815 E363.12397
G0 F8175 X228.76 Y227.409
G1 F4087.5 X217.408 Y238.76 E363.40429
G0 F8175 X218.002 Y238.76
G1 F4087.5 X228.76 Y228.003 E363.66994
G0 F8175 X228.76 Y228.597
G1 F4087.5 X218.596 Y238.76 E363.92092
G0 F8175 X219.19 Y238.76
G1 F4087.5 X228.76 Y229.191 E364.15723
G0 F8175 X228.76 Y229.785
G1 F4087.5 X219.784 Y238.76 E364.37887
G0 F8175 X220.378 Y238.76
G1 F4087.5 X228.76 Y230.379 E364.58585
G0 F8175 X228.76 Y230.973
G1 F4087.5 X220.972 Y238.76 E364.77816
G0 F8175 X221.566 Y238.76
G1 F4087.5 X228.76 Y231.567 E364.9558
G0 F8175 X228.76 Y232.161
G1 F4087.5 X222.16 Y238.76 E365.11877
G0 F8175 X222.754 Y238.76
G1 F4087.5 X228.76 Y232.755 E365.26707
G0 F8175 X228.76 Y233.349
G1 F4087.5 X223.348 Y238.76 E365.4007
G0 F8175 X223.942 Y238.76
G1 F4087.5 X228.76 Y233.943 E365.51967
G0 F8175 X228.76 Y234.537
G1 F4087.5 X224.536 Y238.76 E365.62397
G0 F8175 X225.13 Y238.76
G1 F4087.5 X228.76 Y235.131 E365.71359
G0 F8175 X228.76 Y235.725
G1 F4087.5 X225.724 Y238.76 E365.78855
G0 F8175 X226.318 Y238.76
G1 F4087.5 X228.76 Y236.319 E365.84885
G0 F8175 X228.76 Y236.913
G1 F4087.5 X226.912 Y238.76 E365.89447
G0 F8175 X227.506 Y238.76
G1 F4087.5 X228.76 Y237.507 E365.92542
G0 F8175 X228.76 Y238.101
G1 F4087.5 X228.1 Y238.76 E365.94171
G0 F8175 X228.694 Y238.76
G1 F4087.5 X228.76 Y238.695 E365.94333
G1 F2400 E359.94333
;MESH:NONMESH
G0 F600 X228.76 Y238.695 Z0.5
G0 F8175 X200.92 Y215
G0 X200.63 Y215
;TIME_ELAPSED:175.802416
;LAYER:2
M204 S688
;TYPE:WALL-INNER
;MESH:table_soft_spacer_30x30-Body.stl
G1 F2400 E365.94333
G1 F5512.5 X200.63 Y239.37 E366.36886
G1 X229.37 Y239.37 E366.87071
G1 X229.37 Y190.63 E367.72179
G1 X200.63 Y190.63 E368.22363
G1 X200.63 Y215 E368.64917
M204 S1000
G0 F9150 X200.21 Y215
M204 S688
;TYPE:WALL-OUTER
G1 F4575 X200.21 Y239.79 E369.08204
G1 X229.79 Y239.79 E369.59856
G1 X229.79 Y190.21 E370.4643
G1 X200.21 Y190.21 E370.98081
G1 X200.21 Y215 E371.41369
M204 S1000
G0 F9150 X200.21 Y215.2
G0 X201.026 Y215
;TYPE:SKIN
G1 F4575 X201.026 Y191.026 E371.83231
G1 X228.97 Y191.026 E372.32026
G1 X228.97 Y238.97 E373.15743
G1 X201.026 Y238.97 E373.64538
G1 X201.026 Y215 E374.06393
G1 F2400 E368.06393
G0 F9150 X201.339 Y238.76
G1 F2400 E374.06393
G1 F4575 X201.236 Y238.656 E374.06649
G0 F9150 X201.236 Y238.062
G1 F4575 X201.933 Y238.76 E374.08371
G0 F9150 X202.527 Y238.76
G1 F4575 X201.236 Y237.468 E374.11561
G0 F9150 X201.236 Y236.874
G1 F4575 X203.121 Y238.76 E374.16217
G0 F9150 X203.715 Y238.76
G1 F4575 X201.236 Y236.28 E374.2234
G0 F9150 X201.236 Y235.686
G1 F4575 X204.309 Y238.76 E374.2993
G0 F9150 X204.903 Y238.76
G1 F4575 X201.236 Y235.092 E374.38986
G0 F9150 X201.236 Y234.499
G1 F4575 X205.497 Y238.76 E374.49509
G0 F9150 X206.091 Y238.76
G1 F4575 X201.236 Y233.905 E374.61498
G0 F9150 X201.236 Y233.311
G1 F4575 X206.685 Y238.76 E374.74954
G0 F9150 X207.279 Y238.76
G1 F4575 X201.236 Y232.717 E374.89877
G0 F9150 X201.236 Y232.123
G1 F4575 X207.873 Y238.76 E375.06266
G0 F9150 X208.467 Y238.76
G1 F4575 X201.236 Y231.529 E375.24123
G0 F9150 X201.236 Y230.935
G1 F4575 X209.061 Y238.76 E375.43446
G0 F9150 X209.655 Y238.76
G1 F4575 X201.236 Y230.341 E375.64236
G0 F9150 X201.236 Y229.747
G1 F4575 X210.249 Y238.76 E375.86493
G0 F9150 X210.843 Y238.76
G1 F4575 X201.236 Y229.153 E376.10217
G0 F9150 X201.236 Y228.559
G1 F4575 X211.437 Y238.76 E376.35408
G0 F9150 X212.031 Y238.76
G1 F4575 X201.236 Y227.965 E376.62066
G0 F9150 X201.236 Y227.371
G1 F4575 X212.625 Y238.76 E376.9019
G0 F9150 X213.219 Y238.76
G1 F4575 X201.236 Y226.777 E377.19781
G0 F9150 X201.236 Y226.183
G1 F4575 X213.813 Y238.76 E377.50839
G0 F9150 X214.407 Y238.76
G1 F4575 X201.236 Y225.589 E377.83364
G0 F9150 X201.236 Y224.995
G1 F4575 X215.001 Y238.76 E378.17356
G0 F9150 X215.595 Y238.76
G1 F4575 X201.236 Y224.401 E378.52815
G0 F9150 X201.236 Y223.807
G1 F4575 X216.189 Y238.76 E378.8974
G0 F9150 X216.783 Y238.76
G1 F4575 X201.236 Y223.213 E379.28133
G0 F9150 X201.236 Y222.619
G1 F4575 X217.377 Y238.76 E379.67992
G0 F9150 X217.971 Y238.76
G1 F4575 X201.236 Y222.025 E380.09318
G0 F9150 X201.236 Y221.431
G1 F4575 X218.565 Y238.76 E380.52111
G0 F9150 X219.159 Y238.76
G1 F4575 X201.236 Y220.837 E380.96371
G0 F9150 X201.236 Y220.243
G1 F4575 X219.753 Y238.76 E381.42097
G0 F9150 X220.346 Y238.76
G1 F4575 X201.236 Y219.649 E381.8929
G0 F9150 X201.236 Y219.055
G1 F4575 X220.94 Y238.76 E382.37949
G0 F9150 X221.534 Y238.76
G1 F4575 X201.236 Y218.461 E382.88075
G0 F9150 X201.236 Y217.867
G1 F4575 X222.128 Y238.76 E383.39667
G0 F9150 X222.722 Y238.76
G1 F4575 X201.236 Y217.273 E383.92727
G0 F9150 X201.236 Y216.679
G1 F4575 X223.316 Y238.76 E384.47253
G0 F9150 X223.91 Y238.76
G1 F4575 X201.236 Y216.085 E385.03247
G0 F9150 X201.236 Y215.491
G1 F4575 X224.504 Y238.76 E385.60707
G0 F9150 X225.098 Y238.76
G1 F4575 X201.236 Y214.898 E386.19633
G0 F9150 X201.236 Y214.304
G1 F4575 X225.692 Y238.76 E386.80025
G0 F9150 X226.286 Y238.76
G1 F4575 X201.236 Y213.71 E387.41885
G0 F9150 X201.236 Y213.116
G1 F4575 X226.88 Y238.76 E388.05211
G0 F9150 X227.474 Y238.76
G1 F4575 X201.236 Y212.522 E388.70004
G0 F9150 X201.236 Y211.928
G1 F4575 X228.068 Y238.76 E389.36264
G0 F9150 X228.662 Y238.76
G1 F4575 X201.236 Y211.334 E390.03991
G0 F9150 X201.236 Y210.74
G1 F4575 X228.76 Y238.264 E390.7196
G0 F9150 X228.76 Y237.67
G1 F4575 X201.236 Y210.146 E391.39929
G0 F9150 X201.236 Y209.552
G1 F4575 X228.76 Y237.076 E392.07897
G0 F9150 X228.76 Y236.482
G1 F4575 X201.236 Y208.958 E392.75866
G0 F9150 X201.236 Y208.364
G1 F4575 X228.76 Y235.888 E393.43835
G0 F9150 X228.76 Y235.294
G1 F4575 X201.236 Y207.77 E394.11804
G0 F9150 X201.236 Y207.176
G1 F4575 X228.76 Y234.7 E394.79773
G0 F9150 X228.76 Y234.106
G1 F4575 X201.236 Y206.582 E395.47742
G0 F9150 X201.236 Y205.988
G1 F4575 X228.76 Y233.512 E396.1571
G0 F9150 X228.76 Y232.918
G1 F4575 X201.236 Y205.394 E396.83679
G0 F9150 X201.236 Y204.8
G1 F4575 X228.76 Y232.324 E397.51648
G0 F9150 X228.76 Y231.73
G1 F4575 X201.236 Y204.206 E398.19617
G0 F9150 X201.236 Y203.612
G1 F4575 X228.76 Y231.136 E398.87586
G0 F9150 X228.76 Y230.542
G1 F4575 X201.236 Y203.018 E399.55555
G0 F9150 X201.236 Y202.424
G1 F4575 X228.76 Y229.948 E400.23523
G0 F9150 X228.76 Y229.354
G1 F4575 X201.236 Y201.83 E400.91492
G0 F9150 X201.236 Y201.236
G1 F4575 X228.76 Y228.76 E401.59461
G0 F9150 X228.76 Y228.166
G1 F4575 X201.236 Y200.642 E402.2743
G0 F9150 X201.236 Y200.048
G1 F4575 X228.76 Y227.572 E402.95399
G0 F9150 X228.76 Y226.978
G1 F4575 X201.236 Y199.454 E403.63368
G0 F9150 X201.236 Y198.86
G1 F4575 X228.76 Y226.384 E404.31336
G0 F9150 X228.76 Y225.791
G1 F4575 X201.236 Y198.266 E404.99307
G0 F9150 X201.236 Y197.672
G1 F4575 X228.76 Y225.197 E405.67277
G0 F9150 X228.76 Y224.603
G1 F4575 X201.236 Y197.078 E406.35247
G0 F9150 X201.236 Y196.484
G1 F4575 X228.76 Y224.009 E407.03217
G0 F9150 X228.76 Y223.415
G1 F4575 X201.236 Y195.89 E407.71187
G0 F9150 X201.236 Y195.297
G1 F4575 X228.76 Y222.821 E408.39156
G0 F9150 X228.76 Y222.227
G1 F4575 X201.236 Y194.703 E409.07125
G0 F9150 X201.236 Y194.109
G1 F4575 X228.76 Y221.633 E409.75093
G0 F9150 X228.76 Y221.039
G1 F4575 X201.236 Y193.515 E410.43062
G0 F9150 X201.236 Y192.921
G1 F4575 X228.76 Y220.445 E411.11031
G0 F9150 X228.76 Y219.851
G1 F4575 X201.236 Y192.327 E411.79
G0 F9150 X201.236 Y191.733
G1 F4575 X228.76 Y219.257 E412.46969
G0 F9150 X228.76 Y218.663
G1 F4575 X201.334 Y191.236 E413.14697
G0 F9150 X201.928 Y191.236
G1 F4575 X228.76 Y218.069 E413.80958
G0 F9150 X228.76 Y217.475
G1 F4575 X202.522 Y191.236 E414.45752
G0 F9150 X203.116 Y191.236
G1 F4575 X228.76 Y216.881 E415.0908
G0 F9150 X228.76 Y216.287
G1 F4575 X203.71 Y191.236 E415.70941
G0 F9150 X204.304 Y191.236
G1 F4575 X228.76 Y215.693 E416.31334
G0 F9150 X228.76 Y215.099
G1 F4575 X204.898 Y191.236 E416.90261
G0 F9150 X205.492 Y191.236
G1 F4575 X228.76 Y214.505 E417.47722
G0 F9150 X228.76 Y213.911
G1 F4575 X206.086 Y191.236 E418.03715
G0 F9150 X206.68 Y191.236
G1 F4575 X228.76 Y213.317 E418.58241
G0 F9150 X228.76 Y212.723
G1 F4575 X207.274 Y191.236 E419.11301
G0 F9150 X207.867 Y191.236
G1 F4575 X228.76 Y212.129 E419.62895
G0 F9150 X228.76 Y211.535
G1 F4575 X208.461 Y191.236 E420.13022
G0 F9150 X209.055 Y191.236
G1 F4575 X228.76 Y210.941 E420.61682
G0 F9150 X228.76 Y210.347
G1 F4575 X209.649 Y191.236 E421.08876
G0 F9150 X210.243 Y191.236
G1 F4575 X228.76 Y209.753 E421.54602
G0 F9150 X228.76 Y209.159
G1 F4575 X210.837 Y191.236 E421.98862
G0 F9150 X211.431 Y191.236
G1 F4575 X228.76 Y208.565 E422.41655
G0 F9150 X228.76 Y207.971
G1 F4575 X212.025 Y191.236 E422.82981
G0 F9150 X212.619 Y191.236
G1 F4575 X228.76 Y207.377 E423.2284
G0 F9150 X228.76 Y206.783
G1 F4575 X213.213 Y191.236 E423.61233
G0 F9150 X213.807 Y191.236
G1 F4575 X228.76 Y206.19 E423.98159
G0 F9150 X228.76 Y205.596
G1 F4575 X214.401 Y191.236 E424.33619
G0 F9150 X214.995 Y191.236
G1 F4575 X228.76 Y205.002 E424.67612
G0 F9150 X228.76 Y204.408
G1 F4575 X215.589 Y191.236 E425.00139
G0 F9150 X216.183 Y191.236
G1 F4575 X228.76 Y203.814 E425.31198
G0 F9150 X228.76 Y203.22
G1 F4575 X216.777 Y191.236 E425.60791
G0 F9150 X217.371 Y191.236
G1 F4575 X228.76 Y202.626 E425.88916
G0 F9150 X228.76 Y202.032
G1 F4575 X217.965 Y191.236 E426.15575
G0 F9150 X218.559 Y191.236
G1 F4575 X228.76 Y201.438 E426.40767
G0 F9150 X228.76 Y200.844
G1 F4575 X219.153 Y191.236 E426.64492
G0 F9150 X219.747 Y191.236
G1 F4575 X228.76 Y200.25 E426.8675
G0 F9150 X228.76 Y199.656
G1 F4575 X220.341 Y191.236 E427.07542
G0 F9150 X220.935 Y191.236
G1 F4575 X228.76 Y199.062 E427.26867
G0 F9150 X228.76 Y198.468
G1 F4575 X221.529 Y191.236 E427.44724
G0 F9150 X222.123 Y191.236
G1 F4575 X228.76 Y197.874 E427.61115
G0 F9150 X228.76 Y197.28
G1 F4575 X222.717 Y191.236 E427.76039
G0 F9150 X223.311 Y191.236
G1 F4575 X228.76 Y196.686 E427.89496
G0 F9150 X228.76 Y196.092
G1 F4575 X223.905 Y191.236 E428.01487
G0 F9150 X224.499 Y191.236
G1 F4575 X228.76 Y195.498 E428.1201
G0 F9150 X228.76 Y194.904
G1 F4575 X225.093 Y191.236 E428.21067
G0 F9150 X225.687 Y191.236
G1 F4575 X228.76 Y194.31 E428.28657
G0 F9150 X228.76 Y193.716
G1 F4575 X226.281 Y191.236 E428.3478
G0 F9150 X226.875 Y191.236
G1 F4575 X228.76 Y193.122 E428.39436
G0 F9150 X228.76 Y192.528
G1 F4575 X227.468 Y191.236 E428.42626
G0 F9150 X228.062 Y191.236
G1 F4575 X228.76 Y191.934 E428.4435
G0 F9150 X228.76 Y191.34
G1 F4575 X228.656 Y191.236 E428.44607
G0 F9150 X228.656 Y191.24
G1 F2400 E422.44607
;MESH:NONMESH
G0 F600 X228.656 Y191.24 Z0.6
G0 F9150 X200.92 Y215
G0 X200.63 Y215
;TIME_ELAPSED:238.152316
;LAYER:3
M204 S781
;TYPE:WALL-INNER
;MESH:table_soft_spacer_30x30-Body.stl
G1 F2400 E428.44607
G1 F6468.8 X200.63 Y239.37 E428.87161
G1 X229.37 Y239.37 E429.37345
G1 X229.37 Y190.63 E430.22453
G1 X200.63 Y190.63 E430.72638
G1 X200.63 Y215 E431.15191
M204 S1250
G0 F10125 X200.21 Y215
M204 S781
;TYPE:WALL-OUTER
G1 F5062.5 X200.21 Y239.79 E431.58479
G1 X229.79 Y239.79 E432.1013
G1 X229.79 Y190.21 E432.96704
G1 X200.21 Y190.21 E433.48356
G1 X200.21 Y215 E433.91643
M204 S1250
G0 F10125 X200.21 Y215.2
G0 X201.026 Y215
;TYPE:SKIN
G1 F5062.5 X201.026 Y191.026 E434.33505
G1 X228.97 Y191.026 E434.823
G1 X228.97 Y238.97 E435.66018
G1 X201.026 Y238.97 E436.14812
G1 X201.026 Y215 E436.56668
G1 F2400 E430.56668
G0 F10125 X201.236 Y191.378
G1 F2400 E436.56668
G1 F5062.5 X201.378 Y191.236 E436.57018
G0 F10125 X201.972 Y191.236
G1 F5062.5 X201.236 Y191.972 E436.58836
G0 F10125 X201.236 Y192.566
G1 F5062.5 X202.566 Y191.236 E436.6212
G0 F10125 X203.16 Y191.236
G1 F5062.5 X201.236 Y193.16 E436.66871
G0 F10125 X201.236 Y193.754
G1 F5062.5 X203.754 Y191.236 E436.73089
G0 F10125 X204.347 Y191.236
G1 F5062.5 X201.236 Y194.348 E436.80773
G0 F10125 X201.236 Y194.942
G1 F5062.5 X204.941 Y191.236 E436.89924
G0 F10125 X205.535 Y191.236
G1 F5062.5 X201.236 Y195.536 E437.00541
G0 F10125 X201.236 Y196.13
G1 F5062.5 X206.129 Y191.236 E437.12625
G0 F10125 X206.723 Y191.236
G1 F5062.5 X201.236 Y196.723 E437.26175
G0 F10125 X201.236 Y197.317
G1 F5062.5 X207.317 Y191.236 E437.41192
G0 F10125 X207.911 Y191.236
G1 F5062.5 X201.236 Y197.911 E437.57675
G0 F10125 X201.236 Y198.505
G1 F5062.5 X208.505 Y191.236 E437.75626
G0 F10125 X209.099 Y191.236
G1 F5062.5 X201.236 Y199.099 E437.95043
G0 F10125 X201.236 Y199.693
G1 F5062.5 X209.693 Y191.236 E438.15927
G0 F10125 X210.287 Y191.236
G1 F5062.5 X201.236 Y200.287 E438.38278
G0 F10125 X201.236 Y200.881
G1 F5062.5 X210.881 Y191.236 E438.62095
G0 F10125 X211.475 Y191.236
G1 F5062.5 X201.236 Y201.475 E438.8738
G0 F10125 X201.236 Y202.069
G1 F5062.5 X212.069 Y191.236 E439.14131
G0 F10125 X212.663 Y191.236
G1 F5062.5 X201.236 Y202.663 E439.4235
G0 F10125 X201.236 Y203.257
G1 F5062.5 X213.257 Y191.236 E439.72035
G0 F10125 X213.851 Y191.236
G1 F5062.5 X201.236 Y203.851 E440.03187
G0 F10125 X201.236 Y204.445
G1 F5062.5 X214.445 Y191.236 E440.35806
G0 F10125 X215.039 Y191.236
G1 F5062.5 X201.236 Y205.039 E440.69891
G0 F10125 X201.236 Y205.633
G1 F5062.5 X215.633 Y191.236 E441.05444
G0 F10125 X216.227 Y191.236
G1 F5062.5 X201.236 Y206.227 E441.42463
G0 F10125 X201.236 Y206.821
G1 F5062.5 X216.821 Y191.236 E441.80949
G0 F10125 X217.415 Y191.236
G1 F5062.5 X201.236 Y207.415 E442.20902
G0 F10125 X201.236 Y208.009
G1 F5062.5 X218.009 Y191.236 E442.62322
G0 F10125 X218.603 Y191.236
G1 F5062.5 X201.236 Y208.603 E443.05209
G0 F10125 X201.236 Y209.197
G1 F5062.5 X219.197 Y191.236 E443.49563
G0 F10125 X219.791 Y191.236
G1 F5062.5 X201.236 Y209.791 E443.95383
G0 F10125 X201.236 Y210.385
G1 F5062.5 X220.385 Y191.236 E444.4267
G0 F10125 X220.979 Y191.236
G1 F5062.5 X201.236 Y210.979 E444.91425
G0 F10125 X201.236 Y211.573
G1 F5062.5 X221.573 Y191.236 E445.41646
G0 F10125 X222.167 Y191.236
G1 F5062.5 X201.236 Y212.167 E445.93333
G0 F10125 X201.236 Y212.761
G1 F5062.5 X222.761 Y191.236 E446.46488
G0 F10125 X223.355 Y191.236
G1 F5062.5 X201.236 Y213.355 E447.0111
G0 F10125 X201.236 Y213.949
G1 F5062.5 X223.948 Y191.236 E447.57197
G0 F10125 X224.542 Y191.236
G1 F5062.5 X201.236 Y214.543 E448.14751
G0 F10125 X201.236 Y215.137
G1 F5062.5 X225.136 Y191.236 E448.73771
G0 F10125 X225.73 Y191.236
G1 F5062.5 X201.236 Y215.731 E449.34259
G0 F10125 X201.236 Y216.324
G1 F5062.5 X226.324 Y191.236 E449.96212
G0 F10125 X226.918 Y191.236
G1 F5062.5 X201.236 Y216.918 E450.59633
G0 F10125 X201.236 Y217.512
G1 F5062.5 X227.512 Y191.236 E451.2452
G0 F10125 X228.106 Y191.236
G1 F5062.5 X201.236 Y218.106 E451.90873
G0 F10125 X201.236 Y218.7
G1 F5062.5 X228.7 Y191.236 E452.58694
G0 F10125 X228.76 Y191.771
G1 F5062.5 X201.236 Y219.294 E453.26662
G0 F10125 X201.236 Y219.888
G1 F5062.5 X228.76 Y192.365 E453.94629
G0 F10125 X228.76 Y192.959
G1 F5062.5 X201.236 Y220.482 E454.62597
G0 F10125 X201.236 Y221.076
G1 F5062.5 X228.76 Y193.553 E455.30564
G0 F10125 X228.76 Y194.147
G1 F5062.5 X201.236 Y221.67 E455.98532
G0 F10125 X201.236 Y222.264
G1 F5062.5 X228.76 Y194.741 E456.665
G0 F10125 X228.76 Y195.335
G1 F5062.5 X201.236 Y222.858 E457.34467
G0 F10125 X201.236 Y223.452
G1 F5062.5 X228.76 Y195.929 E458.02435
G0 F10125 X228.76 Y196.523
G1 F5062.5 X201.236 Y224.046 E458.70403
G0 F10125 X201.236 Y224.64
G1 F5062.5 X228.76 Y197.117 E459.3837
G0 F10125 X228.76 Y197.711
G1 F5062.5 X201.236 Y225.234 E460.06338
G0 F10125 X201.236 Y225.828
G1 F5062.5 X228.76 Y198.305 E460.74305
G0 F10125 X228.76 Y198.899
G1 F5062.5 X201.236 Y226.422 E461.42273
G0 F10125 X201.236 Y227.016
G1 F5062.5 X228.76 Y199.493 E462.10241
G0 F10125 X228.76 Y200.086
G1 F5062.5 X201.236 Y227.61 E462.78209
G0 F10125 X201.236 Y228.204
G1 F5062.5 X228.76 Y200.68 E463.46178
G0 F10125 X228.76 Y201.274
G1 F5062.5 X201.236 Y228.798 E464.14147
G0 F10125 X201.236 Y229.392
G1 F5062.5 X228.76 Y201.868 E464.82116
G0 F10125 X228.76 Y202.462
G1 F5062.5 X201.236 Y229.986 E465.50085
G0 F10125 X201.236 Y230.58
G1 F5062.5 X228.76 Y203.056 E466.18054
G0 F10125 X228.76 Y203.65
G1 F5062.5 X201.236 Y231.174 E466.86022
G0 F10125 X201.236 Y231.768
G1 F5062.5 X228.76 Y204.244 E467.53991
G0 F10125 X228.76 Y204.838
G1 F5062.5 X201.236 Y232.362 E468.2196
G0 F10125 X201.236 Y232.956
G1 F5062.5 X228.76 Y205.432 E468.89929
G0 F10125 X228.76 Y206.026
G1 F5062.5 X201.236 Y233.55 E469.57898
G0 F10125 X201.236 Y234.144
G1 F5062.5 X228.76 Y206.62 E470.25867
G0 F10125 X228.76 Y207.214
G1 F5062.5 X201.236 Y234.738 E470.93835
G0 F10125 X201.236 Y235.332
G1 F5062.5 X228.76 Y207.808 E471.61804
G0 F10125 X228.76 Y208.402
G1 F5062.5 X201.236 Y235.925 E472.29772
G0 F10125 X201.236 Y236.519
G1 F5062.5 X228.76 Y208.996 E472.9774
G0 F10125 X228.76 Y209.59
G1 F5062.5 X201.236 Y237.113 E473.65707
G0 F10125 X201.236 Y237.707
G1 F5062.5 X228.76 Y210.184 E474.33675
G0 F10125 X228.76 Y210.778
G1 F5062.5 X201.236 Y238.301 E475.01642
G0 F10125 X201.371 Y238.76
G1 F5062.5 X228.76 Y211.372 E475.69277
G0 F10125 X228.76 Y211.966
G1 F5062.5 X201.965 Y238.76 E476.35444
G0 F10125 X202.559 Y238.76
G1 F5062.5 X228.76 Y212.56 E477.00144
G0 F10125 X228.76 Y213.154
G1 F5062.5 X203.153 Y238.76 E477.63378
G0 F10125 X203.747 Y238.76
G1 F5062.5 X228.76 Y213.748 E478.25145
G0 F10125 X228.76 Y214.342
G1 F5062.5 X204.341 Y238.76 E478.85445
G0 F10125 X204.935 Y238.76
G1 F5062.5 X228.76 Y214.936 E479.44278
G0 F10125 X228.76 Y215.53
G1 F5062.5 X205.529 Y238.76 E480.01644
G0 F10125 X206.123 Y238.76
G1 F5062.5 X228.76 Y216.124 E480.57544
G0 F10125 X228.76 Y216.718
G1 F5062.5 X206.717 Y238.76 E481.11977
G0 F10125 X207.311 Y238.76
G1 F5062.5 X228.76 Y217.312 E481.64942
G0 F10125 X228.76 Y217.906
G1 F5062.5 X207.905 Y238.76 E482.16441
G0 F10125 X208.499 Y238.76
G1 F5062.5 X228.76 Y218.5 E482.66473
G0 F10125 X228.76 Y219.094
G1 F5062.5 X209.093 Y238.76 E483.15039
G0 F10125 X209.687 Y238.76
G1 F5062.5 X228.76 Y219.687 E483.62138
G0 F10125 X228.76 Y220.281
G1 F5062.5 X210.281 Y238.76 E484.07771
G0 F10125 X210.875 Y238.76
G1 F5062.5 X228.76 Y220.875 E484.51937
G0 F10125 X228.76 Y221.469
G1 F5062.5 X211.469 Y238.76 E484.94636
G0 F10125 X212.063 Y238.76
G1 F5062.5 X228.76 Y222.063 E485.35868
G0 F10125 X228.76 Y222.657
G1 F5062.5 X212.657 Y238.76 E485.75633
G0 F10125 X213.251 Y238.76
G1 F5062.5 X228.76 Y223.251 E486.13932
G0 F10125 X228.76 Y223.845
G1 F5062.5 X213.845 Y238.76 E486.50764
G0 F10125 X214.439 Y238.76
G1 F5062.5 X228.76 Y224.439 E486.86129
G0 F10125 X228.76 Y225.033
G1 F5062.5 X215.033 Y238.76 E487.20027
G0 F10125 X215.627 Y238.76
G1 F5062.5 X228.76 Y225.627 E487.52458
G0 F10125 X228.76 Y226.221
G1 F5062.5 X216.221 Y238.76 E487.83422
G0 F10125 X216.814 Y238.76
G1 F5062.5 X228.76 Y226.815 E488.12921
G0 F10125 X228.76 Y227.409
G1 F5062.5 X217.408 Y238.76 E488.40952
G0 F10125 X218.002 Y238.76
G1 F5062.5 X228.76 Y228.003 E488.67517
G0 F10125 X228.76 Y228.597
G1 F5062.5 X218.596 Y238.76 E488.92616
G0 F10125 X219.19 Y238.76
G1 F5062.5 X228.76 Y229.191 E489.16247
G0 F10125 X228.76 Y229.785
G1 F5062.5 X219.784 Y238.76 E489.38411
G0 F10125 X220.378 Y238.76
G1 F5062.5 X228.76 Y230.379 E489.59109
G0 F10125 X228.76 Y230.973
G1 F5062.5 X220.972 Y238.76 E489.7834
G0 F10125 X221.566 Y238.76
G1 F5062.5 X228.76 Y231.567 E489.96104
G0 F10125 X228.76 Y232.161
G1 F5062.5 X222.16 Y238.76 E490.12401
G0 F10125 X222.754 Y238.76
G1 F5062.5 X228.76 Y232.755 E490.27231
G0 F10125 X228.76 Y233.349
G1 F5062.5 X223.348 Y238.76 E490.40594
G0 F10125 X223.942 Y238.76
G1 F5062.5 X228.76 Y233.943 E490.52491
G0 F10125 X228.76 Y234.537
G1 F5062.5 X224.536 Y238.76 E490.6292
G0 F10125 X225.13 Y238.76
G1 F5062.5 X228.76 Y235.131 E490.71883
G0 F10125 X228.76 Y235.725
G1 F5062.5 X225.724 Y238.76 E490.79379
G0 F10125 X226.318 Y238.76
G1 F5062.5 X228.76 Y236.319 E490.85408
G0 F10125 X228.76 Y236.913
G1 F5062.5 X226.912 Y238.76 E490.89971
G0 F10125 X227.506 Y238.76
G1 F5062.5 X228.76 Y237.507 E490.93066
G0 F10125 X228.76 Y238.101
G1 F5062.5 X228.1 Y238.76 E490.94695
G0 F10125 X228.694 Y238.76
G1 F5062.5 X228.76 Y238.695 E490.94856
G1 F2400 E484.94856
;MESH:NONMESH
G0 F600 X228.76 Y238.695 Z0.7
G0 F10125 X200.92 Y215
G0 X200.63 Y215
;TIME_ELAPSED:294.616360
;LAYER:4
M204 S875
;TYPE:WALL-INNER
;MESH:table_soft_spacer_30x30-Body.stl
G1 F2400 E490.94856
G1 F7425 X200.63 Y239.37 E491.3741
G1 X229.37 Y239.37 E491.87595
G1 X229.37 Y190.63 E492.72703
G1 X200.63 Y190.63 E493.22887
G1 X200.63 Y215 E493.65441
M204 S1500
G0 F11100 X200.21 Y215
M204 S875
;TYPE:WALL-OUTER
G1 F5550 X200.21 Y239.79 E494.08728
G1 X229.79 Y239.79 E494.6038
G1 X229.79 Y190.21 E495.46954
G1 X200.21 Y190.21 E495.98605
G1 X200.21 Y215 E496.41893
M204 S1500
G0 F11100 X200.21 Y215.2
G0 X201.026 Y215
;TYPE:SKIN
G1 F5550 X201.026 Y191.026 E496.83755
G1 X228.97 Y191.026 E497.3255
G1 X228.97 Y238.97 E498.16267
G1 X201.026 Y238.97 E498.65062
G1 X201.026 Y215 E499.06917
G1 F2400 E493.06917
G0 F11100 X201.339 Y238.76
G1 F2400 E499.06917
G1 F5550 X201.236 Y238.656 E499.07173
G0 F11100 X201.236 Y238.062
G1 F5550 X201.933 Y238.76 E499.08895
G0 F11100 X202.527 Y238.76
G1 F5550 X201.236 Y237.468 E499.12085
G0 F11100 X201.236 Y236.874
G1 F5550 X203.121 Y238.76 E499.16741
G0 F11100 X203.715 Y238.76
G1 F5550 X201.236 Y236.28 E499.22864
G0 F11100 X201.236 Y235.686
G1 F5550 X204.309 Y238.76 E499.30454
G0 F11100 X204.903 Y238.76
G1 F5550 X201.236 Y235.092 E499.3951
G0 F11100 X201.236 Y234.499
G1 F5550 X205.497 Y238.76 E499.50033
G0 F11100 X206.091 Y238.76
G1 F5550 X201.236 Y233.905 E499.62022
G0 F11100 X201.236 Y233.311
G1 F5550 X206.685 Y238.76 E499.75478
G0 F11100 X207.279 Y238.76
G1 F5550 X201.236 Y232.717 E499.904
G0 F11100 X201.236 Y232.123
G1 F5550 X207.873 Y238.76 E500.0679
G0 F11100 X208.467 Y238.76
G1 F5550 X201.236 Y231.529 E500.24647
G0 F11100 X201.236 Y230.935
G1 F5550 X209.061 Y238.76 E500.4397
G0 F11100 X209.655 Y238.76
G1 F5550 X201.236 Y230.341 E500.6476
G0 F11100 X201.236 Y229.747
G1 F5550 X210.249 Y238.76 E500.87017
G0 F11100 X210.843 Y238.76
G1 F5550 X201.236 Y229.153 E501.10741
G0 F11100 X201.236 Y228.559
G1 F5550 X211.437 Y238.76 E501.35932
G0 F11100 X212.031 Y238.76
G1 F5550 X201.236 Y227.965 E501.62589
G0 F11100 X201.236 Y227.371
G1 F5550 X212.625 Y238.76 E501.90714
G0 F11100 X213.219 Y238.76
G1 F5550 X201.236 Y226.777 E502.20305
G0 F11100 X201.236 Y226.183
G1 F5550 X213.813 Y238.76 E502.51363
G0 F11100 X214.407 Y238.76
G1 F5550 X201.236 Y225.589 E502.83888
G0 F11100 X201.236 Y224.995
G1 F5550 X215.001 Y238.76 E503.1788
G0 F11100 X215.595 Y238.76
G1 F5550 X201.236 Y224.401 E503.53339
G0 F11100 X201.236 Y223.807
G1 F5550 X216.189 Y238.76 E503.90264
G0 F11100 X216.783 Y238.76
G1 F5550 X201.236 Y223.213 E504.28657
G0 F11100 X201.236 Y222.619
G1 F5550 X217.377 Y238.76 E504.68516
G0 F11100 X217.971 Y238.76
G1 F5550 X201.236 Y222.025 E505.09842
G0 F11100 X201.236 Y221.431
G1 F5550 X218.565 Y238.76 E505.52635
G0 F11100 X219.159 Y238.76
G1 F5550 X201.236 Y220.837 E505.96895
G0 F11100 X201.236 Y220.243
G1 F5550 X219.753 Y238.76 E506.42621
G0 F11100 X220.346 Y238.76
G1 F5550 X201.236 Y219.649 E506.89813
G0 F11100 X201.236 Y219.055
G1 F5550 X220.94 Y238.76 E507.38473
G0 F11100 X221.534 Y238.76
G1 F5550 X201.236 Y218.461 E507.88598
G0 F11100 X201.236 Y217.867
G1 F5550 X222.128 Y238.76 E508.40191
G0 F11100 X222.722 Y238.76
G1 F5550 X201.236 Y217.273 E508.93251
G0 F11100 X201.236 Y216.679
G1 F5550 X223.316 Y238.76 E509.47777
G0 F11100 X223.91 Y238.76
G1 F5550 X201.236 Y216.085 E510.03771
G0 F11100 X201.236 Y215.491
G1 F5550 X224.504 Y238.76 E510.61231
G0 F11100 X225.098 Y238.76
G1 F5550 X201.236 Y214.898 E511.20156
G0 F11100 X201.236 Y214.304
G1 F5550 X225.692 Y238.76 E511.80549
G0 F11100 X226.286 Y238.76
G1 F5550 X201.236 Y213.71 E512.42408
G0 F11100 X201.236 Y213.116
G1 F5550 X226.88 Y238.76 E513.05735
G0 F11100 X227.474 Y238.76
G1 F5550 X201.236 Y212.522 E513.70528
G0 F11100 X201.236 Y211.928
G1 F5550 X228.068 Y238.76 E514.36788
G0 F11100 X228.662 Y238.76
G1 F5550 X201.236 Y211.334 E515.04515
G0 F11100 X201.236 Y210.74
G1 F5550 X228.76 Y238.264 E515.72484
G0 F11100 X228.76 Y237.67
G1 F5550 X201.236 Y210.146 E516.40452
G0 F11100 X201.236 Y209.552
G1 F5550 X228.76 Y237.076 E517.08421
G0 F11100 X228.76 Y236.482
G1 F5550 X201.236 Y208.958 E517.7639
G0 F11100 X201.236 Y208.364
G1 F5550 X228.76 Y235.888 E518.44359
G0 F11100 X228.76 Y235.294
G1 F5550 X201.236 Y207.77 E519.12328
G0 F11100 X201.236 Y207.176
G1 F5550 X228.76 Y234.7 E519.80297
G0 F11100 X228.76 Y234.106
G1 F5550 X201.236 Y206.582 E520.48265
G0 F11100 X201.236 Y205.988
G1 F5550 X228.76 Y233.512 E521.16234
G0 F11100 X228.76 Y232.918
G1 F5550 X201.236 Y205.394 E521.84203
G0 F11100 X201.236 Y204.8
G1 F5550 X228.76 Y232.324 E522.52172
G0 F11100 X228.76 Y231.73
G1 F5550 X201.236 Y204.206 E523.20141
G0 F11100 X201.236 Y203.612
G1 F5550 X228.76 Y231.136 E523.8811
G0 F11100 X228.76 Y230.542
G1 F5550 X201.236 Y203.018 E524.56079
G0 F11100 X201.236 Y202.424
G1 F5550 X228.76 Y229.948 E525.24047
G0 F11100 X228.76 Y229.354
G1 F5550 X201.236 Y201.83 E525.92016
G0 F11100 X201.236 Y201.236
G1 F5550 X228.76 Y228.76 E526.59985
G0 F11100 X228.76 Y228.166
G1 F5550 X201.236 Y200.642 E527.27954
G0 F11100 X201.236 Y200.048
G1 F5550 X228.76 Y227.572 E527.95923
G0 F11100 X228.76 Y226.978
G1 F5550 X201.236 Y199.454 E528.63892
G0 F11100 X201.236 Y198.86
G1 F5550 X228.76 Y226.384 E529.3186
G0 F11100 X228.76 Y225.791
G1 F5550 X201.236 Y198.266 E529.9983
G0 F11100 X201.236 Y197.672
G1 F5550 X228.76 Y225.197 E530.67801
G0 F11100 X228.76 Y224.603
G1 F5550 X201.236 Y197.078 E531.35771
G0 F11100 X201.236 Y196.484
G1 F5550 X228.76 Y224.009 E532.03741
G0 F11100 X228.76 Y223.415
G1 F5550 X201.236 Y195.89 E532.71711
G0 F11100 X201.236 Y195.297
G1 F5550 X228.76 Y222.821 E533.3968
G0 F11100 X228.76 Y222.227
G1 F5550 X201.236 Y194.703 E534.07648
G0 F11100 X201.236 Y194.109
G1 F5550 X228.76 Y221.633 E534.75617
G0 F11100 X228.76 Y221.039
G1 F5550 X201.236 Y193.515 E535.43586
G0 F11100 X201.236 Y192.921
G1 F5550 X228.76 Y220.445 E536.11555
G0 F11100 X228.76 Y219.851
G1 F5550 X201.236 Y192.327 E536.79524
G0 F11100 X201.236 Y191.733
G1 F5550 X228.76 Y219.257 E537.47493
G0 F11100 X228.76 Y218.663
G1 F5550 X201.334 Y191.236 E538.15221
G0 F11100 X201.928 Y191.236
G1 F5550 X228.76 Y218.069 E538.81482
G0 F11100 X228.76 Y217.475
G1 F5550 X202.522 Y191.236 E539.46276
G0 F11100 X203.116 Y191.236
G1 F5550 X228.76 Y216.881 E540.09604
G0 F11100 X228.76 Y216.287
G1 F5550 X203.71 Y191.236 E540.71465
G0 F11100 X204.304 Y191.236
G1 F5550 X228.76 Y215.693 E541.31858
G0 F11100 X228.76 Y215.099
G1 F5550 X204.898 Y191.236 E541.90785
G0 F11100 X205.492 Y191.236
G1 F5550 X228.76 Y214.505 E542.48245
G0 F11100 X228.76 Y213.911
G1 F5550 X206.086 Y191.236 E543.04239
G0 F11100 X206.68 Y191.236
G1 F5550 X228.76 Y213.317 E543.58765
G0 F11100 X228.76 Y212.723
G1 F5550 X207.274 Y191.236 E544.11825
G0 F11100 X207.867 Y191.236
G1 F5550 X228.76 Y212.129 E544.63419
G0 F11100 X228.76 Y211.535
G1 F5550 X208.461 Y191.236 E545.13546
G0 F11100 X209.055 Y191.236
G1 F5550 X228.76 Y210.941 E545.62206
G0 F11100 X228.76 Y210.347
G1 F5550 X209.649 Y191.236 E546.094
G0 F11100 X210.243 Y191.236
G1 F5550 X228.76 Y209.753 E546.55126
G0 F11100 X228.76 Y209.159
G1 F5550 X210.837 Y191.236 E546.99386
G0 F11100 X211.431 Y191.236
G1 F5550 X228.76 Y208.565 E547.42179
G0 F11100 X228.76 Y207.971
G1 F5550 X212.025 Y191.236 E547.83505
G0 F11100 X212.619 Y191.236
G1 F5550 X228.76 Y207.377 E548.23364
G0 F11100 X228.76 Y206.783
G1 F5550 X213.213 Y191.236 E548.61757
G0 F11100 X213.807 Y191.236
G1 F5550 X228.76 Y206.19 E548.98683
G0 F11100 X228.76 Y205.596
G1 F5550 X214.401 Y191.236 E549.34143
G0 F11100 X214.995 Y191.236
G1 F5550 X228.76 Y205.002 E549.68136
G0 F11100 X228.76 Y204.408
G1 F5550 X215.589 Y191.236 E550.00663
G0 F11100 X216.183 Y191.236
G1 F5550 X228.76 Y203.814 E550.31722
G0 F11100 X228.76 Y203.22
G1 F5550 X216.777 Y191.236 E550.61314
G0 F11100 X217.371 Y191.236
G1 F5550 X228.76 Y202.626 E550.8944
G0 F11100 X228.76 Y202.032
G1 F5550 X217.965 Y191.236 E551.16099
G0 F11100 X218.559 Y191.236
G1 F5550 X228.76 Y201.438 E551.41291
G0 F11100 X228.76 Y200.844
G1 F5550 X219.153 Y191.236 E551.65016
G0 F11100 X219.747 Y191.236
G1 F5550 X228.76 Y200.25 E551.87274
G0 F11100 X228.76 Y199.656
G1 F5550 X220.341 Y191.236 E552.08066
G0 F11100 X220.935 Y191.236
G1 F5550 X228.76 Y199.062 E552.2739
G0 F11100 X228.76 Y198.468
G1 F5550 X221.529 Y191.236 E552.45248
G0 F11100 X222.123 Y191.236
G1 F5550 X228.76 Y197.874 E552.61639
G0 F11100 X228.76 Y197.28
G1 F5550 X222.717 Y191.236 E552.76563
G0 F11100 X223.311 Y191.236
G1 F5550 X228.76 Y196.686 E552.9002
G0 F11100 X228.76 Y196.092
G1 F5550 X223.905 Y191.236 E553.02011
G0 F11100 X224.499 Y191.236
G1 F5550 X228.76 Y195.498 E553.12534
G0 F11100 X228.76 Y194.904
G1 F5550 X225.093 Y191.236 E553.21591
G0 F11100 X225.687 Y191.236
G1 F5550 X228.76 Y194.31 E553.29181
G0 F11100 X228.76 Y193.716
G1 F5550 X226.281 Y191.236 E553.35304
G0 F11100 X226.875 Y191.236
G1 F5550 X228.76 Y193.122 E553.3996
G0 F11100 X228.76 Y192.528
G1 F5550 X227.468 Y191.236 E553.4315
G0 F11100 X228.062 Y191.236
G1 F5550 X228.76 Y191.934 E553.44874
G0 F11100 X228.76 Y191.34
G1 F5550 X228.656 Y191.236 E553.45131
G0 F11100 X228.656 Y191.24
G1 F2400 E547.45131
;MESH:NONMESH
G0 F600 X228.656 Y191.24 Z0.8
G0 F11100 X200.92 Y215
G0 X200.63 Y215
;TIME_ELAPSED:346.422609
;LAYER:5
M204 S969
;TYPE:WALL-INNER
;MESH:table_soft_spacer_30x30-Body.stl
G1 F2400 E553.45131
G1 F8381.2 X200.63 Y239.37 E553.87685
G1 X229.37 Y239.37 E554.37869
G1 X229.37 Y190.63 E555.22977
G1 X200.63 Y190.63 E555.73161
G1 X200.63 Y215 E556.15715
M204 S1750
G0 F12075 X200.21 Y215
M204 S969
;TYPE:WALL-OUTER
G1 F6037.5 X200.21 Y239.79 E556.59003
G1 X229.79 Y239.79 E557.10654
G1 X229.79 Y190.21 E557.97228
G1 X200.21 Y190.21 E558.4888
G1 X200.21 Y215 E558.92167
M204 S1750
G0 F12075 X200.21 Y215.2
G0 X201.026 Y215
;TYPE:SKIN
G1 F6037.5 X201.026 Y191.026 E559.34029
G1 X228.97 Y191.026 E559.82824
G1 X228.97 Y238.97 E560.66542
G1 X201.026 Y238.97 E561.15336
G1 X201.026 Y215 E561.57192
G1 F2400 E555.57192
G0 F12075 X201.236 Y191.378
G1 F2400 E561.57192
G1 F6037.5 X201.378 Y191.236 E561.57542
G0 F12075 X201.972 Y191.236
G1 F6037.5 X201.236 Y191.972 E561.5936
G0 F12075 X201.236 Y192.566
G1 F6037.5 X202.566 Y191.236 E561.62644
G0 F12075 X203.16 Y191.236
G1 F6037.5 X201.236 Y193.16 E561.67395
G0 F12075 X201.236 Y193.754
G1 F6037.5 X203.754 Y191.236 E561.73613
G0 F12075 X204.347 Y191.236
G1 F6037.5 X201.236 Y194.348 E561.81297
G0 F12075 X201.236 Y194.942
G1 F6037.5 X204.941 Y191.236 E561.90448
G0 F12075 X205.535 Y191.236
G1 F6037.5 X201.236 Y195.536 E562.01065
G0 F12075 X201.236 Y196.13
G1 F6037.5 X206.129 Y191.236 E562.13149
G0 F12075 X206.723 Y191.236
G1 F6037.5 X201.236 Y196.723 E562.26699
G0 F12075 X201.236 Y197.317
G1 F6037.5 X207.317 Y191.236 E562.41716
G0 F12075 X207.911 Y191.236
G1 F6037.5 X201.236 Y197.911 E562.58199
G0 F12075 X201.236 Y198.505
G1 F6037.5 X208.505 Y191.236 E562.76149
G0 F12075 X209.099 Y191.236
G1 F6037.5 X201.236 Y199.099 E562.95567
G0 F12075 X201.236 Y199.693
G1 F6037.5 X209.693 Y191.236 E563.16451
G0 F12075 X210.287 Y191.236
G1 F6037.5 X201.236 Y200.287 E563.38802
G0 F12075 X201.236 Y200.881
G1 F6037.5 X210.881 Y191.236 E563.62619
G0 F12075 X211.475 Y191.236
G1 F6037.5 X201.236 Y201.475 E563.87904
G0 F12075 X201.236 Y202.069
G1 F6037.5 X212.069 Y191.236 E564.14655
G0 F12075 X212.663 Y191.236
G1 F6037.5 X201.236 Y202.663 E564.42874
G0 F12075 X201.236 Y203.257
G1 F6037.5 X213.257 Y191.236 E564.72559
G0 F12075 X213.851 Y191.236
G1 F6037.5 X201.236 Y203.851 E565.03711
G0 F12075 X201.236 Y204.445
G1 F6037.5 X214.445 Y191.236 E565.3633
G0 F12075 X215.039 Y191.236
G1 F6037.5 X201.236 Y205.039 E565.70415
G0 F12075 X201.236 Y205.633
G1 F6037.5 X215.633 Y191.236 E566.05968
G0 F12075 X216.227 Y191.236
G1 F6037.5 X201.236 Y206.227 E566.42987
G0 F12075 X201.236 Y206.821
G1 F6037.5 X216.821 Y191.236 E566.81473
G0 F12075 X217.415 Y191.236
G1 F6037.5 X201.236 Y207.415 E567.21426
G0 F12075 X201.236 Y208.009
G1 F6037.5 X218.009 Y191.236 E567.62846
G0 F12075 X218.603 Y191.236
G1 F6037.5 X201.236 Y208.603 E568.05733
G0 F12075 X201.236 Y209.197
G1 F6037.5 X219.197 Y191.236 E568.50087
G0 F12075 X219.791 Y191.236
G1 F6037.5 X201.236 Y209.791 E568.95907
G0 F12075 X201.236 Y210.385
G1 F6037.5 X220.385 Y191.236 E569.43194
G0 F12075 X220.979 Y191.236
G1 F6037.5 X201.236 Y210.979 E569.91948
G0 F12075 X201.236 Y211.573
G1 F6037.5 X221.573 Y191.236 E570.42169
G0 F12075 X222.167 Y191.236
G1 F6037.5 X201.236 Y212.167 E570.93857
G0 F12075 X201.236 Y212.761
G1 F6037.5 X222.761 Y191.236 E571.47012
G0 F12075 X223.355 Y191.236
G1 F6037.5 X201.236 Y213.355 E572.01633
G0 F12075 X201.236 Y213.949
G1 F6037.5 X223.948 Y191.236 E572.57721
G0 F12075 X224.542 Y191.236
G1 F6037.5 X201.236 Y214.543 E573.15275
G0 F12075 X201.236 Y215.137
G1 F6037.5 X225.136 Y191.236 E573.74295
G0 F12075 X225.73 Y191.236
G1 F6037.5 X201.236 Y215.731 E574.34783
G0 F12075 X201.236 Y216.324
G1 F6037.5 X226.324 Y191.236 E574.96736
G0 F12075 X226.918 Y191.236
G1 F6037.5 X201.236 Y216.918 E575.60157
G0 F12075 X201.236 Y217.512
G1 F6037.5 X227.512 Y191.236 E576.25043
G0 F12075 X228.106 Y191.236
G1 F6037.5 X201.236 Y218.106 E576.91397
G0 F12075 X201.236 Y218.7
G1 F6037.5 X228.7 Y191.236 E577.59218
G0 F12075 X228.76 Y191.771
G1 F6037.5 X201.236 Y219.294 E578.27186
G0 F12075 X201.236 Y219.888
G1 F6037.5 X228.76 Y192.365 E578.95153
G0 F12075 X228.76 Y192.959
G1 F6037.5 X201.236 Y220.482 E579.63121
G0 F12075 X201.236 Y221.076
G1 F6037.5 X228.76 Y193.553 E580.31088
G0 F12075 X228.76 Y194.147
G1 F6037.5 X201.236 Y221.67 E580.99056
G0 F12075 X201.236 Y222.264
G1 F6037.5 X228.76 Y194.741 E581.67024
G0 F12075 X228.76 Y195.335
G1 F6037.5 X201.236 Y222.858 E582.34991
G0 F12075 X201.236 Y223.452
G1 F6037.5 X228.76 Y195.929 E583.02959
G0 F12075 X228.76 Y196.523
G1 F6037.5 X201.236 Y224.046 E583.70926
G0 F12075 X201.236 Y224.64
G1 F6037.5 X228.76 Y197.117 E584.38894
G0 F12075 X228.76 Y197.711
G1 F6037.5 X201.236 Y225.234 E585.06862
G0 F12075 X201.236 Y225.828
G1 F6037.5 X228.76 Y198.305 E585.74829
G0 F12075 X228.76 Y198.899
G1 F6037.5 X201.236 Y226.422 E586.42797
G0 F12075 X201.236 Y227.016
G1 F6037.5 X228.76 Y199.493 E587.10764
G0 F12075 X228.76 Y200.086
G1 F6037.5 X201.236 Y227.61 E587.78733
G0 F12075 X201.236 Y228.204
G1 F6037.5 X228.76 Y200.68 E588.46702
G0 F12075 X228.76 Y201.274
G1 F6037.5 X201.236 Y228.798 E589.14671
G0 F12075 X201.236 Y229.392
G1 F6037.5 X228.76 Y201.868 E589.8264
G0 F12075 X228.76 Y202.462
G1 F6037.5 X201.236 Y229.986 E590.50609
G0 F12075 X201.236 Y230.58
G1 F6037.5 X228.76 Y203.056 E591.18578
G0 F12075 X228.76 Y203.65
G1 F6037.5 X201.236 Y231.174 E591.86546
G0 F12075 X201.236 Y231.768
G1 F6037.5 X228.76 Y204.244 E592.54515
G0 F12075 X228.76 Y204.838
G1 F6037.5 X201.236 Y232.362 E593.22484
G0 F12075 X201.236 Y232.956
G1 F6037.5 X228.76 Y205.432 E593.90453
G0 F12075 X228.76 Y206.026
G1 F6037.5 X201.236 Y233.55 E594.58422
G0 F12075 X201.236 Y234.144
G1 F6037.5 X228.76 Y206.62 E595.26391
G0 F12075 X228.76 Y207.214
G1 F6037.5 X201.236 Y234.738 E595.94359
G0 F12075 X201.236 Y235.332
G1 F6037.5 X228.76 Y207.808 E596.62328
G0 F12075 X228.76 Y208.402
G1 F6037.5 X201.236 Y235.925 E597.30296
G0 F12075 X201.236 Y236.519
G1 F6037.5 X228.76 Y208.996 E597.98263
G0 F12075 X228.76 Y209.59
G1 F6037.5 X201.236 Y237.113 E598.66231
G0 F12075 X201.236 Y237.707
G1 F6037.5 X228.76 Y210.184 E599.34199
G0 F12075 X228.76 Y210.778
G1 F6037.5 X201.236 Y238.301 E600.02166
G0 F12075 X201.371 Y238.76
G1 F6037.5 X228.76 Y211.372 E600.698
G0 F12075 X228.76 Y211.966
G1 F6037.5 X201.965 Y238.76 E601.35968
G0 F12075 X202.559 Y238.76
G1 F6037.5 X228.76 Y212.56 E602.00668
G0 F12075 X228.76 Y213.154
G1 F6037.5 X203.153 Y238.76 E602.63902
G0 F12075 X203.747 Y238.76
G1 F6037.5 X228.76 Y213.748 E603.25669
G0 F12075 X228.76 Y214.342
G1 F6037.5 X204.341 Y238.76 E603.85969
G0 F12075 X204.935 Y238.76
G1 F6037.5 X228.76 Y214.936 E604.44802
G0 F12075 X228.76 Y215.53
G1 F6037.5 X205.529 Y238.76 E605.02168
G0 F12075 X206.123 Y238.76
G1 F6037.5 X228.76 Y216.124 E605.58068
G0 F12075 X228.76 Y216.718
G1 F6037.5 X206.717 Y238.76 E606.125
G0 F12075 X207.311 Y238.76
G1 F6037.5 X228.76 Y217.312 E606.65466
G0 F12075 X228.76 Y217.906
G1 F6037.5 X207.905 Y238.76 E607.16965
G0 F12075 X208.499 Y238.76
G1 F6037.5 X228.76 Y218.5 E607.66997
G0 F12075 X228.76 Y219.094
G1 F6037.5 X209.093 Y238.76 E608.15562
G0 F12075 X209.687 Y238.76
G1 F6037.5 X228.76 Y219.687 E608.62662
G0 F12075 X228.76 Y220.281
G1 F6037.5 X210.281 Y238.76 E609.08295
G0 F12075 X210.875 Y238.76
G1 F6037.5 X228.76 Y220.875 E609.52461
G0 F12075 X228.76 Y221.469
G1 F6037.5 X211.469 Y238.76 E609.9516
G0 F12075 X212.063 Y238.76
G1 F6037.5 X228.76 Y222.063 E610.36392
G0 F12075 X228.76 Y222.657
G1 F6037.5 X212.657 Y238.76 E610.76157
G0 F12075 X213.251 Y238.76
G1 F6037.5 X228.76 Y223.251 E611.14456
G0 F12075 X228.76 Y223.845
G1 F6037.5 X213.845 Y238.76 E611.51288
G0 F12075 X214.439 Y238.76
G1 F6037.5 X228.76 Y224.439 E611.86652
G0 F12075 X228.76 Y225.033
G1 F6037.5 X215.033 Y238.76 E612.2055
G0 F12075 X215.627 Y238.76
G1 F6037.5 X228.76 Y225.627 E612.52982
G0 F12075 X228.76 Y226.221
G1 F6037.5 X216.221 Y238.76 E612.83946
G0 F12075 X216.814 Y238.76
G1 F6037.5 X228.76 Y226.815 E613.13445
G0 F12075 X228.76 Y227.409
G1 F6037.5 X217.408 Y238.76 E613.41476
G0 F12075 X218.002 Y238.76
G1 F6037.5 X228.76 Y228.003 E613.68041
G0 F12075 X228.76 Y228.597
G1 F6037.5 X218.596 Y238.76 E613.9314
G0 F12075 X219.19 Y238.76
G1 F6037.5 X228.76 Y229.191 E614.16771
G0 F12075 X228.76 Y229.785
G1 F6037.5 X219.784 Y238.76 E614.38935
G0 F12075 X220.378 Y238.76
G1 F6037.5 X228.76 Y230.379 E614.59633
G0 F12075 X228.76 Y230.973
G1 F6037.5 X220.972 Y238.76 E614.78864
G0 F12075 X221.566 Y238.76
G1 F6037.5 X228.76 Y231.567 E614.96628
G0 F12075 X228.76 Y232.161
G1 F6037.5 X222.16 Y238.76 E615.12925
G0 F12075 X222.754 Y238.76
G1 F6037.5 X228.76 Y232.755 E615.27755
G0 F12075 X228.76 Y233.349
G1 F6037.5 X223.348 Y238.76 E615.41118
G0 F12075 X223.942 Y238.76
G1 F6037.5 X228.76 Y233.943 E615.53015
G0 F12075 X228.76 Y234.537
G1 F6037.5 X224.536 Y238.76 E615.63444
G0 F12075 X225.13 Y238.76
G1 F6037.5 X228.76 Y235.131 E615.72407
G0 F12075 X228.76 Y235.725
G1 F6037.5 X225.724 Y238.76 E615.79903
G0 F12075 X226.318 Y238.76
G1 F6037.5 X228.76 Y236.319 E615.85932
G0 F12075 X228.76 Y236.913
G1 F6037.5 X226.912 Y238.76 E615.90495
G0 F12075 X227.506 Y238.76
G1 F6037.5 X228.76 Y237.507 E615.9359
G0 F12075 X228.76 Y238.101
G1 F6037.5 X228.1 Y238.76 E615.95219
G0 F12075 X228.694 Y238.76
G1 F6037.5 X228.76 Y238.695 E615.9538
G1 F2400 E609.9538
;MESH:NONMESH
G0 F600 X228.76 Y238.695 Z0.9
G0 F12075 X200.92 Y215
G0 X200.63 Y215
;TIME_ELAPSED:394.402734
;LAYER:6
M204 S1062
;TYPE:WALL-INNER
;MESH:table_soft_spacer_30x30-Body.stl
G1 F2400 E615.9538
G1 F9337.5 X200.63 Y239.37 E616.37934
G1 X229.37 Y239.37 E616.88119
G1 X229.37 Y190.63 E617.73227
G1 X200.63 Y190.63 E618.23411
G1 X200.63 Y215 E618.65965
M204 S2000
G0 F13050 X200.21 Y215
M204 S1062
;TYPE:WALL-OUTER
G1 F6525 X200.21 Y239.79 E619.09252
G1 X229.79 Y239.79 E619.60903
G1 X229.79 Y190.21 E620.47478
G1 X200.21 Y190.21 E620.99129
G1 X200.21 Y215 E621.42417
M204 S2000
G0 F13050 X200.21 Y215.2
G0 X201.026 Y215
;TYPE:SKIN
G1 F6525 X201.026 Y191.026 E621.84279
G1 X228.97 Y191.026 E622.33073
G1 X228.97 Y238.97 E623.16791
G1 X201.026 Y238.97 E623.65586
G1 X201.026 Y215 E624.07441
G1 F2400 E618.07441
G0 F13050 X201.339 Y238.76
G1 F2400 E624.07441
G1 F6525 X201.236 Y238.656 E624.07697
G0 F13050 X201.236 Y238.062
G1 F6525 X201.933 Y238.76 E624.09419
G0 F13050 X202.527 Y238.76
G1 F6525 X201.236 Y237.468 E624.12609
G0 F13050 X201.236 Y236.874
G1 F6525 X203.121 Y238.76 E624.17265
G0 F13050 X203.715 Y238.76
G1 F6525 X201.236 Y236.28 E624.23388
G0 F13050 X201.236 Y235.686
G1 F6525 X204.309 Y238.76 E624.30977
G0 F13050 X204.903 Y238.76
G1 F6525 X201.236 Y235.092 E624.40034
G0 F13050 X201.236 Y234.499
G1 F6525 X205.497 Y238.76 E624.50556
G0 F13050 X206.091 Y238.76
G1 F6525 X201.236 Y233.905 E624.62546
G0 F13050 X201.236 Y233.311
G1 F6525 X206.685 Y238.76 E624.76002
G0 F13050 X207.279 Y238.76
G1 F6525 X201.236 Y232.717 E624.90924
G0 F13050 X201.236 Y232.123
G1 F6525 X207.873 Y238.76 E625.07314
G0 F13050 X208.467 Y238.76
G1 F6525 X201.236 Y231.529 E625.25171
G0 F13050 X201.236 Y230.935
G1 F6525 X209.061 Y238.76 E625.44494
G0 F13050 X209.655 Y238.76
G1 F6525 X201.236 Y230.341 E625.65284
G0 F13050 X201.236 Y229.747
G1 F6525 X210.249 Y238.76 E625.87541
G0 F13050 X210.843 Y238.76
G1 F6525 X201.236 Y229.153 E626.11265
G0 F13050 X201.236 Y228.559
G1 F6525 X211.437 Y238.76 E626.36456
G0 F13050 X212.031 Y238.76
G1 F6525 X201.236 Y227.965 E626.63113
G0 F13050 X201.236 Y227.371
G1 F6525 X212.625 Y238.76 E626.91238
G0 F13050 X213.219 Y238.76
G1 F6525 X201.236 Y226.777 E627.20829
G0 F13050 X201.236 Y226.183
G1 F6525 X213.813 Y238.76 E627.51887
G0 F13050 X214.407 Y238.76
G1 F6525 X201.236 Y225.589 E627.84412
G0 F13050 X201.236 Y224.995
G1 F6525 X215.001 Y238.76 E628.18404
G0 F13050 X215.595 Y238.76
G1 F6525 X201.236 Y224.401 E628.53863
G0 F13050 X201.236 Y223.807
G1 F6525 X216.189 Y238.76 E628.90788
G0 F13050 X216.783 Y238.76
G1 F6525 X201.236 Y223.213 E629.29181
G0 F13050 X201.236 Y222.619
G1 F6525 X217.377 Y238.76 E629.6904
G0 F13050 X217.971 Y238.76
G1 F6525 X201.236 Y222.025 E630.10366
G0 F13050 X201.236 Y221.431
G1 F6525 X218.565 Y238.76 E630.53159
G0 F13050 X219.159 Y238.76
G1 F6525 X201.236 Y220.837 E630.97419
G0 F13050 X201.236 Y220.243
G1 F6525 X219.753 Y238.76 E631.43145
G0 F13050 X220.346 Y238.76
G1 F6525 X201.236 Y219.649 E631.90337
G0 F13050 X201.236 Y219.055
G1 F6525 X220.94 Y238.76 E632.38996
G0 F13050 X221.534 Y238.76
G1 F6525 X201.236 Y218.461 E632.89122
G0 F13050 X201.236 Y217.867
G1 F6525 X222.128 Y238.76 E633.40715
G0 F13050 X222.722 Y238.76
G1 F6525 X201.236 Y217.273 E633.93775
G0 F13050 X201.236 Y216.679
G1 F6525 X223.316 Y238.76 E634.48301
G0 F13050 X223.91 Y238.76
G1 F6525 X201.236 Y216.085 E635.04294
G0 F13050 X201.236 Y215.491
G1 F6525 X224.504 Y238.76 E635.61755
G0 F13050 X225.098 Y238.76
G1 F6525 X201.236 Y214.898 E636.2068
G0 F13050 X201.236 Y214.304
G1 F6525 X225.692 Y238.76 E636.81073
G0 F13050 X226.286 Y238.76
G1 F6525 X201.236 Y213.71 E637.42932
G0 F13050 X201.236 Y213.116
G1 F6525 X226.88 Y238.76 E638.06259
G0 F13050 X227.474 Y238.76
G1 F6525 X201.236 Y212.522 E638.71052
G0 F13050 X201.236 Y211.928
G1 F6525 X228.068 Y238.76 E639.37312
G0 F13050 X228.662 Y238.76
G1 F6525 X201.236 Y211.334 E640.05039
G0 F13050 X201.236 Y210.74
G1 F6525 X228.76 Y238.264 E640.73008
G0 F13050 X228.76 Y237.67
G1 F6525 X201.236 Y210.146 E641.40976
G0 F13050 X201.236 Y209.552
G1 F6525 X228.76 Y237.076 E642.08945
G0 F13050 X228.76 Y236.482
G1 F6525 X201.236 Y208.958 E642.76914
G0 F13050 X201.236 Y208.364
G1 F6525 X228.76 Y235.888 E643.44883
G0 F13050 X228.76 Y235.294
G1 F6525 X201.236 Y207.77 E644.12852
G0 F13050 X201.236 Y207.176
G1 F6525 X228.76 Y234.7 E644.80821
G0 F13050 X228.76 Y234.106
G1 F6525 X201.236 Y206.582 E645.48789
G0 F13050 X201.236 Y205.988
G1 F6525 X228.76 Y233.512 E646.16758
G0 F13050 X228.76 Y232.918
G1 F6525 X201.236 Y205.394 E646.84727
G0 F13050 X201.236 Y204.8
G1 F6525 X228.76 Y232.324 E647.52696
G0 F13050 X228.76 Y231.73
G1 F6525 X201.236 Y204.206 E648.20665
G0 F13050 X201.236 Y203.612
G1 F6525 X228.76 Y231.136 E648.88634
G0 F13050 X228.76 Y230.542
G1 F6525 X201.236 Y203.018 E649.56602
G0 F13050 X201.236 Y202.424
G1 F6525 X228.76 Y229.948 E650.24571
G0 F13050 X228.76 Y229.354
G1 F6525 X201.236 Y201.83 E650.9254
G0 F13050 X201.236 Y201.236
G1 F6525 X228.76 Y228.76 E651.60509
G0 F13050 X228.76 Y228.166
G1 F6525 X201.236 Y200.642 E652.28478
G0 F13050 X201.236 Y200.048
G1 F6525 X228.76 Y227.572 E652.96447
G0 F13050 X228.76 Y226.978
G1 F6525 X201.236 Y199.454 E653.64415
G0 F13050 X201.236 Y198.86
G1 F6525 X228.76 Y226.384 E654.32384
G0 F13050 X228.76 Y225.791
G1 F6525 X201.236 Y198.266 E655.00354
G0 F13050 X201.236 Y197.672
G1 F6525 X228.76 Y225.197 E655.68324
G0 F13050 X228.76 Y224.603
G1 F6525 X201.236 Y197.078 E656.36295
G0 F13050 X201.236 Y196.484
G1 F6525 X228.76 Y224.009 E657.04265
G0 F13050 X228.76 Y223.415
G1 F6525 X201.236 Y195.89 E657.72235
G0 F13050 X201.236 Y195.297
G1 F6525 X228.76 Y222.821 E658.40204
G0 F13050 X228.76 Y222.227
G1 F6525 X201.236 Y194.703 E659.08172
G0 F13050 X201.236 Y194.109
G1 F6525 X228.76 Y221.633 E659.76141
G0 F13050 X228.76 Y221.039
G1 F6525 X201.236 Y193.515 E660.4411
G0 F13050 X201.236 Y192.921
G1 F6525 X228.76 Y220.445 E661.12079
G0 F13050 X228.76 Y219.851
G1 F6525 X201.236 Y192.327 E661.80048
G0 F13050 X201.236 Y191.733
G1 F6525 X228.76 Y219.257 E662.48017
G0 F13050 X228.76 Y218.663
G1 F6525 X201.334 Y191.236 E663.15745
G0 F13050 X201.928 Y191.236
G1 F6525 X228.76 Y218.069 E663.82006
G0 F13050 X228.76 Y217.475
G1 F6525 X202.522 Y191.236 E664.468
G0 F13050 X203.116 Y191.236
G1 F6525 X228.76 Y216.881 E665.10128
G0 F13050 X228.76 Y216.287
G1 F6525 X203.71 Y191.236 E665.71988
G0 F13050 X204.304 Y191.236
G1 F6525 X228.76 Y215.693 E666.32382
G0 F13050 X228.76 Y215.099
G1 F6525 X204.898 Y191.236 E666.91309
G0 F13050 X205.492 Y191.236
G1 F6525 X228.76 Y214.505 E667.48769
G0 F13050 X228.76 Y213.911
G1 F6525 X206.086 Y191.236 E668.04763
G0 F13050 X206.68 Y191.236
G1 F6525 X228.76 Y213.317 E668.59289
G0 F13050 X228.76 Y212.723
G1 F6525 X207.274 Y191.236 E669.12349
G0 F13050 X207.867 Y191.236
G1 F6525 X228.76 Y212.129 E669.63943
G0 F13050 X228.76 Y211.535
G1 F6525 X208.461 Y191.236 E670.1407
G0 F13050 X209.055 Y191.236
G1 F6525 X228.76 Y210.941 E670.6273
G0 F13050 X228.76 Y210.347
G1 F6525 X209.649 Y191.236 E671.09924
G0 F13050 X210.243 Y191.236
G1 F6525 X228.76 Y209.753 E671.5565
G0 F13050 X228.76 Y209.159
G1 F6525 X210.837 Y191.236 E671.9991
G0 F13050 X211.431 Y191.236
G1 F6525 X228.76 Y208.565 E672.42703
G0 F13050 X228.76 Y207.971
G1 F6525 X212.025 Y191.236 E672.84029
G0 F13050 X212.619 Y191.236
G1 F6525 X228.76 Y207.377 E673.23888
G0 F13050 X228.76 Y206.783
G1 F6525 X213.213 Y191.236 E673.62281
G0 F13050 X213.807 Y191.236
G1 F6525 X228.76 Y206.19 E673.99207
G0 F13050 X228.76 Y205.596
G1 F6525 X214.401 Y191.236 E674.34667
G0 F13050 X214.995 Y191.236
G1 F6525 X228.76 Y205.002 E674.6866
G0 F13050 X228.76 Y204.408
G1 F6525 X215.589 Y191.236 E675.01186
G0 F13050 X216.183 Y191.236
G1 F6525 X228.76 Y203.814 E675.32246
G0 F13050 X228.76 Y203.22
G1 F6525 X216.777 Y191.236 E675.61838
G0 F13050 X217.371 Y191.236
G1 F6525 X228.76 Y202.626 E675.89964
G0 F13050 X228.76 Y202.032
G1 F6525 X217.965 Y191.236 E676.16623
G0 F13050 X218.559 Y191.236
G1 F6525 X228.76 Y201.438 E676.41815
G0 F13050 X228.76 Y200.844
G1 F6525 X219.153 Y191.236 E676.6554
G0 F13050 X219.747 Y191.236
G1 F6525 X228.76 Y200.25 E676.87798
G0 F13050 X228.76 Y199.656
G1 F6525 X220.341 Y191.236 E677.0859
G0 F13050 X220.935 Y191.236
G1 F6525 X228.76 Y199.062 E677.27914
G0 F13050 X228.76 Y198.468
G1 F6525 X221.529 Y191.236 E677.45772
G0 F13050 X222.123 Y191.236
G1 F6525 X228.76 Y197.874 E677.62163
G0 F13050 X228.76 Y197.28
G1 F6525 X222.717 Y191.236 E677.77087
G0 F13050 X223.311 Y191.236
G1 F6525 X228.76 Y196.686 E677.90544
G0 F13050 X228.76 Y196.092
G1 F6525 X223.905 Y191.236 E678.02535
G0 F13050 X224.499 Y191.236
G1 F6525 X228.76 Y195.498 E678.13058
G0 F13050 X228.76 Y194.904
G1 F6525 X225.093 Y191.236 E678.22115
G0 F13050 X225.687 Y191.236
G1 F6525 X228.76 Y194.31 E678.29705
G0 F13050 X228.76 Y193.716
G1 F6525 X226.281 Y191.236 E678.35828
G0 F13050 X226.875 Y191.236
G1 F6525 X228.76 Y193.122 E678.40484
G0 F13050 X228.76 Y192.528
G1 F6525 X227.468 Y191.236 E678.43674
G0 F13050 X228.062 Y191.236
G1 F6525 X228.76 Y191.934 E678.45398
G0 F13050 X228.76 Y191.34
G1 F6525 X228.656 Y191.236 E678.45655
G0 F13050 X228.656 Y191.24
G1 F2400 E672.45655
;MESH:NONMESH
G0 F600 X228.656 Y191.24 Z1
G0 F13050 X200.92 Y215
G0 X200.63 Y215
;TIME_ELAPSED:439.196438
;LAYER:7
M204 S1156
;TYPE:WALL-INNER
;MESH:table_soft_spacer_30x30-Body.stl
G1 F2400 E678.45655
G1 F10293.8 X200.63 Y239.37 E678.88209
G1 X229.37 Y239.37 E679.38393
G1 X229.37 Y190.63 E680.23501
G1 X200.63 Y190.63 E680.73685
G1 X200.63 Y215 E681.16239
M204 S2250
G0 F14025 X200.21 Y215
M204 S1156
;TYPE:WALL-OUTER
G1 F7012.5 X200.21 Y239.79 E681.59526
G1 X229.79 Y239.79 E682.11178
G1 X229.79 Y190.21 E682.97752
G1 X200.21 Y190.21 E683.49404
G1 X200.21 Y215 E683.92691
M204 S2250
G0 F14025 X200.21 Y215.2
G0 X201.026 Y215
;TYPE:SKIN
G1 F7012.5 X201.026 Y191.026 E684.34553
G1 X228.97 Y191.026 E684.83348
G1 X228.97 Y238.97 E685.67066
G1 X201.026 Y238.97 E686.1586
G1 X201.026 Y215 E686.57716
G1 F2400 E680.57716
G0 F14025 X201.236 Y191.378
G1 F2400 E686.57716
G1 F7012.5 X201.378 Y191.236 E686.58066
G0 F14025 X201.972 Y191.236
G1 F7012.5 X201.236 Y191.972 E686.59884
G0 F14025 X201.236 Y192.566
G1 F7012.5 X202.566 Y191.236 E686.63168
G0 F14025 X203.16 Y191.236
G1 F7012.5 X201.236 Y193.16 E686.67919
G0 F14025 X201.236 Y193.754
G1 F7012.5 X203.754 Y191.236 E686.74137
G0 F14025 X204.347 Y191.236
G1 F7012.5 X201.236 Y194.348 E686.81821
G0 F14025 X201.236 Y194.942
G1 F7012.5 X204.941 Y191.236 E686.90971
G0 F14025 X205.535 Y191.236
G1 F7012.5 X201.236 Y195.536 E687.01589
G0 F14025 X201.236 Y196.13
G1 F7012.5 X206.129 Y191.236 E687.13673
G0 F14025 X206.723 Y191.236
G1 F7012.5 X201.236 Y196.723 E687.27223
G0 F14025 X201.236 Y197.317
G1 F7012.5 X207.317 Y191.236 E687.4224
G0 F14025 X207.911 Y191.236
G1 F7012.5 X201.236 Y197.911 E687.58723
G0 F14025 X201.236 Y198.505
G1 F7012.5 X208.505 Y191.236 E687.76673
G0 F14025 X209.099 Y191.236
G1 F7012.5 X201.236 Y199.099 E687.96091
G0 F14025 X201.236 Y199.693
G1 F7012.5 X209.693 Y191.236 E688.16975
G0 F14025 X210.287 Y191.236
G1 F7012.5 X201.236 Y200.287 E688.39326
G0 F14025 X201.236 Y200.881
G1 F7012.5 X210.881 Y191.236 E688.63143
G0 F14025 X211.475 Y191.236
G1 F7012.5 X201.236 Y201.475 E688.88428
G0 F14025 X201.236 Y202.069
G1 F7012.5 X212.069 Y191.236 E689.15179
G0 F14025 X212.663 Y191.236
G1 F7012.5 X201.236 Y202.663 E689.43398
G0 F14025 X201.236 Y203.257
G1 F7012.5 X213.257 Y191.236 E689.73083
G0 F14025 X213.851 Y191.236
G1 F7012.5 X201.236 Y203.851 E690.04235
G0 F14025 X201.236 Y204.445
G1 F7012.5 X214.445 Y191.236 E690.36853
G0 F14025 X215.039 Y191.236
G1 F7012.5 X201.236 Y205.039 E690.70939
G0 F14025 X201.236 Y205.633
G1 F7012.5 X215.633 Y191.236 E691.06492
G0 F14025 X216.227 Y191.236
G1 F7012.5 X201.236 Y206.227 E691.43511
G0 F14025 X201.236 Y206.821
G1 F7012.5 X216.821 Y191.236 E691.81997
G0 F14025 X217.415 Y191.236
G1 F7012.5 X201.236 Y207.415 E692.2195
G0 F14025 X201.236 Y208.009
G1 F7012.5 X218.009 Y191.236 E692.6337
G0 F14025 X218.603 Y191.236
G1 F7012.5 X201.236 Y208.603 E693.06257
G0 F14025 X201.236 Y209.197
G1 F7012.5 X219.197 Y191.236 E693.50611
G0 F14025 X219.791 Y191.236
G1 F7012.5 X201.236 Y209.791 E693.96431
G0 F14025 X201.236 Y210.385
G1 F7012.5 X220.385 Y191.236 E694.43718
G0 F14025 X220.979 Y191.236
G1 F7012.5 X201.236 Y210.979 E694.92472
G0 F14025 X201.236 Y211.573
G1 F7012.5 X221.573 Y191.236 E695.42693
G0 F14025 X222.167 Y191.236
G1 F7012.5 X201.236 Y212.167 E695.94381
G0 F14025 X201.236 Y212.761
G1 F7012.5 X222.761 Y191.236 E696.47536
G0 F14025 X223.355 Y191.236
G1 F7012.5 X201.236 Y213.355 E697.02157
G0 F14025 X201.236 Y213.949
G1 F7012.5 X223.948 Y191.236 E697.58245
G0 F14025 X224.542 Y191.236
G1 F7012.5 X201.236 Y214.543 E698.15799
G0 F14025 X201.236 Y215.137
G1 F7012.5 X225.136 Y191.236 E698.74819
G0 F14025 X225.73 Y191.236
G1 F7012.5 X201.236 Y215.731 E699.35307
G0 F14025 X201.236 Y216.324
G1 F7012.5 X226.324 Y191.236 E699.9726
G0 F14025 X226.918 Y191.236
G1 F7012.5 X201.236 Y216.918 E700.6068
G0 F14025 X201.236 Y217.512
G1 F7012.5 X227.512 Y191.236 E701.25567
G0 F14025 X228.106 Y191.236
G1 F7012.5 X201.236 Y218.106 E701.91921
G0 F14025 X201.236 Y218.7
G1 F7012.5 X228.7 Y191.236 E702.59742
G0 F14025 X228.76 Y191.771
G1 F7012.5 X201.236 Y219.294 E703.2771
G0 F14025 X201.236 Y219.888
G1 F7012.5 X228.76 Y192.365 E703.95677
G0 F14025 X228.76 Y192.959
G1 F7012.5 X201.236 Y220.482 E704.63645
G0 F14025 X201.236 Y221.076
G1 F7012.5 X228.76 Y193.553 E705.31612
G0 F14025 X228.76 Y194.147
G1 F7012.5 X201.236 Y221.67 E705.9958
G0 F14025 X201.236 Y222.264
G1 F7012.5 X228.76 Y194.741 E706.67548
G0 F14025 X228.76 Y195.335
G1 F7012.5 X201.236 Y222.858 E707.35515
G0 F14025 X201.236 Y223.452
G1 F7012.5 X228.76 Y195.929 E708.03483
G0 F14025 X228.76 Y196.523
G1 F7012.5 X201.236 Y224.046 E708.7145
G0 F14025 X201.236 Y224.64
G1 F7012.5 X228.76 Y197.117 E709.39418
G0 F14025 X228.76 Y197.711
G1 F7012.5 X201.236 Y225.234 E710.07386
G0 F14025 X201.236 Y225.828
G1 F7012.5 X228.76 Y198.305 E710.75353
G0 F14025 X228.76 Y198.899
G1 F7012.5 X201.236 Y226.422 E711.43321
G0 F14025 X201.236 Y227.016
G1 F7012.5 X228.76 Y199.493 E712.11288
G0 F14025 X228.76 Y200.086
G1 F7012.5 X201.236 Y227.61 E712.79257
G0 F14025 X201.236 Y228.204
G1 F7012.5 X228.76 Y200.68 E713.47226
G0 F14025 X228.76 Y201.274
G1 F7012.5 X201.236 Y228.798 E714.15195
G0 F14025 X201.236 Y229.392
G1 F7012.5 X228.76 Y201.868 E714.83164
G0 F14025 X228.76 Y202.462
G1 F7012.5 X201.236 Y229.986 E715.51133
G0 F14025 X201.236 Y230.58
G1 F7012.5 X228.76 Y203.056 E716.19101
G0 F14025 X228.76 Y203.65
G1 F7012.5 X201.236 Y231.174 E716.8707
G0 F14025 X201.236 Y231.768
G1 F7012.5 X228.76 Y204.244 E717.55039
G0 F14025 X228.76 Y204.838
G1 F7012.5 X201.236 Y232.362 E718.23008
G0 F14025 X201.236 Y232.956
G1 F7012.5 X228.76 Y205.432 E718.90977
G0 F14025 X228.76 Y206.026
G1 F7012.5 X201.236 Y233.55 E719.58946
G0 F14025 X201.236 Y234.144
G1 F7012.5 X228.76 Y206.62 E720.26914
G0 F14025 X228.76 Y207.214
G1 F7012.5 X201.236 Y234.738 E720.94883
G0 F14025 X201.236 Y235.332
G1 F7012.5 X228.76 Y207.808 E721.62852
G0 F14025 X228.76 Y208.402
G1 F7012.5 X201.236 Y235.925 E722.3082
G0 F14025 X201.236 Y236.519
G1 F7012.5 X228.76 Y208.996 E722.98787
G0 F14025 X228.76 Y209.59
G1 F7012.5 X201.236 Y237.113 E723.66755
G0 F14025 X201.236 Y237.707
G1 F7012.5 X228.76 Y210.184 E724.34723
G0 F14025 X228.76 Y210.778
G1 F7012.5 X201.236 Y238.301 E725.0269
G0 F14025 X201.371 Y238.76
G1 F7012.5 X228.76 Y211.372 E725.70324
G0 F14025 X228.76 Y211.966
G1 F7012.5 X201.965 Y238.76 E726.36492
G0 F14025 X202.559 Y238.76
G1 F7012.5 X228.76 Y212.56 E727.01192
G0 F14025 X228.76 Y213.154
G1 F7012.5 X203.153 Y238.76 E727.64426
G0 F14025 X203.747 Y238.76
G1 F7012.5 X228.76 Y213.748 E728.26193
G0 F14025 X228.76 Y214.342
G1 F7012.5 X204.341 Y238.76 E728.86493
G0 F14025 X204.935 Y238.76
G1 F7012.5 X228.76 Y214.936 E729.45326
G0 F14025 X228.76 Y215.53
G1 F7012.5 X205.529 Y238.76 E730.02692
G0 F14025 X206.123 Y238.76
G1 F7012.5 X228.76 Y216.124 E730.58592
G0 F14025 X228.76 Y216.718
G1 F7012.5 X206.717 Y238.76 E731.13024
G0 F14025 X207.311 Y238.76
G1 F7012.5 X228.76 Y217.312 E731.6599
G0 F14025 X228.76 Y217.906
G1 F7012.5 X207.905 Y238.76 E732.17489
G0 F14025 X208.499 Y238.76
G1 F7012.5 X228.76 Y218.5 E732.67521
G0 F14025 X228.76 Y219.094
G1 F7012.5 X209.093 Y238.76 E733.16086
G0 F14025 X209.687 Y238.76
G1 F7012.5 X228.76 Y219.687 E733.63186
G0 F14025 X228.76 Y220.281
G1 F7012.5 X210.281 Y238.76 E734.08819
G0 F14025 X210.875 Y238.76
G1 F7012.5 X228.76 Y220.875 E734.52985
G0 F14025 X228.76 Y221.469
G1 F7012.5 X211.469 Y238.76 E734.95684
G0 F14025 X212.063 Y238.76
G1 F7012.5 X228.76 Y222.063 E735.36916
G0 F14025 X228.76 Y222.657
G1 F7012.5 X212.657 Y238.76 E735.76681
G0 F14025 X213.251 Y238.76
G1 F7012.5 X228.76 Y223.251 E736.1498
G0 F14025 X228.76 Y223.845
G1 F7012.5 X213.845 Y238.76 E736.51812
G0 F14025 X214.439 Y238.76
G1 F7012.5 X228.76 Y224.439 E736.87176
G0 F14025 X228.76 Y225.033
G1 F7012.5 X215.033 Y238.76 E737.21074
G0 F14025 X215.627 Y238.76
G1 F7012.5 X228.76 Y225.627 E737.53505
G0 F14025 X228.76 Y226.221
G1 F7012.5 X216.221 Y238.76 E737.8447
G0 F14025 X216.814 Y238.76
G1 F7012.5 X228.76 Y226.815 E738.13968
G0 F14025 X228.76 Y227.409
G1 F7012.5 X217.408 Y238.76 E738.42
G0 F14025 X218.002 Y238.76
G1 F7012.5 X228.76 Y228.003 E738.68565
G0 F14025 X228.76 Y228.597
G1 F7012.5 X218.596 Y238.76 E738.93663
G0 F14025 X219.19 Y238.76
G1 F7012.5 X228.76 Y229.191 E739.17295
G0 F14025 X228.76 Y229.785
G1 F7012.5 X219.784 Y238.76 E739.39459
G0 F14025 X220.378 Y238.76
G1 F7012.5 X228.76 Y230.379 E739.60157
G0 F14025 X228.76 Y230.973
G1 F7012.5 X220.972 Y238.76 E739.79388
G0 F14025 X221.566 Y238.76
G1 F7012.5 X228.76 Y231.567 E739.97151
G0 F14025 X228.76 Y232.161
G1 F7012.5 X222.16 Y238.76 E740.13449
G0 F14025 X222.754 Y238.76
G1 F7012.5 X228.76 Y232.755 E740.28279
G0 F14025 X228.76 Y233.349
G1 F7012.5 X223.348 Y238.76 E740.41642
G0 F14025 X223.942 Y238.76
G1 F7012.5 X228.76 Y233.943 E740.53539
G0 F14025 X228.76 Y234.537
G1 F7012.5 X224.536 Y238.76 E740.63968
G0 F14025 X225.13 Y238.76
G1 F7012.5 X228.76 Y235.131 E740.72931
G0 F14025 X228.76 Y235.725
G1 F7012.5 X225.724 Y238.76 E740.80427
G0 F14025 X226.318 Y238.76
G1 F7012.5 X228.76 Y236.319 E740.86456
G0 F14025 X228.76 Y236.913
G1 F7012.5 X226.912 Y238.76 E740.91019
G0 F14025 X227.506 Y238.76
G1 F7012.5 X228.76 Y237.507 E740.94114
G0 F14025 X228.76 Y238.101
G1 F7012.5 X228.1 Y238.76 E740.95743
G0 F14025 X228.694 Y238.76
G1 F7012.5 X228.76 Y238.695 E740.95904
G1 F2400 E734.95904
;MESH:NONMESH
G0 F600 X228.76 Y238.695 Z1.1
G0 F14025 X208.801 Y191.075
;TIME_ELAPSED:481.318489
;LAYER:8
;note -- min layer time used
M204 S2500
;TYPE:FILL
;MESH:table_soft_spacer_30x30-Body.stl
G1 F2400 E740.95904
G1 F12343.8 X228.128 Y210.402 E741.49313
G1 X228.925 Y210.402 E741.5087
G1 X228.925 Y210.734 E741.51519
G1 X228.127 Y210.734 E741.53078
G1 X201.885 Y237 E742.25629
G1 X201.075 Y236.995 E742.27212
G1 X201.075 Y237.329 E742.27865
G1 X201.883 Y237.334 E742.29444
G1 X203.474 Y238.925 E742.3384
G1 X208.799 Y238.925 E742.44245
G1 X228.127 Y219.597 E742.97657
G1 X228.925 Y219.597 E742.99216
G1 X228.925 Y219.265 E742.99865
G1 X228.128 Y219.265 E743.01422
G1 X201.885 Y192.999 E743.73974
G1 X201.075 Y193.004 E743.75557
G1 X201.075 Y192.67 E743.7621
G1 X201.882 Y192.665 E743.77787
G1 X203.472 Y191.075 E743.82181
G1 X212.335 Y191.075 E743.99499
G1 X201.882 Y201.528 E744.28385
G1 X201.075 Y201.533 E744.29962
G1 X201.075 Y201.867 E744.30615
G1 X201.885 Y201.862 E744.32198
G1 X228.127 Y228.127 E745.04747
G1 X228.925 Y228.127 E745.06306
G1 X228.925 Y228.459 E745.06955
G1 X228.128 Y228.459 E745.08512
G1 X217.662 Y238.925 E745.37434
G1 X212.336 Y238.925 E745.47842
G1 X201.882 Y228.471 E745.7673
G1 X201.075 Y228.466 E745.78307
G1 X201.075 Y228.132 E745.7896
G1 X201.885 Y228.137 E745.80543
G1 X228.128 Y201.871 E746.53095
G1 X228.925 Y201.871 E746.54652
G1 X228.925 Y201.539 E746.55301
G1 X228.128 Y201.539 E746.56858
G1 X217.664 Y191.075 E746.85775
G1 X221.198 Y191.075 E746.9268
G1 X201.882 Y210.391 E747.46059
G1 X201.075 Y210.396 E747.47636
G1 X201.075 Y210.73 E747.48288
G1 X201.885 Y210.725 E747.49871
G1 X228.128 Y236.991 E748.22423
G1 X228.925 Y236.991 E748.23981
G1 X228.925 Y237.323 E748.24629
G1 X228.127 Y237.323 E748.26189
G1 X226.525 Y238.925 E748.30616
G1 X221.199 Y238.925 E748.41023
G1 X201.882 Y219.608 E748.94404
G1 X201.075 Y219.603 E748.95981
G1 X201.075 Y219.269 E748.96633
G1 X201.885 Y219.274 E748.98216
G1 X228.128 Y193.008 E749.70768
G1 X228.925 Y193.008 E749.72326
G1 X228.925 Y192.676 E749.72975
G1 X228.127 Y192.676 E749.74534
G1 X226.527 Y191.075 E749.78957
G1 X228.925 Y191.075 E749.83642
G1 X229.03 Y191.075
G1 F2400 E743.83642
G0 F15000 X200.92 Y215
G0 X200.63 Y215
M204 S1250
;TYPE:WALL-INNER
G1 F2400 E749.83642
G1 F9921.9 X200.63 Y239.37 E750.26196
G1 X229.37 Y239.37 E750.76381
G1 X229.37 Y190.63 E751.61489
G1 X200.63 Y190.63 E752.11673
G1 X200.63 Y215 E752.54227
M204 S2500
G0 F15000 X200.21 Y215
M204 S1250
;TYPE:WALL-OUTER
G1 F7500 X200.21 Y239.79 E752.97514
G1 X229.79 Y239.79 E753.49166
G1 X229.79 Y190.21 E754.3574
G1 X200.21 Y190.21 E754.87391
G1 X200.21 Y215 E755.30679
M204 S2500
G0 F15000 X200.21 Y215.2
G0 X201.24 Y215.2
G1 F2400 E749.30679
;MESH:NONMESH
G0 F600 X201.24 Y215.2 Z1.2
G0 F15000 X208.801 Y191.075
;TIME_ELAPSED:490.426488
;LAYER:9
;note -- min layer time used
;TYPE:FILL
;MESH:table_soft_spacer_30x30-Body.stl
G1 F2400 E755.30679
G1 F11930.9 X228.128 Y210.402 E755.84087
G1 X228.925 Y210.402 E755.85645
G1 X228.925 Y210.734 E755.86293
G1 X228.127 Y210.734 E755.87853
G1 X201.885 Y237 E756.60403
G1 X201.075 Y236.995 E756.61986
G1 X201.075 Y237.329 E756.62639
G1 X201.883 Y237.334 E756.64218
G1 X203.474 Y238.925 E756.68614
G1 X208.799 Y238.925 E756.7902
G1 X228.127 Y219.597 E757.32431
G1 X228.925 Y219.597 E757.3399
G1 X228.925 Y219.265 E757.34639
G1 X228.128 Y219.265 E757.36196
G1 X201.885 Y192.999 E758.08749
G1 X201.075 Y193.004 E758.10331
G1 X201.075 Y192.67 E758.10984
G1 X201.882 Y192.665 E758.12561
G1 X203.472 Y191.075 E758.16955
G1 X212.335 Y191.075 E758.34273
G1 X201.882 Y201.528 E758.63159
G1 X201.075 Y201.533 E758.64736
G1 X201.075 Y201.867 E758.65389
G1 X201.885 Y201.862 E758.66972
G1 X228.127 Y228.127 E759.39521
G1 X228.925 Y228.127 E759.41081
G1 X228.925 Y228.459 E759.41729
G1 X228.128 Y228.459 E759.43287
G1 X217.662 Y238.925 E759.72209
G1 X212.336 Y238.925 E759.82616
G1 X201.882 Y228.471 E760.11505
G1 X201.075 Y228.466 E760.13082
G1 X201.075 Y228.132 E760.13734
G1 X201.885 Y228.137 E760.15317
G1 X228.128 Y201.871 E760.87869
G1 X228.925 Y201.871 E760.89427
G1 X228.925 Y201.539 E760.90075
G1 X228.128 Y201.539 E760.91633
G1 X217.664 Y191.075 E761.20549
G1 X221.198 Y191.075 E761.27455
G1 X201.882 Y210.391 E761.80833
G1 X201.075 Y210.396 E761.8241
G1 X201.075 Y210.73 E761.83062
G1 X201.885 Y210.725 E761.84645
G1 X228.128 Y236.991 E762.57197
G1 X228.925 Y236.991 E762.58755
G1 X228.925 Y237.323 E762.59404
G1 X228.127 Y237.323 E762.60963
G1 X226.525 Y238.925 E762.6539
G1 X221.199 Y238.925 E762.75797
G1 X201.882 Y219.608 E763.29178
G1 X201.075 Y219.603 E763.30755
G1 X201.075 Y219.269 E763.31408
G1 X201.885 Y219.274 E763.3299
G1 X228.128 Y193.008 E764.05543
G1 X228.925 Y193.008 E764.071
G1 X228.925 Y192.676 E764.07749
G1 X228.127 Y192.676 E764.09308
G1 X226.527 Y191.075 E764.13731
G1 X228.925 Y191.075 E764.18417
G1 X229.03 Y191.075
G1 F2400 E758.18417
G0 F15000 X200.92 Y215
G0 X200.63 Y215
M204 S1250
;TYPE:WALL-INNER
G1 F2400 E764.18417
G1 F9715.5 X200.63 Y239.37 E764.60971
G1 X229.37 Y239.37 E765.11155
G1 X229.37 Y190.63 E765.96263
G1 X200.63 Y190.63 E766.46447
G1 X200.63 Y215 E766.89001
M204 S2500
G0 F15000 X200.21 Y215
M204 S1250
;TYPE:WALL-OUTER
G1 F7500 X200.21 Y239.79 E767.32288
G1 X229.79 Y239.79 E767.8394
G1 X229.79 Y190.21 E768.70514
G1 X200.21 Y190.21 E769.22166
G1 X200.21 Y215 E769.65453
M204 S2500
G0 F15000 X200.21 Y215.2
G0 X201.24 Y215.2
G1 F2400 E763.65453
;MESH:NONMESH
G0 F600 X201.24 Y215.2 Z1.3
G0 F15000 X208.801 Y191.075
;TIME_ELAPSED:499.568966
;LAYER:10
;note -- min layer time used
;TYPE:FILL
;MESH:table_soft_spacer_30x30-Body.stl
G1 F2400 E769.65453
G1 F11930.9 X228.128 Y210.402 E770.18861
G1 X228.925 Y210.402 E770.20419
G1 X228.925 Y210.734 E770.21067
G1 X228.127 Y210.734 E770.22627
G1 X201.885 Y237 E770.95178
G1 X201.075 Y236.995 E770.9676
G1 X201.075 Y237.329 E770.97413
G1 X201.883 Y237.334 E770.98992
G1 X203.474 Y238.925 E771.03389
G1 X208.799 Y238.925 E771.13794
G1 X228.127 Y219.597 E771.67205
G1 X228.925 Y219.597 E771.68764
G1 X228.925 Y219.265 E771.69413
G1 X228.128 Y219.265 E771.70971
G1 X201.885 Y192.999 E772.43523
G1 X201.075 Y193.004 E772.45106
G1 X201.075 Y192.67 E772.45758
G1 X201.882 Y192.665 E772.47335
G1 X203.472 Y191.075 E772.51729
G1 X212.335 Y191.075 E772.69048
G1 X201.882 Y201.528 E772.97934
G1 X201.075 Y201.533 E772.99511
G1 X201.075 Y201.867 E773.00163
G1 X201.885 Y201.862 E773.01746
G1 X228.127 Y228.127 E773.74295
G1 X228.925 Y228.127 E773.75855
G1 X228.925 Y228.459 E773.76504
G1 X228.128 Y228.459 E773.78061
G1 X217.662 Y238.925 E774.06983
G1 X212.336 Y238.925 E774.1739
G1 X201.882 Y228.471 E774.46279
G1 X201.075 Y228.466 E774.47856
G1 X201.075 Y228.132 E774.48508
G1 X201.885 Y228.137 E774.50091
G1 X228.128 Y201.871 E775.22643
G1 X228.925 Y201.871 E775.24201
G1 X228.925 Y201.539 E775.2485
G1 X228.128 Y201.539 E775.26407
G1 X217.664 Y191.075 E775.55323
G1 X221.198 Y191.075 E775.62229
G1 X201.882 Y210.391 E776.15607
G1 X201.075 Y210.396 E776.17184
G1 X201.075 Y210.73 E776.17837
G1 X201.885 Y210.725 E776.19419
G1 X228.128 Y236.991 E776.91972
G1 X228.925 Y236.991 E776.93529
G1 X228.925 Y237.323 E776.94178
G1 X228.127 Y237.323 E776.95737
G1 X226.525 Y238.925 E777.00164
G1 X221.199 Y238.925 E777.10571
G1 X201.882 Y219.608 E777.63952
G1 X201.075 Y219.603 E777.65529
G1 X201.075 Y219.269 E777.66182
G1 X201.885 Y219.274 E777.67765
G1 X228.128 Y193.008 E778.40317
G1 X228.925 Y193.008 E778.41874
G1 X228.925 Y192.676 E778.42523
G1 X228.127 Y192.676 E778.44082
G1 X226.527 Y191.075 E778.48505
G1 X228.925 Y191.075 E778.53191
G1 X229.03 Y191.075
G1 F2400 E772.53191
G0 F15000 X200.92 Y215
G0 X200.63 Y215
M204 S1250
;TYPE:WALL-INNER
G1 F2400 E778.53191
G1 F9715.5 X200.63 Y239.37 E778.95745
G1 X229.37 Y239.37 E779.45929
G1 X229.37 Y190.63 E780.31037
G1 X200.63 Y190.63 E780.81222
G1 X200.63 Y215 E781.23775
M204 S2500
G0 F15000 X200.21 Y215
M204 S1250
;TYPE:WALL-OUTER
G1 F7500 X200.21 Y239.79 E781.67063
G1 X229.79 Y239.79 E782.18714
G1 X229.79 Y190.21 E783.05288
G1 X200.21 Y190.21 E783.5694
G1 X200.21 Y215 E784.00227
M204 S2500
G0 F15000 X200.21 Y215.2
G0 X201.24 Y215.2
G1 F2400 E778.00227
;MESH:NONMESH
G0 F600 X201.24 Y215.2 Z1.4
G0 F15000 X208.801 Y191.075
;TIME_ELAPSED:508.711444
;LAYER:11
;note -- min layer time used
;TYPE:FILL
;MESH:table_soft_spacer_30x30-Body.stl
G1 F2400 E784.00227
G1 F11930.9 X228.128 Y210.402 E784.53636
G1 X228.925 Y210.402 E784.55193
G1 X228.925 Y210.734 E784.55842
G1 X228.127 Y210.734 E784.57401
G1 X201.885 Y237 E785.29952
G1 X201.075 Y236.995 E785.31535
G1 X201.075 Y237.329 E785.32187
G1 X201.883 Y237.334 E785.33766
G1 X203.474 Y238.925 E785.38163
G1 X208.799 Y238.925 E785.48568
G1 X228.127 Y219.597 E786.01979
G1 X228.925 Y219.597 E786.03539
G1 X228.925 Y219.265 E786.04187
G1 X228.128 Y219.265 E786.05745
G1 X201.885 Y192.999 E786.78297
G1 X201.075 Y193.004 E786.7988
G1 X201.075 Y192.67 E786.80532
G1 X201.882 Y192.665 E786.82109
G1 X203.472 Y191.075 E786.86503
G1 X212.335 Y191.075 E787.03822
G1 X201.882 Y201.528 E787.32708
G1 X201.075 Y201.533 E787.34285
G1 X201.075 Y201.867 E787.34937
G1 X201.885 Y201.862 E787.3652
G1 X228.127 Y228.127 E788.0907
G1 X228.925 Y228.127 E788.10629
G1 X228.925 Y228.459 E788.11278
G1 X228.128 Y228.459 E788.12835
G1 X217.662 Y238.925 E788.41757
G1 X212.336 Y238.925 E788.52164
G1 X201.882 Y228.471 E788.81053
G1 X201.075 Y228.466 E788.8263
G1 X201.075 Y228.132 E788.83283
G1 X201.885 Y228.137 E788.84865
G1 X228.128 Y201.871 E789.57418
G1 X228.925 Y201.871 E789.58975
G1 X228.925 Y201.539 E789.59624
G1 X228.128 Y201.539 E789.61181
G1 X217.664 Y191.075 E789.90098
G1 X221.198 Y191.075 E789.97003
G1 X201.882 Y210.391 E790.50381
G1 X201.075 Y210.396 E790.51958
G1 X201.075 Y210.73 E790.52611
G1 X201.885 Y210.725 E790.54194
G1 X228.128 Y236.991 E791.26746
G1 X228.925 Y236.991 E791.28303
G1 X228.925 Y237.323 E791.28952
G1 X228.127 Y237.323 E791.30511
G1 X226.525 Y238.925 E791.34938
G1 X221.199 Y238.925 E791.45345
G1 X201.882 Y219.608 E791.98726
G1 X201.075 Y219.603 E792.00303
G1 X201.075 Y219.269 E792.00956
G1 X201.885 Y219.274 E792.02539
G1 X228.128 Y193.008 E792.75091
G1 X228.925 Y193.008 E792.76648
G1 X228.925 Y192.676 E792.77297
G1 X228.127 Y192.676 E792.78856
G1 X226.527 Y191.075 E792.83279
G1 X228.925 Y191.075 E792.87965
G1 X229.03 Y191.075
G1 F2400 E786.87965
G0 F15000 X200.92 Y215
G0 X200.63 Y215
M204 S1250
;TYPE:WALL-INNER
G1 F2400 E792.87965
G1 F9715.5 X200.63 Y239.37 E793.30519
G1 X229.37 Y239.37 E793.80704
G1 X229.37 Y190.63 E794.65811
G1 X200.63 Y190.63 E795.15996
G1 X200.63 Y215 E795.5855
M204 S2500
G0 F15000 X200.21 Y215
M204 S1250
;TYPE:WALL-OUTER
G1 F7500 X200.21 Y239.79 E796.01837
G1 X229.79 Y239.79 E796.53488
G1 X229.79 Y190.21 E797.40063
G1 X200.21 Y190.21 E797.91714
G1 X200.21 Y215 E798.35001
M204 S2500
G0 F15000 X200.21 Y215.2
G0 X201.24 Y215.2
G1 F2400 E792.35001
;MESH:NONMESH
G0 F600 X201.24 Y215.2 Z1.5
G0 F15000 X208.801 Y191.075
;TIME_ELAPSED:517.853922
;LAYER:12
;note -- min layer time used
;TYPE:FILL
;MESH:table_soft_spacer_30x30-Body.stl
G1 F2400 E798.35001
G1 F11930.9 X228.128 Y210.402 E798.8841
G1 X228.925 Y210.402 E798.89967
G1 X228.925 Y210.734 E798.90616
G1 X228.127 Y210.734 E798.92175
G1 X201.885 Y237 E799.64726
G1 X201.075 Y236.995 E799.66309
G1 X201.075 Y237.329 E799.66962
G1 X201.883 Y237.334 E799.6854
G1 X203.474 Y238.925 E799.72937
G1 X208.799 Y238.925 E799.83342
G1 X228.127 Y219.597 E800.36754
G1 X228.925 Y219.597 E800.38313
G1 X228.925 Y219.265 E800.38962
G1 X228.128 Y219.265 E800.40519
G1 X201.885 Y192.999 E801.13071
G1 X201.075 Y193.004 E801.14654
G1 X201.075 Y192.67 E801.15307
G1 X201.882 Y192.665 E801.16884
G1 X203.472 Y191.075 E801.21277
G1 X212.335 Y191.075 E801.38596
G1 X201.882 Y201.528 E801.67482
G1 X201.075 Y201.533 E801.69059
G1 X201.075 Y201.867 E801.69712
G1 X201.885 Y201.862 E801.71294
G1 X228.127 Y228.127 E802.43844
G1 X228.925 Y228.127 E802.45403
G1 X228.925 Y228.459 E802.46052
G1 X228.128 Y228.459 E802.47609
G1 X217.662 Y238.925 E802.76531
G1 X212.336 Y238.925 E802.86938
G1 X201.882 Y228.471 E803.15827
G1 X201.075 Y228.466 E803.17404
G1 X201.075 Y228.132 E803.18057
G1 X201.885 Y228.137 E803.1964
G1 X228.128 Y201.871 E803.92192
G1 X228.925 Y201.871 E803.93749
G1 X228.925 Y201.539 E803.94398
G1 X228.128 Y201.539 E803.95955
G1 X217.664 Y191.075 E804.24872
G1 X221.198 Y191.075 E804.31777
G1 X201.882 Y210.391 E804.85156
G1 X201.075 Y210.396 E804.86732
G1 X201.075 Y210.73 E804.87385
G1 X201.885 Y210.725 E804.88968
G1 X228.128 Y236.991 E805.6152
G1 X228.925 Y236.991 E805.63077
G1 X228.925 Y237.323 E805.63726
G1 X228.127 Y237.323 E805.65286
G1 X226.525 Y238.925 E805.69713
G1 X221.199 Y238.925 E805.8012
G1 X201.882 Y219.608 E806.33501
G1 X201.075 Y219.603 E806.35078
G1 X201.075 Y219.269 E806.3573
G1 X201.885 Y219.274 E806.37313
G1 X228.128 Y193.008 E807.09865
G1 X228.925 Y193.008 E807.11423
G1 X228.925 Y192.676 E807.12071
G1 X228.127 Y192.676 E807.13631
G1 X226.527 Y191.075 E807.18054
G1 X228.925 Y191.075 E807.22739
G1 X229.03 Y191.075
G1 F2400 E801.22739
G0 F15000 X200.92 Y215
G0 X200.63 Y215
M204 S1250
;TYPE:WALL-INNER
G1 F2400 E807.22739
G1 F9715.5 X200.63 Y239.37 E807.65293
G1 X229.37 Y239.37 E808.15478
G1 X229.37 Y190.63 E809.00585
G1 X200.63 Y190.63 E809.5077
G1 X200.63 Y215 E809.93324
M204 S2500
G0 F15000 X200.21 Y215
M204 S1250
;TYPE:WALL-OUTER
G1 F7500 X200.21 Y239.79 E810.36611
G1 X229.79 Y239.79 E810.88262
G1 X229.79 Y190.21 E811.74837
G1 X200.21 Y190.21 E812.26488
G1 X200.21 Y215 E812.69775
M204 S2500
G0 F15000 X200.21 Y215.2
G0 X201.24 Y215.2
G1 F2400 E806.69775
;MESH:NONMESH
G0 F600 X201.24 Y215.2 Z1.6
G0 F15000 X208.801 Y191.075
;TIME_ELAPSED:526.996399
;LAYER:13
;note -- min layer time used
;TYPE:FILL
;MESH:table_soft_spacer_30x30-Body.stl
G1 F2400 E812.69775
G1 F11930.9 X228.128 Y210.402 E813.23184
G1 X228.925 Y210.402 E813.24741
G1 X228.925 Y210.734 E813.2539
G1 X228.127 Y210.734 E813.26949
G1 X201.885 Y237 E813.995
G1 X201.075 Y236.995 E814.01083
G1 X201.075 Y237.329 E814.01736
G1 X201.883 Y237.334 E814.03315
G1 X203.474 Y238.925 E814.07711
G1 X208.799 Y238.925 E814.18116
G1 X228.127 Y219.597 E814.71528
G1 X228.925 Y219.597 E814.73087
G1 X228.925 Y219.265 E814.73736
G1 X228.128 Y219.265 E814.75293
G1 X201.885 Y192.999 E815.47845
G1 X201.075 Y193.004 E815.49428
G1 X201.075 Y192.67 E815.50081
G1 X201.882 Y192.665 E815.51658
G1 X203.472 Y191.075 E815.56052
G1 X212.335 Y191.075 E815.7337
G1 X201.882 Y201.528 E816.02256
G1 X201.075 Y201.533 E816.03833
G1 X201.075 Y201.867 E816.04486
G1 X201.885 Y201.862 E816.06069
G1 X228.127 Y228.127 E816.78618
G1 X228.925 Y228.127 E816.80177
G1 X228.925 Y228.459 E816.80826
G1 X228.128 Y228.459 E816.82384
G1 X217.662 Y238.925 E817.11306
G1 X212.336 Y238.925 E817.21713
G1 X201.882 Y228.471 E817.50601
G1 X201.075 Y228.466 E817.52178
G1 X201.075 Y228.132 E817.52831
G1 X201.885 Y228.137 E817.54414
G1 X228.128 Y201.871 E818.26966
G1 X228.925 Y201.871 E818.28523
G1 X228.925 Y201.539 E818.29172
G1 X228.128 Y201.539 E818.3073
G1 X217.664 Y191.075 E818.59646
G1 X221.198 Y191.075 E818.66552
G1 X201.882 Y210.391 E819.1993
G1 X201.075 Y210.396 E819.21507
G1 X201.075 Y210.73 E819.22159
G1 X201.885 Y210.725 E819.23742
G1 X228.128 Y236.991 E819.96294
G1 X228.925 Y236.991 E819.97852
G1 X228.925 Y237.323 E819.985
G1 X228.127 Y237.323 E820.0006
G1 X226.525 Y238.925 E820.04487
G1 X221.199 Y238.925 E820.14894
G1 X201.882 Y219.608 E820.68275
G1 X201.075 Y219.603 E820.69852
G1 X201.075 Y219.269 E820.70504
G1 X201.885 Y219.274 E820.72087
G1 X228.128 Y193.008 E821.4464
G1 X228.925 Y193.008 E821.46197
G1 X228.925 Y192.676 E821.46846
G1 X228.127 Y192.676 E821.48405
G1 X226.527 Y191.075 E821.52828
G1 X228.925 Y191.075 E821.57514
G1 X229.03 Y191.075
G1 F2400 E815.57514
G0 F15000 X200.92 Y215
G0 X200.63 Y215
M204 S1250
;TYPE:WALL-INNER
G1 F2400 E821.57514
G1 F9715.5 X200.63 Y239.37 E822.00067
G1 X229.37 Y239.37 E822.50252
G1 X229.37 Y190.63 E823.3536
G1 X200.63 Y190.63 E823.85544
G1 X200.63 Y215 E824.28098
M204 S2500
G0 F15000 X200.21 Y215
M204 S1250
;TYPE:WALL-OUTER
G1 F7500 X200.21 Y239.79 E824.71385
G1 X229.79 Y239.79 E825.23037
G1 X229.79 Y190.21 E826.09611
G1 X200.21 Y190.21 E826.61262
G1 X200.21 Y215 E827.0455
M204 S2500
G0 F15000 X200.21 Y215.2
G0 X201.24 Y215.2
G1 F2400 E821.0455
;MESH:NONMESH
G0 F600 X201.24 Y215.2 Z1.7
G0 F15000 X208.801 Y191.075
;TIME_ELAPSED:536.138877
;LAYER:14
;note -- min layer time used
;TYPE:FILL
;MESH:table_soft_spacer_30x30-Body.stl
G1 F2400 E827.0455
G1 F11930.9 X228.128 Y210.402 E827.57958
G1 X228.925 Y210.402 E827.59516
G1 X228.925 Y210.734 E827.60164
G1 X228.127 Y210.734 E827.61724
G1 X201.885 Y237 E828.34275
G1 X201.075 Y236.995 E828.35857
G1 X201.075 Y237.329 E828.3651
G1 X201.883 Y237.334 E828.38089
G1 X203.474 Y238.925 E828.42485
G1 X208.799 Y238.925 E828.52891
G1 X228.127 Y219.597 E829.06302
G1 X228.925 Y219.597 E829.07861
G1 X228.925 Y219.265 E829.0851
G1 X228.128 Y219.265 E829.10067
G1 X201.885 Y192.999 E829.8262
G1 X201.075 Y193.004 E829.84202
G1 X201.075 Y192.67 E829.84855
G1 X201.882 Y192.665 E829.86432
G1 X203.472 Y191.075 E829.90826
G1 X212.335 Y191.075 E830.08145
G1 X201.882 Y201.528 E830.37031
G1 X201.075 Y201.533 E830.38607
G1 X201.075 Y201.867 E830.3926
G1 X201.885 Y201.862 E830.40843
G1 X228.127 Y228.127 E831.13392
G1 X228.925 Y228.127 E831.14952
G1 X228.925 Y228.459 E831.156
G1 X228.128 Y228.459 E831.17158
G1 X217.662 Y238.925 E831.4608
G1 X212.336 Y238.925 E831.56487
G1 X201.882 Y228.471 E831.85376
G1 X201.075 Y228.466 E831.86953
G1 X201.075 Y228.132 E831.87605
G1 X201.885 Y228.137 E831.89188
G1 X228.128 Y201.871 E832.6174
G1 X228.925 Y201.871 E832.63298
G1 X228.925 Y201.539 E832.63946
G1 X228.128 Y201.539 E832.65504
G1 X217.664 Y191.075 E832.9442
G1 X221.198 Y191.075 E833.01326
G1 X201.882 Y210.391 E833.54704
G1 X201.075 Y210.396 E833.56281
G1 X201.075 Y210.73 E833.56934
G1 X201.885 Y210.725 E833.58516
G1 X228.128 Y236.991 E834.31069
G1 X228.925 Y236.991 E834.32626
G1 X228.925 Y237.323 E834.33275
G1 X228.127 Y237.323 E834.34834
G1 X226.525 Y238.925 E834.39261
G1 X221.199 Y238.925 E834.49668
G1 X201.882 Y219.608 E835.03049
G1 X201.075 Y219.603 E835.04626
G1 X201.075 Y219.269 E835.05279
G1 X201.885 Y219.274 E835.06862
G1 X228.128 Y193.008 E835.79414
G1 X228.925 Y193.008 E835.80971
G1 X228.925 Y192.676 E835.8162
G1 X228.127 Y192.676 E835.83179
G1 X226.527 Y191.075 E835.87602
G1 X228.925 Y191.075 E835.92288
G1 X229.03 Y191.075
G1 F2400 E829.92288
G0 F15000 X200.92 Y215
G0 X200.63 Y215
M204 S1250
;TYPE:WALL-INNER
G1 F2400 E835.92288
G1 F9715.5 X200.63 Y239.37 E836.34842
G1 X229.37 Y239.37 E836.85026
G1 X229.37 Y190.63 E837.70134
G1 X200.63 Y190.63 E838.20318
G1 X200.63 Y215 E838.62872
M204 S2500
G0 F15000 X200.21 Y215
M204 S1250
;TYPE:WALL-OUTER
G1 F7500 X200.21 Y239.79 E839.0616
G1 X229.79 Y239.79 E839.57811
G1 X229.79 Y190.21 E840.44385
G1 X200.21 Y190.21 E840.96037
G1 X200.21 Y215 E841.39324
M204 S2500
G0 F15000 X200.21 Y215.2
G0 X201.24 Y215.2
G1 F2400 E835.39324
;MESH:NONMESH
G0 F600 X201.24 Y215.2 Z1.8
G0 F15000 X208.801 Y191.075
;TIME_ELAPSED:545.281355
;LAYER:15
;note -- min layer time used
;TYPE:FILL
;MESH:table_soft_spacer_30x30-Body.stl
G1 F2400 E841.39324
G1 F11930.9 X228.128 Y210.402 E841.92732
G1 X228.925 Y210.402 E841.9429
G1 X228.925 Y210.734 E841.94939
G1 X228.127 Y210.734 E841.96498
G1 X201.885 Y237 E842.69049
G1 X201.075 Y236.995 E842.70632
G1 X201.075 Y237.329 E842.71284
G1 X201.883 Y237.334 E842.72863
G1 X203.474 Y238.925 E842.7726
G1 X208.799 Y238.925 E842.87665
G1 X228.127 Y219.597 E843.41076
G1 X228.925 Y219.597 E843.42636
G1 X228.925 Y219.265 E843.43284
G1 X228.128 Y219.265 E843.44842
G1 X201.885 Y192.999 E844.17394
G1 X201.075 Y193.004 E844.18977
G1 X201.075 Y192.67 E844.19629
G1 X201.882 Y192.665 E844.21206
G1 X203.472 Y191.075 E844.256
G1 X212.335 Y191.075 E844.42919
G1 X201.882 Y201.528 E844.71805
G1 X201.075 Y201.533 E844.73382
G1 X201.075 Y201.867 E844.74034
G1 X201.885 Y201.862 E844.75617
G1 X228.127 Y228.127 E845.48167
G1 X228.925 Y228.127 E845.49726
G1 X228.925 Y228.459 E845.50375
G1 X228.128 Y228.459 E845.51932
G1 X217.662 Y238.925 E845.80854
G1 X212.336 Y238.925 E845.91261
G1 X201.882 Y228.471 E846.2015
G1 X201.075 Y228.466 E846.21727
G1 X201.075 Y228.132 E846.2238
G1 X201.885 Y228.137 E846.23962
G1 X228.128 Y201.871 E846.96515
G1 X228.925 Y201.871 E846.98072
G1 X228.925 Y201.539 E846.98721
G1 X228.128 Y201.539 E847.00278
G1 X217.664 Y191.075 E847.29194
G1 X221.198 Y191.075 E847.361
G1 X201.882 Y210.391 E847.89478
G1 X201.075 Y210.396 E847.91055
G1 X201.075 Y210.73 E847.91708
G1 X201.885 Y210.725 E847.93291
G1 X228.128 Y236.991 E848.65843
G1 X228.925 Y236.991 E848.674
G1 X228.925 Y237.323 E848.68049
G1 X228.127 Y237.323 E848.69608
G1 X226.525 Y238.925 E848.74035
G1 X221.199 Y238.925 E848.84442
G1 X201.882 Y219.608 E849.37823
G1 X201.075 Y219.603 E849.394
G1 X201.075 Y219.269 E849.40053
G1 X201.885 Y219.274 E849.41636
G1 X228.128 Y193.008 E850.14188
G1 X228.925 Y193.008 E850.15745
G1 X228.925 Y192.676 E850.16394
G1 X228.127 Y192.676 E850.17953
G1 X226.527 Y191.075 E850.22376
G1 X228.925 Y191.075 E850.27062
G1 X229.03 Y191.075
G1 F2400 E844.27062
G0 F15000 X200.92 Y215
G0 X200.63 Y215
M204 S1250
;TYPE:WALL-INNER
G1 F2400 E850.27062
G1 F9715.5 X200.63 Y239.37 E850.69616
G1 X229.37 Y239.37 E851.198
G1 X229.37 Y190.63 E852.04908
G1 X200.63 Y190.63 E852.55093
G1 X200.63 Y215 E852.97646
M204 S2500
G0 F15000 X200.21 Y215
M204 S1250
;TYPE:WALL-OUTER
G1 F7500 X200.21 Y239.79 E853.40934
G1 X229.79 Y239.79 E853.92585
G1 X229.79 Y190.21 E854.7916
G1 X200.21 Y190.21 E855.30811
G1 X200.21 Y215 E855.74098
M204 S2500
G0 F15000 X200.21 Y215.2
G0 X201.24 Y215.2
G1 F2400 E849.74098
;MESH:NONMESH
G0 F600 X201.24 Y215.2 Z1.9
G0 F15000 X208.801 Y191.075
;TIME_ELAPSED:554.423833
;LAYER:16
;note -- min layer time used
;TYPE:FILL
;MESH:table_soft_spacer_30x30-Body.stl
G1 F2400 E855.74098
G1 F11930.9 X228.128 Y210.402 E856.27507
G1 X228.925 Y210.402 E856.29064
G1 X228.925 Y210.734 E856.29713
G1 X228.127 Y210.734 E856.31272
G1 X201.885 Y237 E857.03823
G1 X201.075 Y236.995 E857.05406
G1 X201.075 Y237.329 E857.06058
G1 X201.883 Y237.334 E857.07637
G1 X203.474 Y238.925 E857.12034
G1 X208.799 Y238.925 E857.22439
G1 X228.127 Y219.597 E857.7585
G1 X228.925 Y219.597 E857.7741
G1 X228.925 Y219.265 E857.78059
G1 X228.128 Y219.265 E857.79616
G1 X201.885 Y192.999 E858.52168
G1 X201.075 Y193.004 E858.53751
G1 X201.075 Y192.67 E858.54404
G1 X201.882 Y192.665 E858.55981
G1 X203.472 Y191.075 E858.60374
G1 X212.335 Y191.075 E858.77693
G1 X201.882 Y201.528 E859.06579
G1 X201.075 Y201.533 E859.08156
G1 X201.075 Y201.867 E859.08809
G1 X201.885 Y201.862 E859.10391
G1 X228.127 Y228.127 E859.82941
G1 X228.925 Y228.127 E859.845
G1 X228.925 Y228.459 E859.85149
G1 X228.128 Y228.459 E859.86706
G1 X217.662 Y238.925 E860.15628
G1 X212.336 Y238.925 E860.26035
G1 X201.882 Y228.471 E860.54924
G1 X201.075 Y228.466 E860.56501
G1 X201.075 Y228.132 E860.57154
G1 X201.885 Y228.137 E860.58737
G1 X228.128 Y201.871 E861.31289
G1 X228.925 Y201.871 E861.32846
G1 X228.925 Y201.539 E861.33495
G1 X228.128 Y201.539 E861.35052
G1 X217.664 Y191.075 E861.63969
G1 X221.198 Y191.075 E861.70874
G1 X201.882 Y210.391 E862.24252
G1 X201.075 Y210.396 E862.25829
G1 X201.075 Y210.73 E862.26482
G1 X201.885 Y210.725 E862.28065
G1 X228.128 Y236.991 E863.00617
G1 X228.925 Y236.991 E863.02174
G1 X228.925 Y237.323 E863.02823
G1 X228.127 Y237.323 E863.04382
G1 X226.525 Y238.925 E863.08809
G1 X221.199 Y238.925 E863.19217
G1 X201.882 Y219.608 E863.72598
G1 X201.075 Y219.603 E863.74175
G1 X201.075 Y219.269 E863.74827
G1 X201.885 Y219.274 E863.7641
G1 X228.128 Y193.008 E864.48962
G1 X228.925 Y193.008 E864.5052
G1 X228.925 Y192.676 E864.51168
G1 X228.127 Y192.676 E864.52728
G1 X226.527 Y191.075 E864.5715
G1 X228.925 Y191.075 E864.61836
G1 X229.03 Y191.075
G1 F2400 E858.61836
G0 F15000 X200.92 Y215
G0 X200.63 Y215
M204 S1250
;TYPE:WALL-INNER
G1 F2400 E864.61836
G1 F9715.5 X200.63 Y239.37 E865.0439
G1 X229.37 Y239.37 E865.54575
G1 X229.37 Y190.63 E866.39682
G1 X200.63 Y190.63 E866.89867
G1 X200.63 Y215 E867.32421
M204 S2500
G0 F15000 X200.21 Y215
M204 S1250
;TYPE:WALL-OUTER
G1 F7500 X200.21 Y239.79 E867.75708
G1 X229.79 Y239.79 E868.27359
G1 X229.79 Y190.21 E869.13934
G1 X200.21 Y190.21 E869.65585
G1 X200.21 Y215 E870.08872
M204 S2500
G0 F15000 X200.21 Y215.2
G0 X201.24 Y215.2
G1 F2400 E864.08872
;MESH:NONMESH
G0 F600 X201.24 Y215.2 Z2
G0 F15000 X208.801 Y191.075
;TIME_ELAPSED:563.566311
;LAYER:17
;note -- min layer time used
;TYPE:FILL
;MESH:table_soft_spacer_30x30-Body.stl
G1 F2400 E870.08872
G1 F11930.9 X228.128 Y210.402 E870.62281
G1 X228.925 Y210.402 E870.63838
G1 X228.925 Y210.734 E870.64487
G1 X228.127 Y210.734 E870.66046
G1 X201.885 Y237 E871.38597
G1 X201.075 Y236.995 E871.4018
G1 X201.075 Y237.329 E871.40833
G1 X201.883 Y237.334 E871.42412
G1 X203.474 Y238.925 E871.46808
G1 X208.799 Y238.925 E871.57213
G1 X228.127 Y219.597 E872.10625
G1 X228.925 Y219.597 E872.12184
G1 X228.925 Y219.265 E872.12833
G1 X228.128 Y219.265 E872.1439
G1 X201.885 Y192.999 E872.86942
G1 X201.075 Y193.004 E872.88525
G1 X201.075 Y192.67 E872.89178
G1 X201.882 Y192.665 E872.90755
G1 X203.472 Y191.075 E872.95149
G1 X212.335 Y191.075 E873.12467
G1 X201.882 Y201.528 E873.41353
G1 X201.075 Y201.533 E873.4293
G1 X201.075 Y201.867 E873.43583
G1 X201.885 Y201.862 E873.45166
G1 X228.127 Y228.127 E874.17715
G1 X228.925 Y228.127 E874.19274
G1 X228.925 Y228.459 E874.19923
G1 X228.128 Y228.459 E874.2148
G1 X217.662 Y238.925 E874.50402
G1 X212.336 Y238.925 E874.6081
G1 X201.882 Y228.471 E874.89698
G1 X201.075 Y228.466 E874.91275
G1 X201.075 Y228.132 E874.91928
G1 X201.885 Y228.137 E874.93511
G1 X228.128 Y201.871 E875.66063
G1 X228.925 Y201.871 E875.6762
G1 X228.925 Y201.539 E875.68269
G1 X228.128 Y201.539 E875.69826
G1 X217.664 Y191.075 E875.98743
G1 X221.198 Y191.075 E876.05648
G1 X201.882 Y210.391 E876.59027
G1 X201.075 Y210.396 E876.60604
G1 X201.075 Y210.73 E876.61256
G1 X201.885 Y210.725 E876.62839
G1 X228.128 Y236.991 E877.35391
G1 X228.925 Y236.991 E877.36949
G1 X228.925 Y237.323 E877.37597
G1 X228.127 Y237.323 E877.39157
G1 X226.525 Y238.925 E877.43584
G1 X221.199 Y238.925 E877.53991
G1 X201.882 Y219.608 E878.07372
G1 X201.075 Y219.603 E878.08949
G1 X201.075 Y219.269 E878.09601
G1 X201.885 Y219.274 E878.11184
G1 X228.128 Y193.008 E878.83736
G1 X228.925 Y193.008 E878.85294
G1 X228.925 Y192.676 E878.85942
G1 X228.127 Y192.676 E878.87502
G1 X226.527 Y191.075 E878.91925
G1 X228.925 Y191.075 E878.9661
G1 X229.03 Y191.075
G1 F2400 E872.9661
G0 F15000 X200.92 Y215
G0 X200.63 Y215
M204 S1250
;TYPE:WALL-INNER
G1 F2400 E878.9661
G1 F9715.5 X200.63 Y239.37 E879.39164
G1 X229.37 Y239.37 E879.89349
G1 X229.37 Y190.63 E880.74457
G1 X200.63 Y190.63 E881.24641
G1 X200.63 Y215 E881.67195
M204 S2500
G0 F15000 X200.21 Y215
M204 S1250
;TYPE:WALL-OUTER
G1 F7500 X200.21 Y239.79 E882.10482
G1 X229.79 Y239.79 E882.62133
G1 X229.79 Y190.21 E883.48708
G1 X200.21 Y190.21 E884.00359
G1 X200.21 Y215 E884.43647
M204 S2500
G0 F15000 X200.21 Y215.2
G0 X201.24 Y215.2
G1 F2400 E878.43647
;MESH:NONMESH
G0 F600 X201.24 Y215.2 Z2.1
G0 F15000 X208.801 Y191.075
;TIME_ELAPSED:572.708789
;LAYER:18
;note -- min layer time used
;TYPE:FILL
;MESH:table_soft_spacer_30x30-Body.stl
G1 F2400 E884.43647
G1 F11930.9 X228.128 Y210.402 E884.97055
G1 X228.925 Y210.402 E884.98613
G1 X228.925 Y210.734 E884.99261
G1 X228.127 Y210.734 E885.00821
G1 X201.885 Y237 E885.73371
G1 X201.075 Y236.995 E885.74954
G1 X201.075 Y237.329 E885.75607
G1 X201.883 Y237.334 E885.77186
G1 X203.474 Y238.925 E885.81582
G1 X208.799 Y238.925 E885.91988
G1 X228.127 Y219.597 E886.45399
G1 X228.925 Y219.597 E886.46958
G1 X228.925 Y219.265 E886.47607
G1 X228.128 Y219.265 E886.49164
G1 X201.885 Y192.999 E887.21717
G1 X201.075 Y193.004 E887.23299
G1 X201.075 Y192.67 E887.23952
G1 X201.882 Y192.665 E887.25529
G1 X203.472 Y191.075 E887.29923
G1 X212.335 Y191.075 E887.47241
G1 X201.882 Y201.528 E887.76127
G1 X201.075 Y201.533 E887.77704
G1 X201.075 Y201.867 E887.78357
G1 X201.885 Y201.862 E887.7994
G1 X228.127 Y228.127 E888.52489
G1 X228.925 Y228.127 E888.54049
G1 X228.925 Y228.459 E888.54697
G1 X228.128 Y228.459 E888.56255
G1 X217.662 Y238.925 E888.85177
G1 X212.336 Y238.925 E888.95584
G1 X201.882 Y228.471 E889.24473
G1 X201.075 Y228.466 E889.2605
G1 X201.075 Y228.132 E889.26702
G1 X201.885 Y228.137 E889.28285
G1 X228.128 Y201.871 E890.00837
G1 X228.925 Y201.871 E890.02395
G1 X228.925 Y201.539 E890.03043
G1 X228.128 Y201.539 E890.04601
G1 X217.664 Y191.075 E890.33517
G1 X221.198 Y191.075 E890.40423
G1 X201.882 Y210.391 E890.93801
G1 X201.075 Y210.396 E890.95378
G1 X201.075 Y210.73 E890.9603
G1 X201.885 Y210.725 E890.97613
G1 X228.128 Y236.991 E891.70165
G1 X228.925 Y236.991 E891.71723
G1 X228.925 Y237.323 E891.72372
G1 X228.127 Y237.323 E891.73931
G1 X226.525 Y238.925 E891.78358
G1 X221.199 Y238.925 E891.88765
G1 X201.882 Y219.608 E892.42146
G1 X201.075 Y219.603 E892.43723
G1 X201.075 Y219.269 E892.44376
G1 X201.885 Y219.274 E892.45958
G1 X228.128 Y193.008 E893.18511
G1 X228.925 Y193.008 E893.20068
G1 X228.925 Y192.676 E893.20717
G1 X228.127 Y192.676 E893.22276
G1 X226.527 Y191.075 E893.26699
G1 X228.925 Y191.075 E893.31385
G1 X229.03 Y191.075
G1 F2400 E887.31385
G0 F15000 X200.92 Y215
G0 X200.63 Y215
M204 S1250
;TYPE:WALL-INNER
G1 F2400 E893.31385
G1 F9715.5 X200.63 Y239.37 E893.73939
G1 X229.37 Y239.37 E894.24123
G1 X229.37 Y190.63 E895.09231
G1 X200.63 Y190.63 E895.59415
G1 X200.63 Y215 E896.01969
M204 S2500
G0 F15000 X200.21 Y215
M204 S1250
;TYPE:WALL-OUTER
G1 F7500 X200.21 Y239.79 E896.45256
G1 X229.79 Y239.79 E896.96908
G1 X229.79 Y190.21 E897.83482
G1 X200.21 Y190.21 E898.35134
G1 X200.21 Y215 E898.78421
M204 S2500
G0 F15000 X200.21 Y215.2
G0 X201.24 Y215.2
G1 F2400 E892.78421
;MESH:NONMESH
G0 F600 X201.24 Y215.2 Z2.2
G0 F15000 X208.801 Y191.075
;TIME_ELAPSED:581.851266
;LAYER:19
;note -- min layer time used
;TYPE:FILL
;MESH:table_soft_spacer_30x30-Body.stl
G1 F2400 E898.78421
G1 F11930.9 X228.128 Y210.402 E899.31829
G1 X228.925 Y210.402 E899.33387
G1 X228.925 Y210.734 E899.34035
G1 X228.127 Y210.734 E899.35595
G1 X201.885 Y237 E900.08146
G1 X201.075 Y236.995 E900.09728
G1 X201.075 Y237.329 E900.10381
G1 X201.883 Y237.334 E900.1196
G1 X203.474 Y238.925 E900.16357
G1 X208.799 Y238.925 E900.26762
G1 X228.127 Y219.597 E900.80173
G1 X228.925 Y219.597 E900.81732
G1 X228.925 Y219.265 E900.82381
G1 X228.128 Y219.265 E900.83939
G1 X201.885 Y192.999 E901.56491
G1 X201.075 Y193.004 E901.58074
G1 X201.075 Y192.67 E901.58726
G1 X201.882 Y192.665 E901.60303
G1 X203.472 Y191.075 E901.64697
G1 X212.335 Y191.075 E901.82016
G1 X201.882 Y201.528 E902.10902
G1 X201.075 Y201.533 E902.12479
G1 X201.075 Y201.867 E902.13131
G1 X201.885 Y201.862 E902.14714
G1 X228.127 Y228.127 E902.87263
G1 X228.925 Y228.127 E902.88823
G1 X228.925 Y228.459 E902.89472
G1 X228.128 Y228.459 E902.91029
G1 X217.662 Y238.925 E903.19951
G1 X212.336 Y238.925 E903.30358
G1 X201.882 Y228.471 E903.59247
G1 X201.075 Y228.466 E903.60824
G1 X201.075 Y228.132 E903.61476
G1 X201.885 Y228.137 E903.63059
G1 X228.128 Y201.871 E904.35611
G1 X228.925 Y201.871 E904.37169
G1 X228.925 Y201.539 E904.37817
G1 X228.128 Y201.539 E904.39375
G1 X217.664 Y191.075 E904.68291
G1 X221.198 Y191.075 E904.75197
G1 X201.882 Y210.391 E905.28575
G1 X201.075 Y210.396 E905.30152
G1 X201.075 Y210.73 E905.30805
G1 X201.885 Y210.725 E905.32387
G1 X228.128 Y236.991 E906.0494
G1 X228.925 Y236.991 E906.06497
G1 X228.925 Y237.323 E906.07146
G1 X228.127 Y237.323 E906.08705
G1 X226.525 Y238.925 E906.13132
G1 X221.199 Y238.925 E906.23539
G1 X201.882 Y219.608 E906.7692
G1 X201.075 Y219.603 E906.78497
G1 X201.075 Y219.269 E906.7915
G1 X201.885 Y219.274 E906.80733
G1 X228.128 Y193.008 E907.53285
G1 X228.925 Y193.008 E907.54842
G1 X228.925 Y192.676 E907.55491
G1 X228.127 Y192.676 E907.5705
G1 X226.527 Y191.075 E907.61473
G1 X228.925 Y191.075 E907.66159
G1 X229.03 Y191.075
G1 F2400 E901.66159
G0 F15000 X200.92 Y215
G0 X200.63 Y215
M204 S1250
;TYPE:WALL-INNER
G1 F2400 E907.66159
G1 F9715.5 X200.63 Y239.37 E908.08713
G1 X229.37 Y239.37 E908.58897
G1 X229.37 Y190.63 E909.44005
G1 X200.63 Y190.63 E909.9419
G1 X200.63 Y215 E910.36743
M204 S2500
G0 F15000 X200.21 Y215
M204 S1250
;TYPE:WALL-OUTER
G1 F7500 X200.21 Y239.79 E910.80031
G1 X229.79 Y239.79 E911.31682
G1 X229.79 Y190.21 E912.18256
G1 X200.21 Y190.21 E912.69908
G1 X200.21 Y215 E913.13195
M204 S2500
G0 F15000 X200.21 Y215.2
G0 X201.24 Y215.2
G1 F2400 E907.13195
;MESH:NONMESH
G0 F600 X201.24 Y215.2 Z2.3
G0 F15000 X208.801 Y191.075
;TIME_ELAPSED:590.993744
;LAYER:20
;note -- min layer time used
;TYPE:FILL
;MESH:table_soft_spacer_30x30-Body.stl
G1 F2400 E913.13195
G1 F11930.9 X228.128 Y210.402 E913.66604
G1 X228.925 Y210.402 E913.68161
G1 X228.925 Y210.734 E913.6881
G1 X228.127 Y210.734 E913.70369
G1 X201.885 Y237 E914.4292
G1 X201.075 Y236.995 E914.44503
G1 X201.075 Y237.329 E914.45155
G1 X201.883 Y237.334 E914.46734
G1 X203.474 Y238.925 E914.51131
G1 X208.799 Y238.925 E914.61536
G1 X228.127 Y219.597 E915.14947
G1 X228.925 Y219.597 E915.16507
G1 X228.925 Y219.265 E915.17155
G1 X228.128 Y219.265 E915.18713
G1 X201.885 Y192.999 E915.91265
G1 X201.075 Y193.004 E915.92848
G1 X201.075 Y192.67 E915.935
G1 X201.882 Y192.665 E915.95077
G1 X203.472 Y191.075 E915.99471
G1 X212.335 Y191.075 E916.1679
G1 X201.882 Y201.528 E916.45676
G1 X201.075 Y201.533 E916.47253
G1 X201.075 Y201.867 E916.47905
G1 X201.885 Y201.862 E916.49488
G1 X228.127 Y228.127 E917.22038
G1 X228.925 Y228.127 E917.23597
G1 X228.925 Y228.459 E917.24246
G1 X228.128 Y228.459 E917.25803
G1 X217.662 Y238.925 E917.54725
G1 X212.336 Y238.925 E917.65132
G1 X201.882 Y228.471 E917.94021
G1 X201.075 Y228.466 E917.95598
G1 X201.075 Y228.132 E917.96251
G1 X201.885 Y228.137 E917.97833
G1 X228.128 Y201.871 E918.70386
G1 X228.925 Y201.871 E918.71943
G1 X228.925 Y201.539 E918.72592
G1 X228.128 Y201.539 E918.74149
G1 X217.664 Y191.075 E919.03066
G1 X221.198 Y191.075 E919.09971
G1 X201.882 Y210.391 E919.63349
G1 X201.075 Y210.396 E919.64926
G1 X201.075 Y210.73 E919.65579
G1 X201.885 Y210.725 E919.67162
G1 X228.128 Y236.991 E920.39714
G1 X228.925 Y236.991 E920.41271
G1 X228.925 Y237.323 E920.4192
G1 X228.127 Y237.323 E920.43479
G1 X226.525 Y238.925 E920.47906
G1 X221.199 Y238.925 E920.58313
G1 X201.882 Y219.608 E921.11694
G1 X201.075 Y219.603 E921.13271
G1 X201.075 Y219.269 E921.13924
G1 X201.885 Y219.274 E921.15507
G1 X228.128 Y193.008 E921.88059
G1 X228.925 Y193.008 E921.89616
G1 X228.925 Y192.676 E921.90265
G1 X228.127 Y192.676 E921.91824
G1 X226.527 Y191.075 E921.96247
G1 X228.925 Y191.075 E922.00933
G1 X229.03 Y191.075
G1 F2400 E916.00933
G0 F15000 X200.92 Y215
G0 X200.63 Y215
M204 S1250
;TYPE:WALL-INNER
G1 F2400 E922.00933
G1 F9715.5 X200.63 Y239.37 E922.43487
G1 X229.37 Y239.37 E922.93671
G1 X229.37 Y190.63 E923.78779
G1 X200.63 Y190.63 E924.28964
G1 X200.63 Y215 E924.71518
M204 S2500
G0 F15000 X200.21 Y215
M204 S1250
;TYPE:WALL-OUTER
G1 F7500 X200.21 Y239.79 E925.14805
G1 X229.79 Y239.79 E925.66456
G1 X229.79 Y190.21 E926.53031
G1 X200.21 Y190.21 E927.04682
G1 X200.21 Y215 E927.47969
M204 S2500
G0 F15000 X200.21 Y215.2
G0 X201.24 Y215.2
G1 F2400 E921.47969
;MESH:NONMESH
G0 F600 X201.24 Y215.2 Z2.4
G0 F15000 X208.801 Y191.075
;TIME_ELAPSED:600.136222
;LAYER:21
;note -- min layer time used
;TYPE:FILL
;MESH:table_soft_spacer_30x30-Body.stl
G1 F2400 E927.47969
G1 F11930.9 X228.128 Y210.402 E928.01378
G1 X228.925 Y210.402 E928.02935
G1 X228.925 Y210.734 E928.03584
G1 X228.127 Y210.734 E928.05143
G1 X201.885 Y237 E928.77694
G1 X201.075 Y236.995 E928.79277
G1 X201.075 Y237.329 E928.79929
G1 X201.883 Y237.334 E928.81508
G1 X203.474 Y238.925 E928.85905
G1 X208.799 Y238.925 E928.9631
G1 X228.127 Y219.597 E929.49722
G1 X228.925 Y219.597 E929.51281
G1 X228.925 Y219.265 E929.5193
G1 X228.128 Y219.265 E929.53487
G1 X201.885 Y192.999 E930.26039
G1 X201.075 Y193.004 E930.27622
G1 X201.075 Y192.67 E930.28275
G1 X201.882 Y192.665 E930.29852
G1 X203.472 Y191.075 E930.34245
G1 X212.335 Y191.075 E930.51564
G1 X201.882 Y201.528 E930.8045
G1 X201.075 Y201.533 E930.82027
G1 X201.075 Y201.867 E930.8268
G1 X201.885 Y201.862 E930.84262
G1 X228.127 Y228.127 E931.56812
G1 X228.925 Y228.127 E931.58371
G1 X228.925 Y228.459 E931.5902
G1 X228.128 Y228.459 E931.60577
G1 X217.662 Y238.925 E931.89499
G1 X212.336 Y238.925 E931.99906
G1 X201.882 Y228.471 E932.28795
G1 X201.075 Y228.466 E932.30372
G1 X201.075 Y228.132 E932.31025
G1 X201.885 Y228.137 E932.32608
G1 X228.128 Y201.871 E933.0516
G1 X228.925 Y201.871 E933.06717
G1 X228.925 Y201.539 E933.07366
G1 X228.128 Y201.539 E933.08923
G1 X217.664 Y191.075 E933.3784
G1 X221.198 Y191.075 E933.44745
G1 X201.882 Y210.391 E933.98123
G1 X201.075 Y210.396 E933.997
G1 X201.075 Y210.73 E934.00353
G1 X201.885 Y210.725 E934.01936
G1 X228.128 Y236.991 E934.74488
G1 X228.925 Y236.991 E934.76045
G1 X228.925 Y237.323 E934.76694
G1 X228.127 Y237.323 E934.78254
G1 X226.525 Y238.925 E934.82681
G1 X221.199 Y238.925 E934.93088
G1 X201.882 Y219.608 E935.46469
G1 X201.075 Y219.603 E935.48046
G1 X201.075 Y219.269 E935.48698
G1 X201.885 Y219.274 E935.50281
G1 X228.128 Y193.008 E936.22833
G1 X228.925 Y193.008 E936.24391
G1 X228.925 Y192.676 E936.25039
G1 X228.127 Y192.676 E936.26599
G1 X226.527 Y191.075 E936.31022
G1 X228.925 Y191.075 E936.35707
G1 X229.03 Y191.075
G1 F2400 E930.35707
G0 F15000 X200.92 Y215
G0 X200.63 Y215
M204 S1250
;TYPE:WALL-INNER
G1 F2400 E936.35707
G1 F9715.5 X200.63 Y239.37 E936.78261
G1 X229.37 Y239.37 E937.28446
G1 X229.37 Y190.63 E938.13553
G1 X200.63 Y190.63 E938.63738
G1 X200.63 Y215 E939.06292
M204 S2500
G0 F15000 X200.21 Y215
M204 S1250
;TYPE:WALL-OUTER
G1 F7500 X200.21 Y239.79 E939.49579
G1 X229.79 Y239.79 E940.0123
G1 X229.79 Y190.21 E940.87805
G1 X200.21 Y190.21 E941.39456
G1 X200.21 Y215 E941.82743
M204 S2500
G0 F15000 X200.21 Y215.2
G0 X201.24 Y215.2
G1 F2400 E935.82743
;MESH:NONMESH
G0 F600 X201.24 Y215.2 Z2.5
G0 F15000 X208.801 Y191.075
;TIME_ELAPSED:609.278700
;LAYER:22
;note -- min layer time used
;TYPE:FILL
;MESH:table_soft_spacer_30x30-Body.stl
G1 F2400 E941.82743
G1 F11930.9 X228.128 Y210.402 E942.36152
G1 X228.925 Y210.402 E942.37709
G1 X228.925 Y210.734 E942.38358
G1 X228.127 Y210.734 E942.39917
G1 X201.885 Y237 E943.12468
G1 X201.075 Y236.995 E943.14051
G1 X201.075 Y237.329 E943.14704
G1 X201.883 Y237.334 E943.16283
G1 X203.474 Y238.925 E943.20679
G1 X208.799 Y238.925 E943.31084
G1 X228.127 Y219.597 E943.84496
G1 X228.925 Y219.597 E943.86055
G1 X228.925 Y219.265 E943.86704
G1 X228.128 Y219.265 E943.88261
G1 X201.885 Y192.999 E944.60813
G1 X201.075 Y193.004 E944.62396
G1 X201.075 Y192.67 E944.63049
G1 X201.882 Y192.665 E944.64626
G1 X203.472 Y191.075 E944.6902
G1 X212.335 Y191.075 E944.86338
G1 X201.882 Y201.528 E945.15224
G1 X201.075 Y201.533 E945.16801
G1 X201.075 Y201.867 E945.17454
G1 X201.885 Y201.862 E945.19037
G1 X228.127 Y228.127 E945.91586
G1 X228.925 Y228.127 E945.93145
G1 X228.925 Y228.459 E945.93794
G1 X228.128 Y228.459 E945.95352
G1 X217.662 Y238.925 E946.24273
G1 X212.336 Y238.925 E946.34681
G1 X201.882 Y228.471 E946.63569
G1 X201.075 Y228.466 E946.65146
G1 X201.075 Y228.132 E946.65799
G1 X201.885 Y228.137 E946.67382
G1 X228.128 Y201.871 E947.39934
G1 X228.925 Y201.871 E947.41491
G1 X228.925 Y201.539 E947.4214
G1 X228.128 Y201.539 E947.43698
G1 X217.664 Y191.075 E947.72614
G1 X221.198 Y191.075 E947.79519
G1 X201.882 Y210.391 E948.32898
G1 X201.075 Y210.396 E948.34475
G1 X201.075 Y210.73 E948.35127
G1 X201.885 Y210.725 E948.3671
G1 X228.128 Y236.991 E949.09262
G1 X228.925 Y236.991 E949.1082
G1 X228.925 Y237.323 E949.11468
G1 X228.127 Y237.323 E949.13028
G1 X226.525 Y238.925 E949.17455
G1 X221.199 Y238.925 E949.27862
G1 X201.882 Y219.608 E949.81243
G1 X201.075 Y219.603 E949.8282
G1 X201.075 Y219.269 E949.83472
G1 X201.885 Y219.274 E949.85055
G1 X228.128 Y193.008 E950.57607
G1 X228.925 Y193.008 E950.59165
G1 X228.925 Y192.676 E950.59814
G1 X228.127 Y192.676 E950.61373
G1 X226.527 Y191.075 E950.65796
G1 X228.925 Y191.075 E950.70482
G1 X229.03 Y191.075
G1 F2400 E944.70482
G0 F15000 X200.92 Y215
G0 X200.63 Y215
M204 S1250
;TYPE:WALL-INNER
G1 F2400 E950.70482
G1 F9715.5 X200.63 Y239.37 E951.13035
G1 X229.37 Y239.37 E951.6322
G1 X229.37 Y190.63 E952.48328
G1 X200.63 Y190.63 E952.98512
G1 X200.63 Y215 E953.41066
M204 S2500
G0 F15000 X200.21 Y215
M204 S1250
;TYPE:WALL-OUTER
G1 F7500 X200.21 Y239.79 E953.84353
G1 X229.79 Y239.79 E954.36005
G1 X229.79 Y190.21 E955.22579
G1 X200.21 Y190.21 E955.7423
G1 X200.21 Y215 E956.17518
M204 S2500
G0 F15000 X200.21 Y215.2
G0 X201.24 Y215.2
G1 F2400 E950.17518
;MESH:NONMESH
G0 F600 X201.24 Y215.2 Z2.6
G0 F15000 X208.801 Y191.075
;TIME_ELAPSED:618.421178
;LAYER:23
;note -- min layer time used
;TYPE:FILL
;MESH:table_soft_spacer_30x30-Body.stl
G1 F2400 E956.17518
G1 F11930.9 X228.128 Y210.402 E956.70926
G1 X228.925 Y210.402 E956.72484
G1 X228.925 Y210.734 E956.73132
G1 X228.127 Y210.734 E956.74692
G1 X201.885 Y237 E957.47242
G1 X201.075 Y236.995 E957.48825
G1 X201.075 Y237.329 E957.49478
G1 X201.883 Y237.334 E957.51057
G1 X203.474 Y238.925 E957.55453
G1 X208.799 Y238.925 E957.65859
G1 X228.127 Y219.597 E958.1927
G1 X228.925 Y219.597 E958.20829
G1 X228.925 Y219.265 E958.21478
G1 X228.128 Y219.265 E958.23035
G1 X201.885 Y192.999 E958.95588
G1 X201.075 Y193.004 E958.9717
G1 X201.075 Y192.67 E958.97823
G1 X201.882 Y192.665 E958.994
G1 X203.472 Y191.075 E959.03794
G1 X212.335 Y191.075 E959.21112
G1 X201.882 Y201.528 E959.49999
G1 X201.075 Y201.533 E959.51575
G1 X201.075 Y201.867 E959.52228
G1 X201.885 Y201.862 E959.53811
G1 X228.127 Y228.127 E960.2636
G1 X228.925 Y228.127 E960.2792
G1 X228.925 Y228.459 E960.28568
G1 X228.128 Y228.459 E960.30126
G1 X217.662 Y238.925 E960.59048
G1 X212.336 Y238.925 E960.69455
G1 X201.882 Y228.471 E960.98344
G1 X201.075 Y228.466 E960.99921
G1 X201.075 Y228.132 E961.00573
G1 X201.885 Y228.137 E961.02156
G1 X228.128 Y201.871 E961.74708
G1 X228.925 Y201.871 E961.76266
G1 X228.925 Y201.539 E961.76914
G1 X228.128 Y201.539 E961.78472
G1 X217.664 Y191.075 E962.07388
G1 X221.198 Y191.075 E962.14294
G1 X201.882 Y210.391 E962.67672
G1 X201.075 Y210.396 E962.69249
G1 X201.075 Y210.73 E962.69902
G1 X201.885 Y210.725 E962.71484
G1 X228.128 Y236.991 E963.44037
G1 X228.925 Y236.991 E963.45594
G1 X228.925 Y237.323 E963.46243
G1 X228.127 Y237.323 E963.47802
G1 X226.525 Y238.925 E963.52229
G1 X221.199 Y238.925 E963.62636
G1 X201.882 Y219.608 E964.16017
G1 X201.075 Y219.603 E964.17594
G1 X201.075 Y219.269 E964.18247
G1 X201.885 Y219.274 E964.19829
G1 X228.128 Y193.008 E964.92382
G1 X228.925 Y193.008 E964.93939
G1 X228.925 Y192.676 E964.94588
G1 X228.127 Y192.676 E964.96147
G1 X226.527 Y191.075 E965.0057
G1 X228.925 Y191.075 E965.05256
G1 X229.03 Y191.075
G1 F2400 E959.05256
G0 F15000 X200.92 Y215
G0 X200.63 Y215
M204 S1250
;TYPE:WALL-INNER
G1 F2400 E965.05256
G1 F9715.5 X200.63 Y239.37 E965.4781
G1 X229.37 Y239.37 E965.97994
G1 X229.37 Y190.63 E966.83102
G1 X200.63 Y190.63 E967.33286
G1 X200.63 Y215 E967.7584
M204 S2500
G0 F15000 X200.21 Y215
M204 S1250
;TYPE:WALL-OUTER
G1 F7500 X200.21 Y239.79 E968.19127
G1 X229.79 Y239.79 E968.70779
G1 X229.79 Y190.21 E969.57353
G1 X200.21 Y190.21 E970.09005
G1 X200.21 Y215 E970.52292
M204 S2500
G0 F15000 X200.21 Y215.2
G0 X201.24 Y215.2
G1 F2400 E964.52292
;MESH:NONMESH
G0 F600 X201.24 Y215.2 Z2.7
G0 F15000 X208.801 Y191.075
;TIME_ELAPSED:627.563655
;LAYER:24
;note -- min layer time used
;TYPE:FILL
;MESH:table_soft_spacer_30x30-Body.stl
G1 F2400 E970.52292
G1 F11930.9 X228.128 Y210.402 E971.057
G1 X228.925 Y210.402 E971.07258
G1 X228.925 Y210.734 E971.07907
G1 X228.127 Y210.734 E971.09466
G1 X201.885 Y237 E971.82017
G1 X201.075 Y236.995 E971.836
G1 X201.075 Y237.329 E971.84252
G1 X201.883 Y237.334 E971.85831
G1 X203.474 Y238.925 E971.90228
G1 X208.799 Y238.925 E972.00633
G1 X228.127 Y219.597 E972.54044
G1 X228.925 Y219.597 E972.55604
G1 X228.925 Y219.265 E972.56252
G1 X228.128 Y219.265 E972.5781
G1 X201.885 Y192.999 E973.30362
G1 X201.075 Y193.004 E973.31945
G1 X201.075 Y192.67 E973.32597
G1 X201.882 Y192.665 E973.34174
G1 X203.472 Y191.075 E973.38568
G1 X212.335 Y191.075 E973.55887
G1 X201.882 Y201.528 E973.84773
G1 X201.075 Y201.533 E973.8635
G1 X201.075 Y201.867 E973.87002
G1 X201.885 Y201.862 E973.88585
G1 X228.127 Y228.127 E974.61135
G1 X228.925 Y228.127 E974.62694
G1 X228.925 Y228.459 E974.63343
G1 X228.128 Y228.459 E974.649
G1 X217.662 Y238.925 E974.93822
G1 X212.336 Y238.925 E975.04229
G1 X201.882 Y228.471 E975.33118
G1 X201.075 Y228.466 E975.34695
G1 X201.075 Y228.132 E975.35347
G1 X201.885 Y228.137 E975.3693
G1 X228.128 Y201.871 E976.09482
G1 X228.925 Y201.871 E976.1104
G1 X228.925 Y201.539 E976.11689
G1 X228.128 Y201.539 E976.13246
G1 X217.664 Y191.075 E976.42162
G1 X221.198 Y191.075 E976.49068
G1 X201.882 Y210.391 E977.02446
G1 X201.075 Y210.396 E977.04023
G1 X201.075 Y210.73 E977.04676
G1 X201.885 Y210.725 E977.06259
G1 X228.128 Y236.991 E977.78811
G1 X228.925 Y236.991 E977.80368
G1 X228.925 Y237.323 E977.81017
G1 X228.127 Y237.323 E977.82576
G1 X226.525 Y238.925 E977.87003
G1 X221.199 Y238.925 E977.9741
G1 X201.882 Y219.608 E978.50791
G1 X201.075 Y219.603 E978.52368
G1 X201.075 Y219.269 E978.53021
G1 X201.885 Y219.274 E978.54604
G1 X228.128 Y193.008 E979.27156
G1 X228.925 Y193.008 E979.28713
G1 X228.925 Y192.676 E979.29362
G1 X228.127 Y192.676 E979.30921
G1 X226.527 Y191.075 E979.35344
G1 X228.925 Y191.075 E979.4003
G1 X229.03 Y191.075
G1 F2400 E973.4003
G0 F15000 X200.92 Y215
G0 X200.63 Y215
M204 S1250
;TYPE:WALL-INNER
G1 F2400 E979.4003
G1 F9715.5 X200.63 Y239.37 E979.82584
G1 X229.37 Y239.37 E980.32768
G1 X229.37 Y190.63 E981.17876
G1 X200.63 Y190.63 E981.68061
G1 X200.63 Y215 E982.10614
M204 S2500
G0 F15000 X200.21 Y215
M204 S1250
;TYPE:WALL-OUTER
G1 F7500 X200.21 Y239.79 E982.53902
G1 X229.79 Y239.79 E983.05553
G1 X229.79 Y190.21 E983.92127
G1 X200.21 Y190.21 E984.43779
G1 X200.21 Y215 E984.87066
M204 S2500
G0 F15000 X200.21 Y215.2
G0 X201.24 Y215.2
G1 F2400 E978.87066
;MESH:NONMESH
G0 F600 X201.24 Y215.2 Z2.8
G0 F15000 X208.801 Y191.075
;TIME_ELAPSED:636.706133
;LAYER:25
;note -- min layer time used
;TYPE:FILL
;MESH:table_soft_spacer_30x30-Body.stl
G1 F2400 E984.87066
G1 F11930.9 X228.128 Y210.402 E985.40475
G1 X228.925 Y210.402 E985.42032
G1 X228.925 Y210.734 E985.42681
G1 X228.127 Y210.734 E985.4424
G1 X201.885 Y237 E986.16791
G1 X201.075 Y236.995 E986.18374
G1 X201.075 Y237.329 E986.19026
G1 X201.883 Y237.334 E986.20605
G1 X203.474 Y238.925 E986.25002
G1 X208.799 Y238.925 E986.35407
G1 X228.127 Y219.597 E986.88818
G1 X228.925 Y219.597 E986.90378
G1 X228.925 Y219.265 E986.91027
G1 X228.128 Y219.265 E986.92584
G1 X201.885 Y192.999 E987.65136
G1 X201.075 Y193.004 E987.66719
G1 X201.075 Y192.67 E987.67372
G1 X201.882 Y192.665 E987.68948
G1 X203.472 Y191.075 E987.73342
G1 X212.335 Y191.075 E987.90661
G1 X201.882 Y201.528 E988.19547
G1 X201.075 Y201.533 E988.21124
G1 X201.075 Y201.867 E988.21777
G1 X201.885 Y201.862 E988.23359
G1 X228.127 Y228.127 E988.95909
G1 X228.925 Y228.127 E988.97468
G1 X228.925 Y228.459 E988.98117
G1 X228.128 Y228.459 E988.99674
G1 X217.662 Y238.925 E989.28596
G1 X212.336 Y238.925 E989.39003
G1 X201.882 Y228.471 E989.67892
G1 X201.075 Y228.466 E989.69469
G1 X201.075 Y228.132 E989.70122
G1 X201.885 Y228.137 E989.71704
G1 X228.128 Y201.871 E990.44257
G1 X228.925 Y201.871 E990.45814
G1 X228.925 Y201.539 E990.46463
G1 X228.128 Y201.539 E990.4802
G1 X217.664 Y191.075 E990.76937
G1 X221.198 Y191.075 E990.83842
G1 X201.882 Y210.391 E991.3722
G1 X201.075 Y210.396 E991.38797
G1 X201.075 Y210.73 E991.3945
G1 X201.885 Y210.725 E991.41033
G1 X228.128 Y236.991 E992.13585
G1 X228.925 Y236.991 E992.15142
G1 X228.925 Y237.323 E992.15791
G1 X228.127 Y237.323 E992.1735
G1 X226.525 Y238.925 E992.21777
G1 X221.199 Y238.925 E992.32185
G1 X201.882 Y219.608 E992.85566
G1 X201.075 Y219.603 E992.87142
G1 X201.075 Y219.269 E992.87795
G1 X201.885 Y219.274 E992.89378
G1 X228.128 Y193.008 E993.6193
G1 X228.925 Y193.008 E993.63488
G1 X228.925 Y192.676 E993.64136
G1 X228.127 Y192.676 E993.65696
G1 X226.527 Y191.075 E993.70118
G1 X228.925 Y191.075 E993.74804
G1 X229.03 Y191.075
G1 F2400 E987.74804
G0 F15000 X200.92 Y215
G0 X200.63 Y215
M204 S1250
;TYPE:WALL-INNER
G1 F2400 E993.74804
G1 F9715.5 X200.63 Y239.37 E994.17358
G1 X229.37 Y239.37 E994.67543
G1 X229.37 Y190.63 E995.5265
G1 X200.63 Y190.63 E996.02835
G1 X200.63 Y215 E996.45389
M204 S2500
G0 F15000 X200.21 Y215
M204 S1250
;TYPE:WALL-OUTER
G1 F7500 X200.21 Y239.79 E996.88676
G1 X229.79 Y239.79 E997.40327
G1 X229.79 Y190.21 E998.26902
G1 X200.21 Y190.21 E998.78553
G1 X200.21 Y215 E999.2184
M204 S2500
G0 F15000 X200.21 Y215.2
G0 X201.24 Y215.2
G1 F2400 E993.2184
;MESH:NONMESH
G0 F600 X201.24 Y215.2 Z2.9
G0 F15000 X208.801 Y191.075
;TIME_ELAPSED:645.848611
;LAYER:26
;note -- min layer time used
;TYPE:FILL
;MESH:table_soft_spacer_30x30-Body.stl
G1 F2400 E999.2184
G1 F11930.9 X228.128 Y210.402 E999.75249
G1 X228.925 Y210.402 E999.76806
G1 X228.925 Y210.734 E999.77455
G1 X228.127 Y210.734 E999.79014
G1 X201.885 Y237 E1000.51565
G1 X201.075 Y236.995 E1000.53148
G1 X201.075 Y237.329 E1000.53801
G1 X201.883 Y237.334 E1000.55379
G1 X203.474 Y238.925 E1000.59776
G1 X208.799 Y238.925 E1000.70181
G1 X228.127 Y219.597 E1001.23593
G1 X228.925 Y219.597 E1001.25152
G1 X228.925 Y219.265 E1001.25801
G1 X228.128 Y219.265 E1001.27358
G1 X201.885 Y192.999 E1001.9991
G1 X201.075 Y193.004 E1002.01493
G1 X201.075 Y192.67 E1002.02146
G1 X201.882 Y192.665 E1002.03723
G1 X203.472 Y191.075 E1002.08117
G1 X212.335 Y191.075 E1002.25435
G1 X201.882 Y201.528 E1002.54321
G1 X201.075 Y201.533 E1002.55898
G1 X201.075 Y201.867 E1002.56551
G1 X201.885 Y201.862 E1002.58134
G1 X228.127 Y228.127 E1003.30683
G1 X228.925 Y228.127 E1003.32242
G1 X228.925 Y228.459 E1003.32891
G1 X228.128 Y228.459 E1003.34448
G1 X217.662 Y238.925 E1003.6337
G1 X212.336 Y238.925 E1003.73778
G1 X201.882 Y228.471 E1004.02666
G1 X201.075 Y228.466 E1004.04243
G1 X201.075 Y228.132 E1004.04896
G1 X201.885 Y228.137 E1004.06479
G1 X228.128 Y201.871 E1004.79031
G1 X228.925 Y201.871 E1004.80588
G1 X228.925 Y201.539 E1004.81237
G1 X228.128 Y201.539 E1004.82794
G1 X217.664 Y191.075 E1005.11711
G1 X221.198 Y191.075 E1005.18616
G1 X201.882 Y210.391 E1005.71995
G1 X201.075 Y210.396 E1005.73572
G1 X201.075 Y210.73 E1005.74224
G1 X201.885 Y210.725 E1005.75807
G1 X228.128 Y236.991 E1006.48359
G1 X228.925 Y236.991 E1006.49917
G1 X228.925 Y237.323 E1006.50565
G1 X228.127 Y237.323 E1006.52125
G1 X226.525 Y238.925 E1006.56552
G1 X221.199 Y238.925 E1006.66959
G1 X201.882 Y219.608 E1007.2034
G1 X201.075 Y219.603 E1007.21917
G1 X201.075 Y219.269 E1007.22569
G1 X201.885 Y219.274 E1007.24152
G1 X228.128 Y193.008 E1007.96704
G1 X228.925 Y193.008 E1007.98262
G1 X228.925 Y192.676 E1007.9891
G1 X228.127 Y192.676 E1008.0047
G1 X226.527 Y191.075 E1008.04893
G1 X228.925 Y191.075 E1008.09578
G1 X229.03 Y191.075
G1 F2400 E1002.09578
G0 F15000 X200.92 Y215
G0 X200.63 Y215
M204 S1250
;TYPE:WALL-INNER
G1 F2400 E1008.09578
G1 F9715.5 X200.63 Y239.37 E1008.52132
G1 X229.37 Y239.37 E1009.02317
G1 X229.37 Y190.63 E1009.87425
G1 X200.63 Y190.63 E1010.37609
G1 X200.63 Y215 E1010.80163
M204 S2500
G0 F15000 X200.21 Y215
M204 S1250
;TYPE:WALL-OUTER
G1 F7500 X200.21 Y239.79 E1011.2345
G1 X229.79 Y239.79 E1011.75101
G1 X229.79 Y190.21 E1012.61676
G1 X200.21 Y190.21 E1013.13327
G1 X200.21 Y215 E1013.56614
M204 S2500
G0 F15000 X200.21 Y215.2
G0 X201.24 Y215.2
G1 F2400 E1007.56614
;MESH:NONMESH
G0 F600 X201.24 Y215.2 Z3
G0 F15000 X208.801 Y191.075
;TIME_ELAPSED:654.991089
;LAYER:27
;note -- min layer time used
;TYPE:FILL
;MESH:table_soft_spacer_30x30-Body.stl
G1 F2400 E1013.56614
G1 F11930.9 X228.128 Y210.402 E1014.10023
G1 X228.925 Y210.402 E1014.1158
G1 X228.925 Y210.734 E1014.12229
G1 X228.127 Y210.734 E1014.13789
G1 X201.885 Y237 E1014.86339
G1 X201.075 Y236.995 E1014.87922
G1 X201.075 Y237.329 E1014.88575
G1 X201.883 Y237.334 E1014.90154
G1 X203.474 Y238.925 E1014.9455
G1 X208.799 Y238.925 E1015.04956
G1 X228.127 Y219.597 E1015.58367
G1 X228.925 Y219.597 E1015.59926
G1 X228.925 Y219.265 E1015.60575
G1 X228.128 Y219.265 E1015.62132
G1 X201.885 Y192.999 E1016.34685
G1 X201.075 Y193.004 E1016.36267
G1 X201.075 Y192.67 E1016.3692
G1 X201.882 Y192.665 E1016.38497
G1 X203.472 Y191.075 E1016.42891
G1 X212.335 Y191.075 E1016.60209
G1 X201.882 Y201.528 E1016.89095
G1 X201.075 Y201.533 E1016.90672
G1 X201.075 Y201.867 E1016.91325
G1 X201.885 Y201.862 E1016.92908
G1 X228.127 Y228.127 E1017.65457
G1 X228.925 Y228.127 E1017.67017
G1 X228.925 Y228.459 E1017.67665
G1 X228.128 Y228.459 E1017.69223
G1 X217.662 Y238.925 E1017.98145
G1 X212.336 Y238.925 E1018.08552
G1 X201.882 Y228.471 E1018.37441
G1 X201.075 Y228.466 E1018.39017
G1 X201.075 Y228.132 E1018.3967
G1 X201.885 Y228.137 E1018.41253
G1 X228.128 Y201.871 E1019.13805
G1 X228.925 Y201.871 E1019.15363
G1 X228.925 Y201.539 E1019.16011
G1 X228.128 Y201.539 E1019.17569
G1 X217.664 Y191.075 E1019.46485
G1 X221.198 Y191.075 E1019.53391
G1 X201.882 Y210.391 E1020.06769
G1 X201.075 Y210.396 E1020.08346
G1 X201.075 Y210.73 E1020.08998
G1 X201.885 Y210.725 E1020.10581
G1 X228.128 Y236.991 E1020.83133
G1 X228.925 Y236.991 E1020.84691
G1 X228.925 Y237.323 E1020.8534
G1 X228.127 Y237.323 E1020.86899
G1 X226.525 Y238.925 E1020.91326
G1 X221.199 Y238.925 E1021.01733
G1 X201.882 Y219.608 E1021.55114
G1 X201.075 Y219.603 E1021.56691
G1 X201.075 Y219.269 E1021.57344
G1 X201.885 Y219.274 E1021.58926
G1 X228.128 Y193.008 E1022.31479
G1 X228.925 Y193.008 E1022.33036
G1 X228.925 Y192.676 E1022.33685
G1 X228.127 Y192.676 E1022.35244
G1 X226.527 Y191.075 E1022.39667
G1 X228.925 Y191.075 E1022.44353
G1 X229.03 Y191.075
G1 F2400 E1016.44353
G0 F15000 X200.92 Y215
G0 X200.63 Y215
M204 S1250
;TYPE:WALL-INNER
G1 F2400 E1022.44353
G1 F9715.5 X200.63 Y239.37 E1022.86906
G1 X229.37 Y239.37 E1023.37091
G1 X229.37 Y190.63 E1024.22199
G1 X200.63 Y190.63 E1024.72383
G1 X200.63 Y215 E1025.14937
M204 S2500
G0 F15000 X200.21 Y215
M204 S1250
;TYPE:WALL-OUTER
G1 F7500 X200.21 Y239.79 E1025.58224
G1 X229.79 Y239.79 E1026.09876
G1 X229.79 Y190.21 E1026.9645
G1 X200.21 Y190.21 E1027.48101
G1 X200.21 Y215 E1027.91389
M204 S2500
G0 F15000 X200.21 Y215.2
G0 X201.24 Y215.2
G1 F2400 E1021.91389
;MESH:NONMESH
G0 F600 X201.24 Y215.2 Z3.1
G0 F15000 X208.801 Y191.075
;TIME_ELAPSED:664.133567
;LAYER:28
;note -- min layer time used
;TYPE:FILL
;MESH:table_soft_spacer_30x30-Body.stl
G1 F2400 E1027.91389
G1 F11930.9 X228.128 Y210.402 E1028.44797
G1 X228.925 Y210.402 E1028.46355
G1 X228.925 Y210.734 E1028.47003
G1 X228.127 Y210.734 E1028.48563
G1 X201.885 Y237 E1029.21114
G1 X201.075 Y236.995 E1029.22696
G1 X201.075 Y237.329 E1029.23349
G1 X201.883 Y237.334 E1029.24928
G1 X203.474 Y238.925 E1029.29325
G1 X208.799 Y238.925 E1029.3973
G1 X228.127 Y219.597 E1029.93141
G1 X228.925 Y219.597 E1029.947
G1 X228.925 Y219.265 E1029.95349
G1 X228.128 Y219.265 E1029.96907
G1 X201.885 Y192.999 E1030.69459
G1 X201.075 Y193.004 E1030.71042
G1 X201.075 Y192.67 E1030.71694
G1 X201.882 Y192.665 E1030.73271
G1 X203.472 Y191.075 E1030.77665
G1 X212.335 Y191.075 E1030.94984
G1 X201.882 Y201.528 E1031.2387
G1 X201.075 Y201.533 E1031.25447
G1 X201.075 Y201.867 E1031.26099
G1 X201.885 Y201.862 E1031.27682
G1 X228.127 Y228.127 E1032.00231
G1 X228.925 Y228.127 E1032.01791
G1 X228.925 Y228.459 E1032.02439
G1 X228.128 Y228.459 E1032.03997
G1 X217.662 Y238.925 E1032.32919
G1 X212.336 Y238.925 E1032.43326
G1 X201.882 Y228.471 E1032.72215
G1 X201.075 Y228.466 E1032.73792
G1 X201.075 Y228.132 E1032.74444
G1 X201.885 Y228.137 E1032.76027
G1 X228.128 Y201.871 E1033.48579
G1 X228.925 Y201.871 E1033.50137
G1 X228.925 Y201.539 E1033.50785
G1 X228.128 Y201.539 E1033.52343
G1 X217.664 Y191.075 E1033.81259
G1 X221.198 Y191.075 E1033.88165
G1 X201.882 Y210.391 E1034.41543
G1 X201.075 Y210.396 E1034.4312
G1 X201.075 Y210.73 E1034.43773
G1 X201.885 Y210.725 E1034.45355
G1 X228.128 Y236.991 E1035.17908
G1 X228.925 Y236.991 E1035.19465
G1 X228.925 Y237.323 E1035.20114
G1 X228.127 Y237.323 E1035.21673
G1 X226.525 Y238.925 E1035.261
G1 X221.199 Y238.925 E1035.36507
G1 X201.882 Y219.608 E1035.89888
G1 X201.075 Y219.603 E1035.91465
G1 X201.075 Y219.269 E1035.92118
G1 X201.885 Y219.274 E1035.93701
G1 X228.128 Y193.008 E1036.66253
G1 X228.925 Y193.008 E1036.6781
G1 X228.925 Y192.676 E1036.68459
G1 X228.127 Y192.676 E1036.70018
G1 X226.527 Y191.075 E1036.74441
G1 X228.925 Y191.075 E1036.79127
G1 X229.03 Y191.075
G1 F2400 E1030.79127
G0 F15000 X200.92 Y215
G0 X200.63 Y215
M204 S1250
;TYPE:WALL-INNER
G1 F2400 E1036.79127
G1 F9715.5 X200.63 Y239.37 E1037.21681
G1 X229.37 Y239.37 E1037.71865
G1 X229.37 Y190.63 E1038.56973
G1 X200.63 Y190.63 E1039.07157
G1 X200.63 Y215 E1039.49711
M204 S2500
G0 F15000 X200.21 Y215
M204 S1250
;TYPE:WALL-OUTER
G1 F7500 X200.21 Y239.79 E1039.92999
G1 X229.79 Y239.79 E1040.4465
G1 X229.79 Y190.21 E1041.31224
G1 X200.21 Y190.21 E1041.82876
G1 X200.21 Y215 E1042.26163
M204 S2500
G0 F15000 X200.21 Y215.2
G0 X201.24 Y215.2
G1 F2400 E1036.26163
;MESH:NONMESH
G0 F600 X201.24 Y215.2 Z3.2
G0 F15000 X208.801 Y191.075
;TIME_ELAPSED:673.276045
;LAYER:29
;note -- min layer time used
;TYPE:FILL
;MESH:table_soft_spacer_30x30-Body.stl
G1 F2400 E1042.26163
G1 F11930.9 X228.128 Y210.402 E1042.79572
G1 X228.925 Y210.402 E1042.81129
G1 X228.925 Y210.734 E1042.81778
G1 X228.127 Y210.734 E1042.83337
G1 X201.885 Y237 E1043.55888
G1 X201.075 Y236.995 E1043.57471
G1 X201.075 Y237.329 E1043.58123
G1 X201.883 Y237.334 E1043.59702
G1 X203.474 Y238.925 E1043.64099
G1 X208.799 Y238.925 E1043.74504
G1 X228.127 Y219.597 E1044.27915
G1 X228.925 Y219.597 E1044.29475
G1 X228.925 Y219.265 E1044.30123
G1 X228.128 Y219.265 E1044.31681
G1 X201.885 Y192.999 E1045.04233
G1 X201.075 Y193.004 E1045.05816
G1 X201.075 Y192.67 E1045.06468
G1 X201.882 Y192.665 E1045.08045
G1 X203.472 Y191.075 E1045.12439
G1 X212.335 Y191.075 E1045.29758
G1 X201.882 Y201.528 E1045.58644
G1 X201.075 Y201.533 E1045.60221
G1 X201.075 Y201.867 E1045.60873
G1 X201.885 Y201.862 E1045.62456
G1 X228.127 Y228.127 E1046.35006
G1 X228.925 Y228.127 E1046.36565
G1 X228.925 Y228.459 E1046.37214
G1 X228.128 Y228.459 E1046.38771
G1 X217.662 Y238.925 E1046.67693
G1 X212.336 Y238.925 E1046.781
G1 X201.882 Y228.471 E1047.06989
G1 X201.075 Y228.466 E1047.08566
G1 X201.075 Y228.132 E1047.09219
G1 X201.885 Y228.137 E1047.10801
G1 X228.128 Y201.871 E1047.83354
G1 X228.925 Y201.871 E1047.84911
G1 X228.925 Y201.539 E1047.8556
G1 X228.128 Y201.539 E1047.87117
G1 X217.664 Y191.075 E1048.16033
G1 X221.198 Y191.075 E1048.22939
G1 X201.882 Y210.391 E1048.76317
G1 X201.075 Y210.396 E1048.77894
G1 X201.075 Y210.73 E1048.78547
G1 X201.885 Y210.725 E1048.8013
G1 X228.128 Y236.991 E1049.52682
G1 X228.925 Y236.991 E1049.54239
G1 X228.925 Y237.323 E1049.54888
G1 X228.127 Y237.323 E1049.56447
G1 X226.525 Y238.925 E1049.60874
G1 X221.199 Y238.925 E1049.71281
G1 X201.882 Y219.608 E1050.24662
G1 X201.075 Y219.603 E1050.26239
G1 X201.075 Y219.269 E1050.26892
G1 X201.885 Y219.274 E1050.28475
G1 X228.128 Y193.008 E1051.01027
G1 X228.925 Y193.008 E1051.02584
G1 X228.925 Y192.676 E1051.03233
G1 X228.127 Y192.676 E1051.04792
G1 X226.527 Y191.075 E1051.09215
G1 X228.925 Y191.075 E1051.13901
G1 X229.03 Y191.075
G1 F2400 E1045.13901
G0 F15000 X200.92 Y215
G0 X200.63 Y215
M204 S1250
;TYPE:WALL-INNER
G1 F2400 E1051.13901
G1 F9715.5 X200.63 Y239.37 E1051.56455
G1 X229.37 Y239.37 E1052.06639
G1 X229.37 Y190.63 E1052.91747
G1 X200.63 Y190.63 E1053.41932
G1 X200.63 Y215 E1053.84486
M204 S2500
G0 F15000 X200.21 Y215
M204 S1250
;TYPE:WALL-OUTER
G1 F7500 X200.21 Y239.79 E1054.27773
G1 X229.79 Y239.79 E1054.79424
G1 X229.79 Y190.21 E1055.65999
G1 X200.21 Y190.21 E1056.1765
G1 X200.21 Y215 E1056.60937
M204 S2500
G0 F15000 X200.21 Y215.2
G0 X201.24 Y215.2
G1 F2400 E1050.60937
;MESH:NONMESH
G0 F600 X201.24 Y215.2 Z3.3
G0 F15000 X208.801 Y191.075
;TIME_ELAPSED:682.418522
;LAYER:30
;note -- min layer time used
;TYPE:FILL
;MESH:table_soft_spacer_30x30-Body.stl
G1 F2400 E1056.60937
G1 F11930.9 X228.128 Y210.402 E1057.14346
G1 X228.925 Y210.402 E1057.15903
G1 X228.925 Y210.734 E1057.16552
G1 X228.127 Y210.734 E1057.18111
G1 X201.885 Y237 E1057.90662
G1 X201.075 Y236.995 E1057.92245
G1 X201.075 Y237.329 E1057.92897
G1 X201.883 Y237.334 E1057.94476
G1 X203.474 Y238.925 E1057.98873
G1 X208.799 Y238.925 E1058.09278
G1 X228.127 Y219.597 E1058.6269
G1 X228.925 Y219.597 E1058.64249
G1 X228.925 Y219.265 E1058.64898
G1 X228.128 Y219.265 E1058.66455
G1 X201.885 Y192.999 E1059.39007
G1 X201.075 Y193.004 E1059.4059
G1 X201.075 Y192.67 E1059.41243
G1 X201.882 Y192.665 E1059.4282
G1 X203.472 Y191.075 E1059.47213
G1 X212.335 Y191.075 E1059.64532
G1 X201.882 Y201.528 E1059.93418
G1 X201.075 Y201.533 E1059.94995
G1 X201.075 Y201.867 E1059.95648
G1 X201.885 Y201.862 E1059.9723
G1 X228.127 Y228.127 E1060.6978
G1 X228.925 Y228.127 E1060.71339
G1 X228.925 Y228.459 E1060.71988
G1 X228.128 Y228.459 E1060.73545
G1 X217.662 Y238.925 E1061.02467
G1 X212.336 Y238.925 E1061.12874
G1 X201.882 Y228.471 E1061.41763
G1 X201.075 Y228.466 E1061.4334
G1 X201.075 Y228.132 E1061.43993
G1 X201.885 Y228.137 E1061.45576
G1 X228.128 Y201.871 E1062.18128
G1 X228.925 Y201.871 E1062.19685
G1 X228.925 Y201.539 E1062.20334
G1 X228.128 Y201.539 E1062.21891
G1 X217.664 Y191.075 E1062.50808
G1 X221.198 Y191.075 E1062.57713
G1 X201.882 Y210.391 E1063.11091
G1 X201.075 Y210.396 E1063.12668
G1 X201.075 Y210.73 E1063.13321
G1 X201.885 Y210.725 E1063.14904
G1 X228.128 Y236.991 E1063.87456
G1 X228.925 Y236.991 E1063.89013
G1 X228.925 Y237.323 E1063.89662
G1 X228.127 Y237.323 E1063.91221
G1 X226.525 Y238.925 E1063.95648
G1 X221.199 Y238.925 E1064.06056
G1 X201.882 Y219.608 E1064.59437
G1 X201.075 Y219.603 E1064.61014
G1 X201.075 Y219.269 E1064.61666
G1 X201.885 Y219.274 E1064.63249
G1 X228.128 Y193.008 E1065.35801
G1 X228.925 Y193.008 E1065.37359
G1 X228.925 Y192.676 E1065.38007
G1 X228.127 Y192.676 E1065.39567
G1 X226.527 Y191.075 E1065.4399
G1 X228.925 Y191.075 E1065.48675
G1 X229.03 Y191.075
G1 F2400 E1059.48675
G0 F15000 X200.92 Y215
G0 X200.63 Y215
M204 S1250
;TYPE:WALL-INNER
G1 F2400 E1065.48675
G1 F9715.5 X200.63 Y239.37 E1065.91229
G1 X229.37 Y239.37 E1066.41414
G1 X229.37 Y190.63 E1067.26521
G1 X200.63 Y190.63 E1067.76706
G1 X200.63 Y215 E1068.1926
M204 S2500
G0 F15000 X200.21 Y215
M204 S1250
;TYPE:WALL-OUTER
G1 F7500 X200.21 Y239.79 E1068.62547
G1 X229.79 Y239.79 E1069.14198
G1 X229.79 Y190.21 E1070.00773
G1 X200.21 Y190.21 E1070.52424
G1 X200.21 Y215 E1070.95711
M204 S2500
G0 F15000 X200.21 Y215.2
G0 X201.24 Y215.2
G1 F2400 E1064.95711
;MESH:NONMESH
G0 F600 X201.24 Y215.2 Z3.4
G0 F15000 X208.801 Y191.075
;TIME_ELAPSED:691.561000
;LAYER:31
;note -- min layer time used
;TYPE:FILL
;MESH:table_soft_spacer_30x30-Body.stl
G1 F2400 E1070.95711
G1 F11930.9 X228.128 Y210.402 E1071.4912
G1 X228.925 Y210.402 E1071.50677
G1 X228.925 Y210.734 E1071.51326
G1 X228.127 Y210.734 E1071.52885
G1 X201.885 Y237 E1072.25436
G1 X201.075 Y236.995 E1072.27019
G1 X201.075 Y237.329 E1072.27672
G1 X201.883 Y237.334 E1072.29251
G1 X203.474 Y238.925 E1072.33647
G1 X208.799 Y238.925 E1072.44052
G1 X228.127 Y219.597 E1072.97464
G1 X228.925 Y219.597 E1072.99023
G1 X228.925 Y219.265 E1072.99672
G1 X228.128 Y219.265 E1073.01229
G1 X201.885 Y192.999 E1073.73781
G1 X201.075 Y193.004 E1073.75364
G1 X201.075 Y192.67 E1073.76017
G1 X201.882 Y192.665 E1073.77594
G1 X203.472 Y191.075 E1073.81988
G1 X212.335 Y191.075 E1073.99306
G1 X201.882 Y201.528 E1074.28192
G1 X201.075 Y201.533 E1074.29769
G1 X201.075 Y201.867 E1074.30422
G1 X201.885 Y201.862 E1074.32005
G1 X228.127 Y228.127 E1075.04554
G1 X228.925 Y228.127 E1075.06113
G1 X228.925 Y228.459 E1075.06762
G1 X228.128 Y228.459 E1075.0832
G1 X217.662 Y238.925 E1075.37241
G1 X212.336 Y238.925 E1075.47649
G1 X201.882 Y228.471 E1075.76537
G1 X201.075 Y228.466 E1075.78114
G1 X201.075 Y228.132 E1075.78767
G1 X201.885 Y228.137 E1075.8035
G1 X228.128 Y201.871 E1076.52902
G1 X228.925 Y201.871 E1076.54459
G1 X228.925 Y201.539 E1076.55108
G1 X228.128 Y201.539 E1076.56665
G1 X217.664 Y191.075 E1076.85582
G1 X221.198 Y191.075 E1076.92487
G1 X201.882 Y210.391 E1077.45866
G1 X201.075 Y210.396 E1077.47443
G1 X201.075 Y210.73 E1077.48095
G1 X201.885 Y210.725 E1077.49678
G1 X228.128 Y236.991 E1078.2223
G1 X228.925 Y236.991 E1078.23788
G1 X228.925 Y237.323 E1078.24436
G1 X228.127 Y237.323 E1078.25996
G1 X226.525 Y238.925 E1078.30423
G1 X221.199 Y238.925 E1078.4083
G1 X201.882 Y219.608 E1078.94211
G1 X201.075 Y219.603 E1078.95788
G1 X201.075 Y219.269 E1078.9644
G1 X201.885 Y219.274 E1078.98023
G1 X228.128 Y193.008 E1079.70575
G1 X228.925 Y193.008 E1079.72133
G1 X228.925 Y192.676 E1079.72782
G1 X228.127 Y192.676 E1079.74341
G1 X226.527 Y191.075 E1079.78764
G1 X228.925 Y191.075 E1079.8345
G1 X229.03 Y191.075
G1 F2400 E1073.8345
G0 F15000 X200.92 Y215
G0 X200.63 Y215
M204 S1250
;TYPE:WALL-INNER
G1 F2400 E1079.8345
G1 F9715.5 X200.63 Y239.37 E1080.26003
G1 X229.37 Y239.37 E1080.76188
G1 X229.37 Y190.63 E1081.61296
G1 X200.63 Y190.63 E1082.1148
G1 X200.63 Y215 E1082.54034
M204 S2500
G0 F15000 X200.21 Y215
M204 S1250
;TYPE:WALL-OUTER
G1 F7500 X200.21 Y239.79 E1082.97321
G1 X229.79 Y239.79 E1083.48973
G1 X229.79 Y190.21 E1084.35547
G1 X200.21 Y190.21 E1084.87198
G1 X200.21 Y215 E1085.30486
M204 S2500
G0 F15000 X200.21 Y215.2
G0 X201.24 Y215.2
G1 F2400 E1079.30486
;MESH:NONMESH
G0 F600 X201.24 Y215.2 Z3.5
G0 F15000 X208.801 Y191.075
;TIME_ELAPSED:700.703478
;LAYER:32
;note -- min layer time used
;TYPE:FILL
;MESH:table_soft_spacer_30x30-Body.stl
G1 F2400 E1085.30486
G1 F11930.9 X228.128 Y210.402 E1085.83894
G1 X228.925 Y210.402 E1085.85452
G1 X228.925 Y210.734 E1085.861
G1 X228.127 Y210.734 E1085.8766
G1 X201.885 Y237 E1086.6021
G1 X201.075 Y236.995 E1086.61793
G1 X201.075 Y237.329 E1086.62446
G1 X201.883 Y237.334 E1086.64025
G1 X203.474 Y238.925 E1086.68421
G1 X208.799 Y238.925 E1086.78827
G1 X228.127 Y219.597 E1087.32238
G1 X228.925 Y219.597 E1087.33797
G1 X228.925 Y219.265 E1087.34446
G1 X228.128 Y219.265 E1087.36003
G1 X201.885 Y192.999 E1088.08556
G1 X201.075 Y193.004 E1088.10138
G1 X201.075 Y192.67 E1088.10791
G1 X201.882 Y192.665 E1088.12368
G1 X203.472 Y191.075 E1088.16762
G1 X212.335 Y191.075 E1088.3408
G1 X201.882 Y201.528 E1088.62966
G1 X201.075 Y201.533 E1088.64543
G1 X201.075 Y201.867 E1088.65196
G1 X201.885 Y201.862 E1088.66779
G1 X228.127 Y228.127 E1089.39328
G1 X228.925 Y228.127 E1089.40888
G1 X228.925 Y228.459 E1089.41536
G1 X228.128 Y228.459 E1089.43094
G1 X217.662 Y238.925 E1089.72016
G1 X212.336 Y238.925 E1089.82423
G1 X201.882 Y228.471 E1090.11312
G1 X201.075 Y228.466 E1090.12889
G1 X201.075 Y228.132 E1090.13541
G1 X201.885 Y228.137 E1090.15124
G1 X228.128 Y201.871 E1090.87676
G1 X228.925 Y201.871 E1090.89234
G1 X228.925 Y201.539 E1090.89882
G1 X228.128 Y201.539 E1090.9144
G1 X217.664 Y191.075 E1091.20356
G1 X221.198 Y191.075 E1091.27262
G1 X201.882 Y210.391 E1091.8064
G1 X201.075 Y210.396 E1091.82217
G1 X201.075 Y210.73 E1091.82869
G1 X201.885 Y210.725 E1091.84452
G1 X228.128 Y236.991 E1092.57005
G1 X228.925 Y236.991 E1092.58562
G1 X228.925 Y237.323 E1092.59211
G1 X228.127 Y237.323 E1092.6077
G1 X226.525 Y238.925 E1092.65197
G1 X221.199 Y238.925 E1092.75604
G1 X201.882 Y219.608 E1093.28985
G1 X201.075 Y219.603 E1093.30562
G1 X201.075 Y219.269 E1093.31215
G1 X201.885 Y219.274 E1093.32797
G1 X228.128 Y193.008 E1094.0535
G1 X228.925 Y193.008 E1094.06907
G1 X228.925 Y192.676 E1094.07556
G1 X228.127 Y192.676 E1094.09115
G1 X226.527 Y191.075 E1094.13538
G1 X228.925 Y191.075 E1094.18224
G1 X229.03 Y191.075
G1 F2400 E1088.18224
G0 F15000 X200.92 Y215
G0 X200.63 Y215
M204 S1250
;TYPE:WALL-INNER
G1 F2400 E1094.18224
G1 F9715.5 X200.63 Y239.37 E1094.60778
G1 X229.37 Y239.37 E1095.10962
G1 X229.37 Y190.63 E1095.9607
G1 X200.63 Y190.63 E1096.46254
G1 X200.63 Y215 E1096.88808
M204 S2500
G0 F15000 X200.21 Y215
M204 S1250
;TYPE:WALL-OUTER
G1 F7500 X200.21 Y239.79 E1097.32095
G1 X229.79 Y239.79 E1097.83747
G1 X229.79 Y190.21 E1098.70321
G1 X200.21 Y190.21 E1099.21973
G1 X200.21 Y215 E1099.6526
M204 S2500
G0 F15000 X200.21 Y215.2
G0 X201.24 Y215.2
G1 F2400 E1093.6526
;MESH:NONMESH
G0 F600 X201.24 Y215.2 Z3.6
G0 F15000 X208.801 Y191.075
;TIME_ELAPSED:709.845956
;LAYER:33
;note -- min layer time used
;TYPE:FILL
;MESH:table_soft_spacer_30x30-Body.stl
G1 F2400 E1099.6526
G1 F11930.9 X228.128 Y210.402 E1100.18668
G1 X228.925 Y210.402 E1100.20226
G1 X228.925 Y210.734 E1100.20875
G1 X228.127 Y210.734 E1100.22434
G1 X201.885 Y237 E1100.94985
G1 X201.075 Y236.995 E1100.96567
G1 X201.075 Y237.329 E1100.9722
G1 X201.883 Y237.334 E1100.98799
G1 X203.474 Y238.925 E1101.03196
G1 X208.799 Y238.925 E1101.13601
G1 X228.127 Y219.597 E1101.67012
G1 X228.925 Y219.597 E1101.68572
G1 X228.925 Y219.265 E1101.6922
G1 X228.128 Y219.265 E1101.70778
G1 X201.885 Y192.999 E1102.4333
G1 X201.075 Y193.004 E1102.44913
G1 X201.075 Y192.67 E1102.45565
G1 X201.882 Y192.665 E1102.47142
G1 X203.472 Y191.075 E1102.51536
G1 X212.335 Y191.075 E1102.68855
G1 X201.882 Y201.528 E1102.97741
G1 X201.075 Y201.533 E1102.99318
G1 X201.075 Y201.867 E1102.9997
G1 X201.885 Y201.862 E1103.01553
G1 X228.127 Y228.127 E1103.74103
G1 X228.925 Y228.127 E1103.75662
G1 X228.925 Y228.459 E1103.76311
G1 X228.128 Y228.459 E1103.77868
G1 X217.662 Y238.925 E1104.0679
G1 X212.336 Y238.925 E1104.17197
G1 X201.882 Y228.471 E1104.46086
G1 X201.075 Y228.466 E1104.47663
G1 X201.075 Y228.132 E1104.48315
G1 X201.885 Y228.137 E1104.49898
G1 X228.128 Y201.871 E1105.2245
G1 X228.925 Y201.871 E1105.24008
G1 X228.925 Y201.539 E1105.24657
G1 X228.128 Y201.539 E1105.26214
G1 X217.664 Y191.075 E1105.5513
G1 X221.198 Y191.075 E1105.62036
G1 X201.882 Y210.391 E1106.15414
G1 X201.075 Y210.396 E1106.16991
G1 X201.075 Y210.73 E1106.17644
G1 X201.885 Y210.725 E1106.19227
G1 X228.128 Y236.991 E1106.91779
G1 X228.925 Y236.991 E1106.93336
G1 X228.925 Y237.323 E1106.93985
G1 X228.127 Y237.323 E1106.95544
G1 X226.525 Y238.925 E1106.99971
G1 X221.199 Y238.925 E1107.10378
G1 X201.882 Y219.608 E1107.63759
G1 X201.075 Y219.603 E1107.65336
G1 X201.075 Y219.269 E1107.65989
G1 X201.885 Y219.274 E1107.67572
G1 X228.128 Y193.008 E1108.40124
G1 X228.925 Y193.008 E1108.41681
G1 X228.925 Y192.676 E1108.4233
G1 X228.127 Y192.676 E1108.43889
G1 X226.527 Y191.075 E1108.48312
G1 X228.925 Y191.075 E1108.52998
G1 X229.03 Y191.075
G1 F2400 E1102.52998
G0 F15000 X200.92 Y215
G0 X200.63 Y215
M204 S1250
;TYPE:WALL-INNER
G1 F2400 E1108.52998
G1 F9715.5 X200.63 Y239.37 E1108.95552
G1 X229.37 Y239.37 E1109.45736
G1 X229.37 Y190.63 E1110.30844
G1 X200.63 Y190.63 E1110.81029
G1 X200.63 Y215 E1111.23582
M204 S2500
G0 F15000 X200.21 Y215
M204 S1250
;TYPE:WALL-OUTER
G1 F7500 X200.21 Y239.79 E1111.6687
G1 X229.79 Y239.79 E1112.18521
G1 X229.79 Y190.21 E1113.05095
G1 X200.21 Y190.21 E1113.56747
G1 X200.21 Y215 E1114.00034
M204 S2500
G0 F15000 X200.21 Y215.2
G0 X201.24 Y215.2
G1 F2400 E1108.00034
;MESH:NONMESH
G0 F600 X201.24 Y215.2 Z3.7
G0 F15000 X208.801 Y191.075
;TIME_ELAPSED:718.988434
;LAYER:34
;note -- min layer time used
;TYPE:FILL
;MESH:table_soft_spacer_30x30-Body.stl
G1 F2400 E1114.00034
G1 F11930.9 X228.128 Y210.402 E1114.53443
G1 X228.925 Y210.402 E1114.55
G1 X228.925 Y210.734 E1114.55649
G1 X228.127 Y210.734 E1114.57208
G1 X201.885 Y237 E1115.29759
G1 X201.075 Y236.995 E1115.31342
G1 X201.075 Y237.329 E1115.31994
G1 X201.883 Y237.334 E1115.33573
G1 X203.474 Y238.925 E1115.3797
G1 X208.799 Y238.925 E1115.48375
G1 X228.127 Y219.597 E1116.01786
G1 X228.925 Y219.597 E1116.03346
G1 X228.925 Y219.265 E1116.03995
G1 X228.128 Y219.265 E1116.05552
G1 X201.885 Y192.999 E1116.78104
G1 X201.075 Y193.004 E1116.79687
G1 X201.075 Y192.67 E1116.8034
G1 X201.882 Y192.665 E1116.81916
G1 X203.472 Y191.075 E1116.8631
G1 X212.335 Y191.075 E1117.03629
G1 X201.882 Y201.528 E1117.32515
G1 X201.075 Y201.533 E1117.34092
G1 X201.075 Y201.867 E1117.34744
G1 X201.885 Y201.862 E1117.36327
G1 X228.127 Y228.127 E1118.08877
G1 X228.925 Y228.127 E1118.10436
G1 X228.925 Y228.459 E1118.11085
G1 X228.128 Y228.459 E1118.12642
G1 X217.662 Y238.925 E1118.41564
G1 X212.336 Y238.925 E1118.51971
G1 X201.882 Y228.471 E1118.8086
G1 X201.075 Y228.466 E1118.82437
G1 X201.075 Y228.132 E1118.8309
G1 X201.885 Y228.137 E1118.84672
G1 X228.128 Y201.871 E1119.57225
G1 X228.925 Y201.871 E1119.58782
G1 X228.925 Y201.539 E1119.59431
G1 X228.128 Y201.539 E1119.60988
G1 X217.664 Y191.075 E1119.89905
G1 X221.198 Y191.075 E1119.9681
G1 X201.882 Y210.391 E1120.50188
G1 X201.075 Y210.396 E1120.51765
G1 X201.075 Y210.73 E1120.52418
G1 X201.885 Y210.725 E1120.54001
G1 X228.128 Y236.991 E1121.26553
G1 X228.925 Y236.991 E1121.2811
G1 X228.925 Y237.323 E1121.28759
G1 X228.127 Y237.323 E1121.30318
G1 X226.525 Y238.925 E1121.34745
G1 X221.199 Y238.925 E1121.45153
G1 X201.882 Y219.608 E1121.98534
G1 X201.075 Y219.603 E1122.0011
G1 X201.075 Y219.269 E1122.00763
G1 X201.885 Y219.274 E1122.02346
G1 X228.128 Y193.008 E1122.74898
G1 X228.925 Y193.008 E1122.76455
G1 X228.925 Y192.676 E1122.77104
G1 X228.127 Y192.676 E1122.78664
G1 X226.527 Y191.075 E1122.83086
G1 X228.925 Y191.075 E1122.87772
G1 X229.03 Y191.075
G1 F2400 E1116.87772
G0 F15000 X200.92 Y215
G0 X200.63 Y215
M204 S1250
;TYPE:WALL-INNER
G1 F2400 E1122.87772
G1 F9715.5 X200.63 Y239.37 E1123.30326
G1 X229.37 Y239.37 E1123.80511
G1 X229.37 Y190.63 E1124.65618
G1 X200.63 Y190.63 E1125.15803
G1 X200.63 Y215 E1125.58357
M204 S2500
G0 F15000 X200.21 Y215
M204 S1250
;TYPE:WALL-OUTER
G1 F7500 X200.21 Y239.79 E1126.01644
G1 X229.79 Y239.79 E1126.53295
G1 X229.79 Y190.21 E1127.3987
G1 X200.21 Y190.21 E1127.91521
G1 X200.21 Y215 E1128.34808
M204 S2500
G0 F15000 X200.21 Y215.2
G0 X201.24 Y215.2
G1 F2400 E1122.34808
;MESH:NONMESH
G0 F600 X201.24 Y215.2 Z3.8
G0 F15000 X208.801 Y191.075
;TIME_ELAPSED:728.130911
;LAYER:35
;note -- min layer time used
;TYPE:FILL
;MESH:table_soft_spacer_30x30-Body.stl
G1 F2400 E1128.34808
G1 F11930.9 X228.128 Y210.402 E1128.88217
G1 X228.925 Y210.402 E1128.89774
G1 X228.925 Y210.734 E1128.90423
G1 X228.127 Y210.734 E1128.91982
G1 X201.885 Y237 E1129.64533
G1 X201.075 Y236.995 E1129.66116
G1 X201.075 Y237.329 E1129.66769
G1 X201.883 Y237.334 E1129.68347
G1 X203.474 Y238.925 E1129.72744
G1 X208.799 Y238.925 E1129.83149
G1 X228.127 Y219.597 E1130.36561
G1 X228.925 Y219.597 E1130.3812
G1 X228.925 Y219.265 E1130.38769
G1 X228.128 Y219.265 E1130.40326
G1 X201.885 Y192.999 E1131.12878
G1 X201.075 Y193.004 E1131.14461
G1 X201.075 Y192.67 E1131.15114
G1 X201.882 Y192.665 E1131.16691
G1 X203.472 Y191.075 E1131.21085
G1 X212.335 Y191.075 E1131.38403
G1 X201.882 Y201.528 E1131.67289
G1 X201.075 Y201.533 E1131.68866
G1 X201.075 Y201.867 E1131.69519
G1 X201.885 Y201.862 E1131.71102
G1 X228.127 Y228.127 E1132.43651
G1 X228.925 Y228.127 E1132.4521
G1 X228.925 Y228.459 E1132.45859
G1 X228.128 Y228.459 E1132.47416
G1 X217.662 Y238.925 E1132.76338
G1 X212.336 Y238.925 E1132.86746
G1 X201.882 Y228.471 E1133.15634
G1 X201.075 Y228.466 E1133.17211
G1 X201.075 Y228.132 E1133.17864
G1 X201.885 Y228.137 E1133.19447
G1 X228.128 Y201.871 E1133.91999
G1 X228.925 Y201.871 E1133.93556
G1 X228.925 Y201.539 E1133.94205
G1 X228.128 Y201.539 E1133.95762
G1 X217.664 Y191.075 E1134.24679
G1 X221.198 Y191.075 E1134.31584
G1 X201.882 Y210.391 E1134.84963
G1 X201.075 Y210.396 E1134.8654
G1 X201.075 Y210.73 E1134.87192
G1 X201.885 Y210.725 E1134.88775
G1 X228.128 Y236.991 E1135.61327
G1 X228.925 Y236.991 E1135.62885
G1 X228.925 Y237.323 E1135.63533
G1 X228.127 Y237.323 E1135.65093
G1 X226.525 Y238.925 E1135.6952
G1 X221.199 Y238.925 E1135.79927
G1 X201.882 Y219.608 E1136.33308
G1 X201.075 Y219.603 E1136.34885
G1 X201.075 Y219.269 E1136.35537
G1 X201.885 Y219.274 E1136.3712
G1 X228.128 Y193.008 E1137.09672
G1 X228.925 Y193.008 E1137.1123
G1 X228.925 Y192.676 E1137.11878
G1 X228.127 Y192.676 E1137.13438
G1 X226.527 Y191.075 E1137.17861
G1 X228.925 Y191.075 E1137.22546
G1 X229.03 Y191.075
G1 F2400 E1131.22546
G0 F15000 X200.92 Y215
G0 X200.63 Y215
M204 S1250
;TYPE:WALL-INNER
G1 F2400 E1137.22546
G1 F9715.5 X200.63 Y239.37 E1137.651
G1 X229.37 Y239.37 E1138.15285
G1 X229.37 Y190.63 E1139.00392
G1 X200.63 Y190.63 E1139.50577
G1 X200.63 Y215 E1139.93131
M204 S2500
G0 F15000 X200.21 Y215
M204 S1250
;TYPE:WALL-OUTER
G1 F7500 X200.21 Y239.79 E1140.36418
G1 X229.79 Y239.79 E1140.88069
G1 X229.79 Y190.21 E1141.74644
G1 X200.21 Y190.21 E1142.26295
G1 X200.21 Y215 E1142.69582
M204 S2500
G0 F15000 X200.21 Y215.2
G0 X201.24 Y215.2
G1 F2400 E1136.69582
;MESH:NONMESH
G0 F600 X201.24 Y215.2 Z3.9
G0 F15000 X208.801 Y191.075
;TIME_ELAPSED:737.273389
;LAYER:36
;note -- min layer time used
;TYPE:FILL
;MESH:table_soft_spacer_30x30-Body.stl
G1 F2400 E1142.69582
G1 F11930.9 X228.128 Y210.402 E1143.22991
G1 X228.925 Y210.402 E1143.24548
G1 X228.925 Y210.734 E1143.25197
G1 X228.127 Y210.734 E1143.26757
G1 X201.885 Y237 E1143.99307
G1 X201.075 Y236.995 E1144.0089
G1 X201.075 Y237.329 E1144.01543
G1 X201.883 Y237.334 E1144.03122
G1 X203.474 Y238.925 E1144.07518
G1 X208.799 Y238.925 E1144.17924
G1 X228.127 Y219.597 E1144.71335
G1 X228.925 Y219.597 E1144.72894
G1 X228.925 Y219.265 E1144.73543
G1 X228.128 Y219.265 E1144.751
G1 X201.885 Y192.999 E1145.47653
G1 X201.075 Y193.004 E1145.49235
G1 X201.075 Y192.67 E1145.49888
G1 X201.882 Y192.665 E1145.51465
G1 X203.472 Y191.075 E1145.55859
G1 X212.335 Y191.075 E1145.73177
G1 X201.882 Y201.528 E1146.02063
G1 X201.075 Y201.533 E1146.0364
G1 X201.075 Y201.867 E1146.04293
G1 X201.885 Y201.862 E1146.05876
G1 X228.127 Y228.127 E1146.78425
G1 X228.925 Y228.127 E1146.79985
G1 X228.925 Y228.459 E1146.80633
G1 X228.128 Y228.459 E1146.82191
G1 X217.662 Y238.925 E1147.11113
G1 X212.336 Y238.925 E1147.2152
G1 X201.882 Y228.471 E1147.50409
G1 X201.075 Y228.466 E1147.51985
G1 X201.075 Y228.132 E1147.52638
G1 X201.885 Y228.137 E1147.54221
G1 X228.128 Y201.871 E1148.26773
G1 X228.925 Y201.871 E1148.2833
G1 X228.925 Y201.539 E1148.28979
G1 X228.128 Y201.539 E1148.30537
G1 X217.664 Y191.075 E1148.59453
G1 X221.198 Y191.075 E1148.66359
G1 X201.882 Y210.391 E1149.19737
G1 X201.075 Y210.396 E1149.21314
G1 X201.075 Y210.73 E1149.21966
G1 X201.885 Y210.725 E1149.23549
G1 X228.128 Y236.991 E1149.96101
G1 X228.925 Y236.991 E1149.97659
G1 X228.925 Y237.323 E1149.98307
G1 X228.127 Y237.323 E1149.99867
G1 X226.525 Y238.925 E1150.04294
G1 X221.199 Y238.925 E1150.14701
G1 X201.882 Y219.608 E1150.68082
G1 X201.075 Y219.603 E1150.69659
G1 X201.075 Y219.269 E1150.70312
G1 X201.885 Y219.274 E1150.71894
G1 X228.128 Y193.008 E1151.44447
G1 X228.925 Y193.008 E1151.46004
G1 X228.925 Y192.676 E1151.46653
G1 X228.127 Y192.676 E1151.48212
G1 X226.527 Y191.075 E1151.52635
G1 X228.925 Y191.075 E1151.57321
G1 X229.03 Y191.075
G1 F2400 E1145.57321
G0 F15000 X200.92 Y215
G0 X200.63 Y215
M204 S1250
;TYPE:WALL-INNER
G1 F2400 E1151.57321
G1 F9715.5 X200.63 Y239.37 E1151.99874
G1 X229.37 Y239.37 E1152.50059
G1 X229.37 Y190.63 E1153.35167
G1 X200.63 Y190.63 E1153.85351
G1 X200.63 Y215 E1154.27905
M204 S2500
G0 F15000 X200.21 Y215
M204 S1250
;TYPE:WALL-OUTER
G1 F7500 X200.21 Y239.79 E1154.71192
G1 X229.79 Y239.79 E1155.22844
G1 X229.79 Y190.21 E1156.09418
G1 X200.21 Y190.21 E1156.61069
G1 X200.21 Y215 E1157.04357
M204 S2500
G0 F15000 X200.21 Y215.2
G0 X201.24 Y215.2
G1 F2400 E1151.04357
;MESH:NONMESH
G0 F600 X201.24 Y215.2 Z4
G0 F15000 X208.801 Y191.075
;TIME_ELAPSED:746.415867
;LAYER:37
;note -- min layer time used
;TYPE:FILL
;MESH:table_soft_spacer_30x30-Body.stl
G1 F2400 E1157.04357
G1 F11930.9 X228.128 Y210.402 E1157.57765
G1 X228.925 Y210.402 E1157.59323
G1 X228.925 Y210.734 E1157.59971
G1 X228.127 Y210.734 E1157.61531
G1 X201.885 Y237 E1158.34082
G1 X201.075 Y236.995 E1158.35664
G1 X201.075 Y237.329 E1158.36317
G1 X201.883 Y237.334 E1158.37896
G1 X203.474 Y238.925 E1158.42292
G1 X208.799 Y238.925 E1158.52698
G1 X228.127 Y219.597 E1159.06109
G1 X228.925 Y219.597 E1159.07668
G1 X228.925 Y219.265 E1159.08317
G1 X228.128 Y219.265 E1159.09875
G1 X201.885 Y192.999 E1159.82427
G1 X201.075 Y193.004 E1159.8401
G1 X201.075 Y192.67 E1159.84662
G1 X201.882 Y192.665 E1159.86239
G1 X203.472 Y191.075 E1159.90633
G1 X212.335 Y191.075 E1160.07952
G1 X201.882 Y201.528 E1160.36838
G1 X201.075 Y201.533 E1160.38415
G1 X201.075 Y201.867 E1160.39067
G1 X201.885 Y201.862 E1160.4065
G1 X228.127 Y228.127 E1161.13199
G1 X228.925 Y228.127 E1161.14759
G1 X228.925 Y228.459 E1161.15407
G1 X228.128 Y228.459 E1161.16965
G1 X217.662 Y238.925 E1161.45887
G1 X212.336 Y238.925 E1161.56294
G1 X201.882 Y228.471 E1161.85183
G1 X201.075 Y228.466 E1161.8676
G1 X201.075 Y228.132 E1161.87412
G1 X201.885 Y228.137 E1161.88995
G1 X228.128 Y201.871 E1162.61547
G1 X228.925 Y201.871 E1162.63105
G1 X228.925 Y201.539 E1162.63753
G1 X228.128 Y201.539 E1162.65311
G1 X217.664 Y191.075 E1162.94227
G1 X221.198 Y191.075 E1163.01133
G1 X201.882 Y210.391 E1163.54511
G1 X201.075 Y210.396 E1163.56088
G1 X201.075 Y210.73 E1163.56741
G1 X201.885 Y210.725 E1163.58323
G1 X228.128 Y236.991 E1164.30876
G1 X228.925 Y236.991 E1164.32433
G1 X228.925 Y237.323 E1164.33082
G1 X228.127 Y237.323 E1164.34641
G1 X226.525 Y238.925 E1164.39068
G1 X221.199 Y238.925 E1164.49475
G1 X201.882 Y219.608 E1165.02856
G1 X201.075 Y219.603 E1165.04433
G1 X201.075 Y219.269 E1165.05086
G1 X201.885 Y219.274 E1165.06669
G1 X228.128 Y193.008 E1165.79221
G1 X228.925 Y193.008 E1165.80778
G1 X228.925 Y192.676 E1165.81427
G1 X228.127 Y192.676 E1165.82986
G1 X226.527 Y191.075 E1165.87409
G1 X228.925 Y191.075 E1165.92095
G1 X229.03 Y191.075
G1 F2400 E1159.92095
G0 F15000 X200.92 Y215
G0 X200.63 Y215
M204 S1250
;TYPE:WALL-INNER
G1 F2400 E1165.92095
G1 F9715.5 X200.63 Y239.37 E1166.34649
G1 X229.37 Y239.37 E1166.84833
G1 X229.37 Y190.63 E1167.69941
G1 X200.63 Y190.63 E1168.20125
G1 X200.63 Y215 E1168.62679
M204 S2500
G0 F15000 X200.21 Y215
M204 S1250
;TYPE:WALL-OUTER
G1 F7500 X200.21 Y239.79 E1169.05967
G1 X229.79 Y239.79 E1169.57618
G1 X229.79 Y190.21 E1170.44192
G1 X200.21 Y190.21 E1170.95844
G1 X200.21 Y215 E1171.39131
M204 S2500
G0 F15000 X200.21 Y215.2
G0 X201.24 Y215.2
G1 F2400 E1165.39131
;MESH:NONMESH
G0 F600 X201.24 Y215.2 Z4.1
G0 F15000 X208.801 Y191.075
;TIME_ELAPSED:755.558345
;LAYER:38
;note -- min layer time used
;TYPE:FILL
;MESH:table_soft_spacer_30x30-Body.stl
G1 F2400 E1171.39131
G1 F11930.9 X228.128 Y210.402 E1171.9254
G1 X228.925 Y210.402 E1171.94097
G1 X228.925 Y210.734 E1171.94746
G1 X228.127 Y210.734 E1171.96305
G1 X201.885 Y237 E1172.68856
G1 X201.075 Y236.995 E1172.70439
G1 X201.075 Y237.329 E1172.71091
G1 X201.883 Y237.334 E1172.7267
G1 X203.474 Y238.925 E1172.77067
G1 X208.799 Y238.925 E1172.87472
G1 X228.127 Y219.597 E1173.40883
G1 X228.925 Y219.597 E1173.42443
G1 X228.925 Y219.265 E1173.43091
G1 X228.128 Y219.265 E1173.44649
G1 X201.885 Y192.999 E1174.17201
G1 X201.075 Y193.004 E1174.18784
G1 X201.075 Y192.67 E1174.19436
G1 X201.882 Y192.665 E1174.21013
G1 X203.472 Y191.075 E1174.25407
G1 X212.335 Y191.075 E1174.42726
G1 X201.882 Y201.528 E1174.71612
G1 X201.075 Y201.533 E1174.73189
G1 X201.075 Y201.867 E1174.73841
G1 X201.885 Y201.862 E1174.75424
G1 X228.127 Y228.127 E1175.47974
G1 X228.925 Y228.127 E1175.49533
G1 X228.925 Y228.459 E1175.50182
G1 X228.128 Y228.459 E1175.51739
G1 X217.662 Y238.925 E1175.80661
G1 X212.336 Y238.925 E1175.91068
G1 X201.882 Y228.471 E1176.19957
G1 X201.075 Y228.466 E1176.21534
G1 X201.075 Y228.132 E1176.22187
G1 X201.885 Y228.137 E1176.23769
G1 X228.128 Y201.871 E1176.96322
G1 X228.925 Y201.871 E1176.97879
G1 X228.925 Y201.539 E1176.98528
G1 X228.128 Y201.539 E1177.00085
G1 X217.664 Y191.075 E1177.29001
G1 X221.198 Y191.075 E1177.35907
G1 X201.882 Y210.391 E1177.89285
G1 X201.075 Y210.396 E1177.90862
G1 X201.075 Y210.73 E1177.91515
G1 X201.885 Y210.725 E1177.93098
G1 X228.128 Y236.991 E1178.6565
G1 X228.925 Y236.991 E1178.67207
G1 X228.925 Y237.323 E1178.67856
G1 X228.127 Y237.323 E1178.69415
G1 X226.525 Y238.925 E1178.73842
G1 X221.199 Y238.925 E1178.84249
G1 X201.882 Y219.608 E1179.3763
G1 X201.075 Y219.603 E1179.39207
G1 X201.075 Y219.269 E1179.3986
G1 X201.885 Y219.274 E1179.41443
G1 X228.128 Y193.008 E1180.13995
G1 X228.925 Y193.008 E1180.15552
G1 X228.925 Y192.676 E1180.16201
G1 X228.127 Y192.676 E1180.1776
G1 X226.527 Y191.075 E1180.22183
G1 X228.925 Y191.075 E1180.26869
G1 X229.03 Y191.075
G1 F2400 E1174.26869
G0 F15000 X200.92 Y215
G0 X200.63 Y215
M204 S1250
;TYPE:WALL-INNER
G1 F2400 E1180.26869
G1 F9715.5 X200.63 Y239.37 E1180.69423
G1 X229.37 Y239.37 E1181.19607
G1 X229.37 Y190.63 E1182.04715
G1 X200.63 Y190.63 E1182.549
G1 X200.63 Y215 E1182.97454
M204 S2500
G0 F15000 X200.21 Y215
M204 S1250
;TYPE:WALL-OUTER
G1 F7500 X200.21 Y239.79 E1183.40741
G1 X229.79 Y239.79 E1183.92392
G1 X229.79 Y190.21 E1184.78967
G1 X200.21 Y190.21 E1185.30618
G1 X200.21 Y215 E1185.73905
M204 S2500
G0 F15000 X200.21 Y215.2
G0 X201.24 Y215.2
G1 F2400 E1179.73905
;MESH:NONMESH
G0 F600 X201.24 Y215.2 Z4.2
G0 F15000 X201.075 Y192.67
;TIME_ELAPSED:764.689561
;LAYER:39
;TYPE:FILL
;MESH:table_soft_spacer_30x30-Body.stl
G1 F2400 E1185.73905
G1 F15000 X201.075 Y193.004 E1185.74558
G1 X201.885 Y192.999 E1185.76141
G1 X208.63 Y199.75 E1185.94788
G1 X203.661 Y199.75 E1186.04498
G1 X212.335 Y191.075 E1186.28469
G1 X203.472 Y191.075 E1186.45788
G1 X201.882 Y192.665 E1186.50181
G1 X201.075 Y192.67 E1186.51758
G1 X208.736 Y199.75
G0 X200.92 Y199.75
G0 X200.84 Y199.75
G1 X203.659 Y199.75 E1186.57267
G1 X203.661 Y199.75
G1 X201.882 Y201.528 E1186.62182
G1 X201.075 Y201.533 E1186.63758
G1 X201.075 Y201.867 E1186.64411
G1 X201.63 Y201.863 E1186.65496
G1 X201.63 Y210.393 E1186.82164
G1 X201.075 Y210.396 E1186.83248
G1 X201.075 Y210.73 E1186.83901
G1 X201.63 Y210.726 E1186.84985
G1 X201.63 Y219.272 E1187.01684
G1 X201.885 Y219.274 E1187.02183
G1 X221.394 Y199.75 E1187.56115
G1 X226.338 Y199.75 E1187.65776
G1 X217.664 Y191.075 E1187.89747
G1 X221.198 Y191.075 E1187.96653
G1 X212.525 Y199.75 E1188.20622
G1 X217.475 Y199.75 E1188.30295
G1 X228.128 Y210.402 E1188.59732
G1 X228.42 Y210.402 E1188.60303
G0 X228.42 Y210.734
G1 X228.127 Y210.734 E1188.60875
G1 X208.578 Y230.3 E1189.14921
G1 X203.712 Y230.3 E1189.24429
G1 X212.336 Y238.925 E1189.48262
G1 X217.662 Y238.925 E1189.5867
G1 X226.286 Y230.3 E1189.82503
G1 X221.443 Y230.3 E1189.91966
G1 X228.128 Y236.991 E1190.10448
G1 X228.925 Y236.991 E1190.12005
G1 X228.925 Y237.323 E1190.12654
G1 X228.127 Y237.323 E1190.14213
G1 X226.525 Y238.925 E1190.1864
G1 X221.199 Y238.925 E1190.29047
G1 X212.575 Y230.3 E1190.52881
G1 X217.423 Y230.3 E1190.62354
G1 X228.127 Y219.597 E1190.91932
G1 X228.42 Y219.597 E1190.92504
G1 X228.42 Y228.127 E1191.09172
G1 X228.127 Y228.127 E1191.09745
G1 X201.885 Y201.862 E1191.82294
G1 X201.63 Y201.863 E1191.82793
G1 X201.525 Y201.863
G0 X200.92 Y200.69
G0 X200.84 Y200.69
G1 X202.719 Y200.69 E1191.86464
G0 X203.189 Y200.22
G1 X200.84 Y200.22 E1191.91054
G1 X200.735 Y200.22
G0 X200.92 Y200.22
G0 X201.63 Y210.393
G1 X201.882 Y210.391 E1191.91547
G1 X212.522 Y199.75 E1192.20951
G1 X208.631 Y199.75 E1192.28554
G1 X228.128 Y219.265 E1192.82457
G1 X228.42 Y219.265 E1192.83028
G1 X228.42 Y210.734 E1192.99698
G1 X228.925 Y210.734 E1193.00685
G1 X228.925 Y210.402 E1193.01333
G1 X228.42 Y210.402 E1193.0232
G1 X228.42 Y201.871 E1193.1899
G1 X228.128 Y201.871 E1193.1956
G1 X201.885 Y228.137 E1193.92113
G1 X201.63 Y228.135 E1193.92611
G1 X201.63 Y219.607 E1194.09275
G1 X201.882 Y219.608 E1194.09767
G1 X212.573 Y230.3 E1194.39312
G1 X212.575 Y230.3
G1 X208.581 Y230.3 E1194.47117
G1 X201.885 Y237 E1194.65626
G1 X201.075 Y236.995 E1194.67209
G1 X201.075 Y237.329 E1194.67862
G1 X201.883 Y237.334 E1194.69441
G1 X203.474 Y238.925 E1194.73837
G1 X208.799 Y238.925 E1194.84242
G1 X217.425 Y230.3 E1195.08078
G1 X217.423 Y230.3
G1 X221.442 Y230.3 E1195.15932
G1 X201.885 Y210.725 E1195.70001
G1 X201.63 Y210.726 E1195.70499
G1 X201.525 Y210.726
G0 X201.63 Y219.272
G1 X201.075 Y219.269 E1195.71583
G1 X201.075 Y219.603 E1195.72236
G1 X201.63 Y219.607 E1195.73321
G1 X201.735 Y219.607
G0 X201.63 Y228.135
G1 X201.075 Y228.132 E1195.74405
G1 X201.075 Y228.466 E1195.75058
G1 X201.882 Y228.471 E1195.76635
G1 X203.712 Y230.3 E1195.8169
G0 X203.384 Y229.974
G1 X200.841 Y230.595 E1195.86805
G0 X200.841 Y230.112
G1 X202.996 Y229.585 E1195.91141
G0 X202.606 Y229.197
G1 X200.84 Y229.628 E1195.94693
G1 X200.739 Y229.652
G0 X200.841 Y228.66
G1 X201.622 Y228.469 E1195.96264
G1 F2400 E1189.96264
G0 F15000 X226.28 Y230.309
G1 F2400 E1195.96264
G1 F15000 X229.16 Y230.573 E1196.01915
G0 X229.16 Y230.101
G1 X226.712 Y229.876 E1196.06719
G0 X226.286 Y230.3
G1 X228.128 Y228.459 E1196.11807
G1 X228.925 Y228.459 E1196.13365
G1 X228.925 Y228.127 E1196.14013
G1 X228.42 Y228.127 E1196.15
G1 X228.315 Y228.127
G0 X227.577 Y229.012
G1 X229.16 Y229.157 E1196.18106
G1 X229.264 Y229.166
G0 X229.08 Y229.166
G0 X228.42 Y219.597
G1 X228.925 Y219.597 E1196.19093
G1 X228.925 Y219.265 E1196.19742
G1 X228.42 Y219.265 E1196.20729
G1 X228.315 Y219.265
G1 F2400 E1190.20729
G0 F15000 X228.42 Y201.871
G1 F2400 E1196.20729
G1 F15000 X228.925 Y201.871 E1196.21716
G1 X228.925 Y201.539 E1196.22364
G1 X228.128 Y201.539 E1196.23922
G1 X226.338 Y199.75 E1196.28867
G1 X226.34 Y199.75
G1 X229.16 Y199.75 E1196.34377
G0 X229.16 Y200.69
G1 X227.28 Y200.69 E1196.38051
G0 X227.75 Y201.16
G1 X229.16 Y201.16 E1196.40806
G1 X229.265 Y201.16
G0 X229.08 Y201.16
G0 X221.394 Y199.75
G0 X217.476 Y199.75
G0 X212.525 Y199.75
G0 X208.801 Y191.075
G1 X217.476 Y199.75 E1196.64779
G1 X221.391 Y199.75 E1196.72429
G1 X228.128 Y193.008 E1196.91053
G1 X228.925 Y193.008 E1196.9261
G1 X228.925 Y192.676 E1196.93259
G1 X228.127 Y192.676 E1196.94818
G1 X226.527 Y191.075 E1196.99241
G1 X228.925 Y191.075 E1197.03927
G1 X229.03 Y191.075
G1 F2400 E1191.03927
G0 F15000 X200.92 Y215
G0 X200.63 Y215
M204 S1250
;TYPE:WALL-INNER
G1 F2400 E1197.03927
G1 F11250 X200.63 Y239.37 E1197.46481
G1 X229.37 Y239.37 E1197.96665
G1 X229.37 Y190.63 E1198.81773
G1 X200.63 Y190.63 E1199.31957
G1 X200.63 Y215 E1199.74511
M204 S2500
G0 F15000 X200.21 Y215
M204 S1250
;TYPE:WALL-OUTER
G1 F7500 X200.21 Y239.79 E1200.17799
G1 X229.79 Y239.79 E1200.6945
G1 X229.79 Y190.21 E1201.56024
G1 X200.21 Y190.21 E1202.07676
G1 X200.21 Y215 E1202.50963
M204 S2500
G0 F15000 X200.21 Y215.2
G0 X201.24 Y215.2
G1 F2400 E1196.50963
;MESH:NONMESH
G0 F600 X201.24 Y215.2 Z4.3
G0 F15000 X226.527 Y191.075
;TIME_ELAPSED:779.251898
;LAYER:40
;TYPE:FILL
;MESH:table_soft_spacer_30x30-Body.stl
G1 F2400 E1202.50963
G1 F15000 X228.127 Y192.676 E1202.55386
G1 X228.925 Y192.676 E1202.56945
G1 X228.925 Y193.008 E1202.57594
G1 X228.128 Y193.008 E1202.59151
G1 X222.21 Y198.925 E1202.75504
G1 X225.514 Y198.925 E1202.8196
G1 X217.664 Y191.075 E1203.03653
G1 X212.335 Y191.075 E1203.14066
G1 X204.485 Y198.925 E1203.35759
G1 X207.788 Y198.925 E1203.42213
G1 X201.871 Y193.008 E1203.58564
G1 X201.075 Y193.008 E1203.60119
G1 X201.075 Y192.676 E1203.60768
G1 X201.871 Y192.676 E1203.62323
G1 X203.472 Y191.075 E1203.66748
G1 X208.801 Y191.075 E1203.77161
G1 X216.651 Y198.925 E1203.98854
G1 X213.348 Y198.925 E1204.05308
G1 X221.198 Y191.075 E1204.27001
G1 X228.925 Y191.075 E1204.42099
G1 X229.03 Y191.075
G1 F2400 E1198.42099
G0 F15000 X228.925 Y231.075
G1 F2400 E1204.42099
G1 F15000 X222.212 Y231.075 E1204.55217
G1 X228.128 Y236.991 E1204.71565
G1 X228.925 Y236.991 E1204.73123
G1 X228.925 Y237.323 E1204.73771
G1 X228.127 Y237.323 E1204.75331
G1 X226.525 Y238.925 E1204.79758
G1 X221.199 Y238.925 E1204.90165
G1 X213.349 Y231.075 E1205.11858
G1 X216.65 Y231.075 E1205.18308
G1 X208.799 Y238.925 E1205.40002
G1 X203.474 Y238.925 E1205.50407
G1 X201.871 Y237.323 E1205.54836
G1 X201.075 Y237.323 E1205.56391
G1 X201.075 Y236.991 E1205.5704
G1 X201.871 Y236.991 E1205.58595
G1 X207.787 Y231.075 E1205.74944
G1 X204.486 Y231.075 E1205.81394
G1 X212.336 Y238.925 E1206.03087
G1 X217.662 Y238.925 E1206.13494
G1 X225.513 Y231.075 E1206.35188
G1 X225.587 Y231.001
G1 F2400 E1200.35188
G0 F15000 X200.92 Y215
G0 X200.63 Y215
M204 S1250
;TYPE:WALL-INNER
G1 F2400 E1206.35188
G1 F11250 X200.63 Y239.37 E1206.77742
G1 X229.37 Y239.37 E1207.27927
G1 X229.37 Y190.63 E1208.13034
G1 X200.63 Y190.63 E1208.63219
G1 X200.63 Y215 E1209.05773
M204 S2500
G0 F15000 X200.21 Y215
M204 S1250
;TYPE:WALL-OUTER
G1 F7500 X200.21 Y239.79 E1209.4906
G1 X229.79 Y239.79 E1210.00711
G1 X229.79 Y190.21 E1210.87286
G1 X200.21 Y190.21 E1211.38937
G1 X200.21 Y215 E1211.82224
M204 S2500
G0 F15000 X200.21 Y215.2
G0 X201.026 Y215
;TYPE:SKIN
G1 F7500 X201.026 Y199.346 E1212.09559
G1 X228.97 Y199.346 E1212.58353
G1 X228.97 Y230.65 E1213.13015
G1 X201.026 Y230.65 E1213.6181
G1 X201.026 Y215 E1213.89137
G1 F2400 E1207.89137
G0 F15000 X201.335 Y230.44
G1 F2400 E1213.89137
G1 F7500 X201.236 Y230.341 E1213.89381
G0 F15000 X201.236 Y229.747
G1 F7500 X201.929 Y230.44 E1213.91093
G0 F15000 X202.523 Y230.44
G1 F7500 X201.236 Y229.153 E1213.94271
G0 F15000 X201.236 Y228.559
G1 F7500 X203.117 Y230.44 E1213.98916
G0 F15000 X203.711 Y230.44
G1 F7500 X201.236 Y227.965 E1214.05028
G0 F15000 X201.236 Y227.371
G1 F7500 X204.305 Y230.44 E1214.12606
G0 F15000 X204.899 Y230.44
G1 F7500 X201.236 Y226.777 E1214.21652
G0 F15000 X201.236 Y226.183
G1 F7500 X205.493 Y230.44 E1214.32164
G0 F15000 X206.087 Y230.44
G1 F7500 X201.236 Y225.589 E1214.44144
G0 F15000 X201.236 Y224.995
G1 F7500 X206.681 Y230.44 E1214.5759
G0 F15000 X207.275 Y230.44
G1 F7500 X201.236 Y224.401 E1214.72503
G0 F15000 X201.236 Y223.807
G1 F7500 X207.869 Y230.44 E1214.88882
G0 F15000 X208.463 Y230.44
G1 F7500 X201.236 Y223.213 E1215.06729
G0 F15000 X201.236 Y222.619
G1 F7500 X209.057 Y230.44 E1215.26043
G0 F15000 X209.651 Y230.44
G1 F7500 X201.236 Y222.025 E1215.46823
G0 F15000 X201.236 Y221.431
G1 F7500 X210.245 Y230.44 E1215.6907
G0 F15000 X210.839 Y230.44
G1 F7500 X201.236 Y220.837 E1215.92784
G0 F15000 X201.236 Y220.243
G1 F7500 X211.433 Y230.44 E1216.17965
G0 F15000 X212.027 Y230.44
G1 F7500 X201.236 Y219.649 E1216.44613
G0 F15000 X201.236 Y219.055
G1 F7500 X212.621 Y230.44 E1216.72727
G0 F15000 X213.215 Y230.44
G1 F7500 X201.236 Y218.461 E1217.02309
G0 F15000 X201.236 Y217.867
G1 F7500 X213.809 Y230.44 E1217.33357
G0 F15000 X214.403 Y230.44
G1 F7500 X201.236 Y217.273 E1217.65872
G0 F15000 X201.236 Y216.679
G1 F7500 X214.997 Y230.44 E1217.99854
G0 F15000 X215.59 Y230.44
G1 F7500 X201.236 Y216.085 E1218.35302
G0 F15000 X201.236 Y215.491
G1 F7500 X216.184 Y230.44 E1218.72216
G0 F15000 X216.778 Y230.44
G1 F7500 X201.236 Y214.898 E1219.10596
G0 F15000 X201.236 Y214.304
G1 F7500 X217.372 Y230.44 E1219.50443
G0 F15000 X217.966 Y230.44
G1 F7500 X201.236 Y213.71 E1219.91757
G0 F15000 X201.236 Y213.116
G1 F7500 X218.56 Y230.44 E1220.34537
G0 F15000 X219.154 Y230.44
G1 F7500 X201.236 Y212.522 E1220.78785
G0 F15000 X201.236 Y211.928
G1 F7500 X219.748 Y230.44 E1221.24499
G0 F15000 X220.342 Y230.44
G1 F7500 X201.236 Y211.334 E1221.7168
G0 F15000 X201.236 Y210.74
G1 F7500 X220.936 Y230.44 E1222.20328
G0 F15000 X221.53 Y230.44
G1 F7500 X201.236 Y210.146 E1222.70443
G0 F15000 X201.236 Y209.552
G1 F7500 X222.124 Y230.44 E1223.22024
G0 F15000 X222.718 Y230.44
G1 F7500 X201.236 Y208.958 E1223.75073
G0 F15000 X201.236 Y208.364
G1 F7500 X223.312 Y230.44 E1224.29588
G0 F15000 X223.906 Y230.44
G1 F7500 X201.236 Y207.77 E1224.8557
G0 F15000 X201.236 Y207.176
G1 F7500 X224.5 Y230.44 E1225.43019
G0 F15000 X225.094 Y230.44
G1 F7500 X201.236 Y206.582 E1226.01935
G0 F15000 X201.236 Y205.988
G1 F7500 X225.688 Y230.44 E1226.62318
G0 F15000 X226.282 Y230.44
G1 F7500 X201.236 Y205.394 E1227.24168
G0 F15000 X201.236 Y204.8
G1 F7500 X226.876 Y230.44 E1227.87484
G0 F15000 X227.47 Y230.44
G1 F7500 X201.236 Y204.206 E1228.52267
G0 F15000 X201.236 Y203.612
G1 F7500 X228.064 Y230.44 E1229.18517
G0 F15000 X228.658 Y230.44
G1 F7500 X201.236 Y203.018 E1229.86234
G0 F15000 X201.236 Y202.424
G1 F7500 X228.76 Y229.948 E1230.54203
G0 F15000 X228.76 Y229.354
G1 F7500 X201.236 Y201.83 E1231.22172
G0 F15000 X201.236 Y201.236
G1 F7500 X228.76 Y228.76 E1231.90141
G0 F15000 X228.76 Y228.166
G1 F7500 X201.236 Y200.642 E1232.5811
G0 F15000 X201.236 Y200.048
G1 F7500 X228.76 Y227.572 E1233.26078
G0 F15000 X228.76 Y226.978
G1 F7500 X201.338 Y199.556 E1233.93795
G0 F15000 X201.932 Y199.556
G1 F7500 X228.76 Y226.384 E1234.60046
G0 F15000 X228.76 Y225.79
G1 F7500 X202.526 Y199.556 E1235.24829
G0 F15000 X203.12 Y199.556
G1 F7500 X228.76 Y225.196 E1235.88145
G0 F15000 X228.76 Y224.602
G1 F7500 X203.714 Y199.556 E1236.49995
G0 F15000 X204.308 Y199.556
G1 F7500 X228.76 Y224.008 E1237.10378
G0 F15000 X228.76 Y223.414
G1 F7500 X204.902 Y199.556 E1237.69293
G0 F15000 X205.496 Y199.556
G1 F7500 X228.76 Y222.82 E1238.26742
G0 F15000 X228.76 Y222.226
G1 F7500 X206.09 Y199.556 E1238.82725
G0 F15000 X206.684 Y199.556
G1 F7500 X228.76 Y221.632 E1239.3724
G0 F15000 X228.76 Y221.038
G1 F7500 X207.278 Y199.556 E1239.90288
G0 F15000 X207.872 Y199.556
G1 F7500 X228.76 Y220.444 E1240.4187
G0 F15000 X228.76 Y219.85
G1 F7500 X208.466 Y199.556 E1240.91985
G0 F15000 X209.06 Y199.556
G1 F7500 X228.76 Y219.256 E1241.40633
G0 F15000 X228.76 Y218.662
G1 F7500 X209.654 Y199.556 E1241.87814
G0 F15000 X210.248 Y199.556
G1 F7500 X228.76 Y218.068 E1242.33528
G0 F15000 X228.76 Y217.474
G1 F7500 X210.842 Y199.556 E1242.77776
G0 F15000 X211.436 Y199.556
G1 F7500 X228.76 Y216.88 E1243.20556
G0 F15000 X228.76 Y216.286
G1 F7500 X212.03 Y199.556 E1243.6187
G0 F15000 X212.623 Y199.556
G1 F7500 X228.76 Y215.692 E1244.01718
G0 F15000 X228.76 Y215.098
G1 F7500 X213.217 Y199.556 E1244.40099
G0 F15000 X213.811 Y199.556
G1 F7500 X228.76 Y214.504 E1244.77014
G0 F15000 X228.76 Y213.91
G1 F7500 X214.405 Y199.556 E1245.12461
G0 F15000 X214.999 Y199.556
G1 F7500 X228.76 Y213.316 E1245.46442
G0 F15000 X228.76 Y212.722
G1 F7500 X215.593 Y199.556 E1245.78956
G0 F15000 X216.187 Y199.556
G1 F7500 X228.76 Y212.128 E1246.10003
G0 F15000 X228.76 Y211.535
G1 F7500 X216.781 Y199.556 E1246.39584
G0 F15000 X217.375 Y199.556
G1 F7500 X228.76 Y210.941 E1246.67699
G0 F15000 X228.76 Y210.347
G1 F7500 X217.969 Y199.556 E1246.94346
G0 F15000 X218.563 Y199.556
G1 F7500 X228.76 Y209.753 E1247.19527
G0 F15000 X228.76 Y209.159
G1 F7500 X219.157 Y199.556 E1247.43241
G0 F15000 X219.751 Y199.556
G1 F7500 X228.76 Y208.565 E1247.65489
G0 F15000 X228.76 Y207.971
G1 F7500 X220.345 Y199.556 E1247.86269
G0 F15000 X220.939 Y199.556
G1 F7500 X228.76 Y207.377 E1248.05582
G0 F15000 X228.76 Y206.783
G1 F7500 X221.533 Y199.556 E1248.23429
G0 F15000 X222.127 Y199.556
G1 F7500 X228.76 Y206.189 E1248.39809
G0 F15000 X228.76 Y205.595
G1 F7500 X222.721 Y199.556 E1248.54722
G0 F15000 X223.315 Y199.556
G1 F7500 X228.76 Y205.001 E1248.68168
G0 F15000 X228.76 Y204.407
G1 F7500 X223.909 Y199.556 E1248.80147
G0 F15000 X224.503 Y199.556
G1 F7500 X228.76 Y203.813 E1248.90659
G0 F15000 X228.76 Y203.219
G1 F7500 X225.097 Y199.556 E1248.99705
G0 F15000 X225.691 Y199.556
G1 F7500 X228.76 Y202.625 E1249.07284
G0 F15000 X228.76 Y202.031
G1 F7500 X226.285 Y199.556 E1249.13396
G0 F15000 X226.879 Y199.556
G1 F7500 X228.76 Y201.437 E1249.18041
G0 F15000 X228.76 Y200.843
G1 F7500 X227.473 Y199.556 E1249.21219
G0 F15000 X228.067 Y199.556
G1 F7500 X228.76 Y200.249 E1249.2293
G0 F15000 X228.76 Y199.655
G1 F7500 X228.661 Y199.556 E1249.23175
;MESH:NONMESH
G0 F600 X228.661 Y199.556 Z4.4
G0 F15000 X226.527 Y191.075
;TIME_ELAPSED:811.743644
;LAYER:41
;TYPE:FILL
;MESH:table_soft_spacer_30x30-Body.stl
G1 X228.127 Y192.676 E1249.27597
G1 X228.925 Y192.676 E1249.29157
G1 X228.925 Y193.008 E1249.29805
G1 X228.128 Y193.008 E1249.31363
G1 X222.21 Y198.925 E1249.47715
G1 X225.514 Y198.925 E1249.54172
G1 X217.664 Y191.075 E1249.75864
G1 X212.335 Y191.075 E1249.86277
G1 X204.485 Y198.925 E1250.0797
G1 X207.788 Y198.925 E1250.14424
G1 X201.871 Y193.008 E1250.30776
G1 X201.075 Y193.008 E1250.32331
G1 X201.075 Y192.676 E1250.3298
G1 X201.871 Y192.676 E1250.34535
G1 X203.472 Y191.075 E1250.38959
G1 X208.801 Y191.075 E1250.49372
G1 X216.651 Y198.925 E1250.71065
G1 X213.348 Y198.925 E1250.77519
G1 X221.198 Y191.075 E1250.99212
G1 X228.925 Y191.075 E1251.14311
G1 X229.03 Y191.075
G1 F2400 E1245.14311
G0 F15000 X228.925 Y231.075
G1 F2400 E1251.14311
G1 F15000 X222.212 Y231.075 E1251.27429
G1 X228.128 Y236.991 E1251.43777
G1 X228.925 Y236.991 E1251.45334
G1 X228.925 Y237.323 E1251.45983
G1 X228.127 Y237.323 E1251.47542
G1 X226.525 Y238.925 E1251.51969
G1 X221.199 Y238.925 E1251.62377
G1 X213.349 Y231.075 E1251.84069
G1 X216.65 Y231.075 E1251.9052
G1 X208.799 Y238.925 E1252.12214
G1 X203.474 Y238.925 E1252.22619
G1 X201.871 Y237.323 E1252.27047
G1 X201.075 Y237.323 E1252.28603
G1 X201.075 Y236.991 E1252.29252
G1 X201.871 Y236.991 E1252.30807
G1 X207.787 Y231.075 E1252.47155
G1 X204.486 Y231.075 E1252.53606
G1 X212.336 Y238.925 E1252.75299
G1 X217.662 Y238.925 E1252.85706
G1 X225.513 Y231.075 E1253.074
G1 X225.587 Y231.001
G1 F2400 E1247.074
G0 F15000 X200.92 Y215
G0 X200.63 Y215
M204 S1250
;TYPE:WALL-INNER
G1 F2400 E1253.074
G1 F11250 X200.63 Y239.37 E1253.49954
G1 X229.37 Y239.37 E1254.00138
G1 X229.37 Y190.63 E1254.85246
G1 X200.63 Y190.63 E1255.35431
G1 X200.63 Y215 E1255.77984
M204 S2500
G0 F15000 X200.21 Y215
M204 S1250
;TYPE:WALL-OUTER
G1 F7500 X200.21 Y239.79 E1256.21272
G1 X229.79 Y239.79 E1256.72923
G1 X229.79 Y190.21 E1257.59497
G1 X200.21 Y190.21 E1258.11149
G1 X200.21 Y215 E1258.54436
M204 S2500
G0 F15000 X200.21 Y215.2
G0 X201.026 Y215
;TYPE:SKIN
G1 F7500 X201.026 Y199.346 E1258.8177
G1 X228.97 Y199.346 E1259.30565
G1 X228.97 Y230.65 E1259.85227
G1 X201.026 Y230.65 E1260.34021
G1 X201.026 Y215 E1260.61349
G1 F2400 E1254.61349
G0 F15000 X201.236 Y199.693
G1 F2400 E1260.61349
G1 F7500 X201.373 Y199.556 E1260.61687
G0 F15000 X201.967 Y199.556
G1 F7500 X201.236 Y200.287 E1260.63492
G0 F15000 X201.236 Y200.881
G1 F7500 X202.561 Y199.556 E1260.66764
G0 F15000 X203.155 Y199.556
G1 F7500 X201.236 Y201.475 E1260.71503
G0 F15000 X201.236 Y202.069
G1 F7500 X203.749 Y199.556 E1260.77709
G0 F15000 X204.343 Y199.556
G1 F7500 X201.236 Y202.663 E1260.85381
G0 F15000 X201.236 Y203.257
G1 F7500 X204.937 Y199.556 E1260.94521
G0 F15000 X205.531 Y199.556
G1 F7500 X201.236 Y203.851 E1261.05127
G0 F15000 X201.236 Y204.445
G1 F7500 X206.125 Y199.556 E1261.172
G0 F15000 X206.719 Y199.556
G1 F7500 X201.236 Y205.039 E1261.3074
G0 F15000 X201.236 Y205.633
G1 F7500 X207.313 Y199.556 E1261.45747
G0 F15000 X207.907 Y199.556
G1 F7500 X201.236 Y206.227 E1261.6222
G0 F15000 X201.236 Y206.821
G1 F7500 X208.501 Y199.556 E1261.80161
G0 F15000 X209.095 Y199.556
G1 F7500 X201.236 Y207.415 E1261.99568
G0 F15000 X201.236 Y208.009
G1 F7500 X209.689 Y199.556 E1262.20442
G0 F15000 X210.283 Y199.556
G1 F7500 X201.236 Y208.603 E1262.42783
G0 F15000 X201.236 Y209.197
G1 F7500 X210.877 Y199.556 E1262.66591
G0 F15000 X211.471 Y199.556
G1 F7500 X201.236 Y209.791 E1262.91866
G0 F15000 X201.236 Y210.385
G1 F7500 X212.065 Y199.556 E1263.18607
G0 F15000 X212.659 Y199.556
G1 F7500 X201.236 Y210.979 E1263.46816
G0 F15000 X201.236 Y211.573
G1 F7500 X213.253 Y199.556 E1263.76491
G0 F15000 X213.847 Y199.556
G1 F7500 X201.236 Y212.167 E1264.07633
G0 F15000 X201.236 Y212.761
G1 F7500 X214.441 Y199.556 E1264.40242
G0 F15000 X215.035 Y199.556
G1 F7500 X201.236 Y213.355 E1264.74318
G0 F15000 X201.236 Y213.949
G1 F7500 X215.629 Y199.556 E1265.09861
G0 F15000 X216.223 Y199.556
G1 F7500 X201.236 Y214.543 E1265.4687
G0 F15000 X201.236 Y215.137
G1 F7500 X216.817 Y199.556 E1265.85346
G0 F15000 X217.411 Y199.556
G1 F7500 X201.236 Y215.731 E1266.25289
G0 F15000 X201.236 Y216.324
G1 F7500 X218.005 Y199.556 E1266.66698
G0 F15000 X218.599 Y199.556
G1 F7500 X201.236 Y216.918 E1267.09574
G0 F15000 X201.236 Y217.512
G1 F7500 X219.192 Y199.556 E1267.53915
G0 F15000 X219.786 Y199.556
G1 F7500 X201.236 Y218.106 E1267.99723
G0 F15000 X201.236 Y218.7
G1 F7500 X220.38 Y199.556 E1268.46998
G0 F15000 X220.974 Y199.556
G1 F7500 X201.236 Y219.294 E1268.9574
G0 F15000 X201.236 Y219.888
G1 F7500 X221.568 Y199.556 E1269.45949
G0 F15000 X222.162 Y199.556
G1 F7500 X201.236 Y220.482 E1269.97624
G0 F15000 X201.236 Y221.076
G1 F7500 X222.756 Y199.556 E1270.50766
G0 F15000 X223.35 Y199.556
G1 F7500 X201.236 Y221.67 E1271.05376
G0 F15000 X201.236 Y222.264
G1 F7500 X223.944 Y199.556 E1271.61452
G0 F15000 X224.538 Y199.556
G1 F7500 X201.236 Y222.858 E1272.18994
G0 F15000 X201.236 Y223.452
G1 F7500 X225.132 Y199.556 E1272.78004
G0 F15000 X225.726 Y199.556
G1 F7500 X201.236 Y224.046 E1273.38481
G0 F15000 X201.236 Y224.64
G1 F7500 X226.32 Y199.556 E1274.00424
G0 F15000 X226.914 Y199.556
G1 F7500 X201.236 Y225.234 E1274.63834
G0 F15000 X201.236 Y225.828
G1 F7500 X227.508 Y199.556 E1275.28712
G0 F15000 X228.102 Y199.556
G1 F7500 X201.236 Y226.422 E1275.95055
G0 F15000 X201.236 Y227.016
G1 F7500 X228.696 Y199.556 E1276.62866
G0 F15000 X228.76 Y200.086
G1 F7500 X201.236 Y227.61 E1277.30835
G0 F15000 X201.236 Y228.204
G1 F7500 X228.76 Y200.68 E1277.98804
G0 F15000 X228.76 Y201.274
G1 F7500 X201.236 Y228.798 E1278.66773
G0 F15000 X201.236 Y229.392
G1 F7500 X228.76 Y201.868 E1279.34742
G0 F15000 X228.76 Y202.462
G1 F7500 X201.236 Y229.986 E1280.0271
G0 F15000 X201.376 Y230.44
G1 F7500 X228.76 Y203.056 E1280.70334
G0 F15000 X228.76 Y203.65
G1 F7500 X201.97 Y230.44 E1281.3649
G0 F15000 X202.564 Y230.44
G1 F7500 X228.76 Y204.244 E1282.01179
G0 F15000 X228.76 Y204.838
G1 F7500 X203.158 Y230.44 E1282.64402
G0 F15000 X203.752 Y230.44
G1 F7500 X228.76 Y205.432 E1283.26158
G0 F15000 X228.76 Y206.026
G1 F7500 X204.346 Y230.44 E1283.86446
G0 F15000 X204.94 Y230.44
G1 F7500 X228.76 Y206.62 E1284.45269
G0 F15000 X228.76 Y207.214
G1 F7500 X205.534 Y230.44 E1285.02624
G0 F15000 X206.128 Y230.44
G1 F7500 X228.76 Y207.808 E1285.58512
G0 F15000 X228.76 Y208.402
G1 F7500 X206.722 Y230.44 E1286.12934
G0 F15000 X207.316 Y230.44
G1 F7500 X228.76 Y208.996 E1286.65888
G0 F15000 X228.76 Y209.59
G1 F7500 X207.91 Y230.44 E1287.17376
G0 F15000 X208.504 Y230.44
G1 F7500 X228.76 Y210.184 E1287.67397
G0 F15000 X228.76 Y210.778
G1 F7500 X209.098 Y230.44 E1288.15951
G0 F15000 X209.692 Y230.44
G1 F7500 X228.76 Y211.372 E1288.63038
G0 F15000 X228.76 Y211.966
G1 F7500 X210.286 Y230.44 E1289.08659
G0 F15000 X210.88 Y230.44
G1 F7500 X228.76 Y212.56 E1289.52812
G0 F15000 X228.76 Y213.154
G1 F7500 X211.474 Y230.44 E1289.95499
G0 F15000 X212.068 Y230.44
G1 F7500 X228.76 Y213.748 E1290.36719
G0 F15000 X228.76 Y214.342
G1 F7500 X212.662 Y230.44 E1290.76472
G0 F15000 X213.256 Y230.44
G1 F7500 X228.76 Y214.936 E1291.14758
G0 F15000 X228.76 Y215.53
G1 F7500 X213.85 Y230.44 E1291.51577
G0 F15000 X214.444 Y230.44
G1 F7500 X228.76 Y216.124 E1291.8693
G0 F15000 X228.76 Y216.718
G1 F7500 X215.038 Y230.44 E1292.20816
G0 F15000 X215.632 Y230.44
G1 F7500 X228.76 Y217.312 E1292.53234
G0 F15000 X228.76 Y217.906
G1 F7500 X216.225 Y230.44 E1292.84188
G0 F15000 X216.819 Y230.44
G1 F7500 X228.76 Y218.5 E1293.13674
G0 F15000 X228.76 Y219.094
G1 F7500 X217.413 Y230.44 E1293.41693
G0 F15000 X218.007 Y230.44
G1 F7500 X228.76 Y219.687 E1293.68247
G0 F15000 X228.76 Y220.281
G1 F7500 X218.601 Y230.44 E1293.93334
G0 F15000 X219.195 Y230.44
G1 F7500 X228.76 Y220.875 E1294.16955
G0 F15000 X228.76 Y221.469
G1 F7500 X219.789 Y230.44 E1294.39108
G0 F15000 X220.383 Y230.44
G1 F7500 X228.76 Y222.063 E1294.59794
G0 F15000 X228.76 Y222.657
G1 F7500 X220.977 Y230.44 E1294.79014
G0 F15000 X221.571 Y230.44
G1 F7500 X228.76 Y223.251 E1294.96767
G0 F15000 X228.76 Y223.845
G1 F7500 X222.165 Y230.44 E1295.13053
G0 F15000 X222.759 Y230.44
G1 F7500 X228.76 Y224.439 E1295.27872
G0 F15000 X228.76 Y225.033
G1 F7500 X223.353 Y230.44 E1295.41224
G0 F15000 X223.947 Y230.44
G1 F7500 X228.76 Y225.627 E1295.5311
G0 F15000 X228.76 Y226.221
G1 F7500 X224.541 Y230.44 E1295.63528
G0 F15000 X225.135 Y230.44
G1 F7500 X228.76 Y226.815 E1295.7248
G0 F15000 X228.76 Y227.409
G1 F7500 X225.729 Y230.44 E1295.79965
G0 F15000 X226.323 Y230.44
G1 F7500 X228.76 Y228.003 E1295.85983
G0 F15000 X228.76 Y228.597
G1 F7500 X226.917 Y230.44 E1295.90534
G0 F15000 X227.511 Y230.44
G1 F7500 X228.76 Y229.191 E1295.93618
G0 F15000 X228.76 Y229.785
G1 F7500 X228.105 Y230.44 E1295.95236
G0 F15000 X228.699 Y230.44
G1 F7500 X228.76 Y230.379 E1295.95386
G1 F2400 E1289.95386
;MESH:NONMESH
G0 F600 X228.76 Y230.379 Z4.5
G0 F15000 X226.527 Y191.075
;TIME_ELAPSED:844.373538
;LAYER:42
;TYPE:FILL
;MESH:table_soft_spacer_30x30-Body.stl
G1 F2400 E1295.95386
G1 F15000 X228.127 Y192.676 E1295.99809
G1 X228.925 Y192.676 E1296.01368
G1 X228.925 Y193.008 E1296.02017
G1 X228.128 Y193.008 E1296.03575
G1 X222.21 Y198.925 E1296.19927
G1 X225.514 Y198.925 E1296.26383
G1 X217.664 Y191.075 E1296.48076
G1 X212.335 Y191.075 E1296.58489
G1 X204.485 Y198.925 E1296.80182
G1 X207.788 Y198.925 E1296.86636
G1 X201.871 Y193.008 E1297.02987
G1 X201.075 Y193.008 E1297.04543
G1 X201.075 Y192.676 E1297.05191
G1 X201.871 Y192.676 E1297.06747
G1 X203.472 Y191.075 E1297.11171
G1 X208.801 Y191.075 E1297.21584
G1 X216.651 Y198.925 E1297.43277
G1 X213.348 Y198.925 E1297.49731
G1 X221.198 Y191.075 E1297.71424
G1 X228.925 Y191.075 E1297.86523
G1 X229.03 Y191.075
G1 F2400 E1291.86523
G0 F15000 X228.925 Y231.075
G1 F2400 E1297.86523
G1 F15000 X222.212 Y231.075 E1297.9964
G1 X228.128 Y236.991 E1298.15989
G1 X228.925 Y236.991 E1298.17546
G1 X228.925 Y237.323 E1298.18195
G1 X228.127 Y237.323 E1298.19754
G1 X226.525 Y238.925 E1298.24181
G1 X221.199 Y238.925 E1298.34588
G1 X213.349 Y231.075 E1298.56281
G1 X216.65 Y231.075 E1298.62731
G1 X208.799 Y238.925 E1298.84426
G1 X203.474 Y238.925 E1298.94831
G1 X201.871 Y237.323 E1298.99259
G1 X201.075 Y237.323 E1299.00815
G1 X201.075 Y236.991 E1299.01463
G1 X201.871 Y236.991 E1299.03019
G1 X207.787 Y231.075 E1299.19367
G1 X204.486 Y231.075 E1299.25817
G1 X212.336 Y238.925 E1299.4751
G1 X217.662 Y238.925 E1299.57917
G1 X225.513 Y231.075 E1299.79612
G1 X225.587 Y231.001
G1 F2400 E1293.79612
G0 F15000 X200.92 Y215
G0 X200.63 Y215
M204 S1250
;TYPE:WALL-INNER
G1 F2400 E1299.79612
G1 F11250 X200.63 Y239.37 E1300.22165
G1 X229.37 Y239.37 E1300.7235
G1 X229.37 Y190.63 E1301.57458
G1 X200.63 Y190.63 E1302.07642
G1 X200.63 Y215 E1302.50196
M204 S2500
G0 F15000 X200.21 Y215
M204 S1250
;TYPE:WALL-OUTER
G1 F7500 X200.21 Y239.79 E1302.93483
G1 X229.79 Y239.79 E1303.45135
G1 X229.79 Y190.21 E1304.31709
G1 X200.21 Y190.21 E1304.8336
G1 X200.21 Y215 E1305.26648
M204 S2500
G0 F15000 X200.21 Y215.2
G0 X201.026 Y215
;TYPE:SKIN
G1 F7500 X201.026 Y199.346 E1305.53982
G1 X228.97 Y199.346 E1306.02777
G1 X228.97 Y230.65 E1306.57438
G1 X201.026 Y230.65 E1307.06233
G1 X201.026 Y215 E1307.3356
G1 F2400 E1301.3356
G0 F15000 X201.335 Y230.44
G1 F2400 E1307.3356
G1 F7500 X201.236 Y230.341 E1307.33805
G0 F15000 X201.236 Y229.747
G1 F7500 X201.929 Y230.44 E1307.35516
G0 F15000 X202.523 Y230.44
G1 F7500 X201.236 Y229.153 E1307.38694
G0 F15000 X201.236 Y228.559
G1 F7500 X203.117 Y230.44 E1307.43339
G0 F15000 X203.711 Y230.44
G1 F7500 X201.236 Y227.965 E1307.49451
G0 F15000 X201.236 Y227.371
G1 F7500 X204.305 Y230.44 E1307.5703
G0 F15000 X204.899 Y230.44
G1 F7500 X201.236 Y226.777 E1307.66075
G0 F15000 X201.236 Y226.183
G1 F7500 X205.493 Y230.44 E1307.76588
G0 F15000 X206.087 Y230.44
G1 F7500 X201.236 Y225.589 E1307.88567
G0 F15000 X201.236 Y224.995
G1 F7500 X206.681 Y230.44 E1308.02013
G0 F15000 X207.275 Y230.44
G1 F7500 X201.236 Y224.401 E1308.16926
G0 F15000 X201.236 Y223.807
G1 F7500 X207.869 Y230.44 E1308.33306
G0 F15000 X208.463 Y230.44
G1 F7500 X201.236 Y223.213 E1308.51153
G0 F15000 X201.236 Y222.619
G1 F7500 X209.057 Y230.44 E1308.70466
G0 F15000 X209.651 Y230.44
G1 F7500 X201.236 Y222.025 E1308.91246
G0 F15000 X201.236 Y221.431
G1 F7500 X210.245 Y230.44 E1309.13494
G0 F15000 X210.839 Y230.44
G1 F7500 X201.236 Y220.837 E1309.37208
G0 F15000 X201.236 Y220.243
G1 F7500 X211.433 Y230.44 E1309.62388
G0 F15000 X212.027 Y230.44
G1 F7500 X201.236 Y219.649 E1309.89036
G0 F15000 X201.236 Y219.055
G1 F7500 X212.621 Y230.44 E1310.17151
G0 F15000 X213.215 Y230.44
G1 F7500 X201.236 Y218.461 E1310.46732
G0 F15000 X201.236 Y217.867
G1 F7500 X213.809 Y230.44 E1310.7778
G0 F15000 X214.403 Y230.44
G1 F7500 X201.236 Y217.273 E1311.10296
G0 F15000 X201.236 Y216.679
G1 F7500 X214.997 Y230.44 E1311.44277
G0 F15000 X215.59 Y230.44
G1 F7500 X201.236 Y216.085 E1311.79725
G0 F15000 X201.236 Y215.491
G1 F7500 X216.184 Y230.44 E1312.16639
G0 F15000 X216.778 Y230.44
G1 F7500 X201.236 Y214.898 E1312.55019
G0 F15000 X201.236 Y214.304
G1 F7500 X217.372 Y230.44 E1312.94866
G0 F15000 X217.966 Y230.44
G1 F7500 X201.236 Y213.71 E1313.3618
G0 F15000 X201.236 Y213.116
G1 F7500 X218.56 Y230.44 E1313.78961
G0 F15000 X219.154 Y230.44
G1 F7500 X201.236 Y212.522 E1314.23208
G0 F15000 X201.236 Y211.928
G1 F7500 X219.748 Y230.44 E1314.68922
G0 F15000 X220.342 Y230.44
G1 F7500 X201.236 Y211.334 E1315.16103
G0 F15000 X201.236 Y210.74
G1 F7500 X220.936 Y230.44 E1315.64751
G0 F15000 X221.53 Y230.44
G1 F7500 X201.236 Y210.146 E1316.14866
G0 F15000 X201.236 Y209.552
G1 F7500 X222.124 Y230.44 E1316.66448
G0 F15000 X222.718 Y230.44
G1 F7500 X201.236 Y208.958 E1317.19496
G0 F15000 X201.236 Y208.364
G1 F7500 X223.312 Y230.44 E1317.74012
G0 F15000 X223.906 Y230.44
G1 F7500 X201.236 Y207.77 E1318.29994
G0 F15000 X201.236 Y207.176
G1 F7500 X224.5 Y230.44 E1318.87443
G0 F15000 X225.094 Y230.44
G1 F7500 X201.236 Y206.582 E1319.46359
G0 F15000 X201.236 Y205.988
G1 F7500 X225.688 Y230.44 E1320.06741
G0 F15000 X226.282 Y230.44
G1 F7500 X201.236 Y205.394 E1320.68591
G0 F15000 X201.236 Y204.8
G1 F7500 X226.876 Y230.44 E1321.31907
G0 F15000 X227.47 Y230.44
G1 F7500 X201.236 Y204.206 E1321.96691
G0 F15000 X201.236 Y203.612
G1 F7500 X228.064 Y230.44 E1322.62941
G0 F15000 X228.658 Y230.44
G1 F7500 X201.236 Y203.018 E1323.30658
G0 F15000 X201.236 Y202.424
G1 F7500 X228.76 Y229.948 E1323.98627
G0 F15000 X228.76 Y229.354
G1 F7500 X201.236 Y201.83 E1324.66595
G0 F15000 X201.236 Y201.236
G1 F7500 X228.76 Y228.76 E1325.34564
G0 F15000 X228.76 Y228.166
G1 F7500 X201.236 Y200.642 E1326.02533
G0 F15000 X201.236 Y200.048
G1 F7500 X228.76 Y227.572 E1326.70502
G0 F15000 X228.76 Y226.978
G1 F7500 X201.338 Y199.556 E1327.38219
G0 F15000 X201.932 Y199.556
G1 F7500 X228.76 Y226.384 E1328.04469
G0 F15000 X228.76 Y225.79
G1 F7500 X202.526 Y199.556 E1328.69252
G0 F15000 X203.12 Y199.556
G1 F7500 X228.76 Y225.196 E1329.32569
G0 F15000 X228.76 Y224.602
G1 F7500 X203.714 Y199.556 E1329.94418
G0 F15000 X204.308 Y199.556
G1 F7500 X228.76 Y224.008 E1330.54801
G0 F15000 X228.76 Y223.414
G1 F7500 X204.902 Y199.556 E1331.13717
G0 F15000 X205.496 Y199.556
G1 F7500 X228.76 Y222.82 E1331.71166
G0 F15000 X228.76 Y222.226
G1 F7500 X206.09 Y199.556 E1332.27148
G0 F15000 X206.684 Y199.556
G1 F7500 X228.76 Y221.632 E1332.81663
G0 F15000 X228.76 Y221.038
G1 F7500 X207.278 Y199.556 E1333.34712
G0 F15000 X207.872 Y199.556
G1 F7500 X228.76 Y220.444 E1333.86294
G0 F15000 X228.76 Y219.85
G1 F7500 X208.466 Y199.556 E1334.36408
G0 F15000 X209.06 Y199.556
G1 F7500 X228.76 Y219.256 E1334.85056
G0 F15000 X228.76 Y218.662
G1 F7500 X209.654 Y199.556 E1335.32237
G0 F15000 X210.248 Y199.556
G1 F7500 X228.76 Y218.068 E1335.77952
G0 F15000 X228.76 Y217.474
G1 F7500 X210.842 Y199.556 E1336.22199
G0 F15000 X211.436 Y199.556
G1 F7500 X228.76 Y216.88 E1336.6498
G0 F15000 X228.76 Y216.286
G1 F7500 X212.03 Y199.556 E1337.06293
G0 F15000 X212.623 Y199.556
G1 F7500 X228.76 Y215.692 E1337.46141
G0 F15000 X228.76 Y215.098
G1 F7500 X213.217 Y199.556 E1337.84523
G0 F15000 X213.811 Y199.556
G1 F7500 X228.76 Y214.504 E1338.21437
G0 F15000 X228.76 Y213.91
G1 F7500 X214.405 Y199.556 E1338.56885
G0 F15000 X214.999 Y199.556
G1 F7500 X228.76 Y213.316 E1338.90865
G0 F15000 X228.76 Y212.722
G1 F7500 X215.593 Y199.556 E1339.23379
G0 F15000 X216.187 Y199.556
G1 F7500 X228.76 Y212.128 E1339.54426
G0 F15000 X228.76 Y211.535
G1 F7500 X216.781 Y199.556 E1339.84008
G0 F15000 X217.375 Y199.556
G1 F7500 X228.76 Y210.941 E1340.12122
G0 F15000 X228.76 Y210.347
G1 F7500 X217.969 Y199.556 E1340.3877
G0 F15000 X218.563 Y199.556
G1 F7500 X228.76 Y209.753 E1340.63951
G0 F15000 X228.76 Y209.159
G1 F7500 X219.157 Y199.556 E1340.87665
G0 F15000 X219.751 Y199.556
G1 F7500 X228.76 Y208.565 E1341.09912
G0 F15000 X228.76 Y207.971
G1 F7500 X220.345 Y199.556 E1341.30692
G0 F15000 X220.939 Y199.556
G1 F7500 X228.76 Y207.377 E1341.50006
G0 F15000 X228.76 Y206.783
G1 F7500 X221.533 Y199.556 E1341.67852
G0 F15000 X222.127 Y199.556
G1 F7500 X228.76 Y206.189 E1341.84232
G0 F15000 X228.76 Y205.595
G1 F7500 X222.721 Y199.556 E1341.99145
G0 F15000 X223.315 Y199.556
G1 F7500 X228.76 Y205.001 E1342.12591
G0 F15000 X228.76 Y204.407
G1 F7500 X223.909 Y199.556 E1342.24571
G0 F15000 X224.503 Y199.556
G1 F7500 X228.76 Y203.813 E1342.35083
G0 F15000 X228.76 Y203.219
G1 F7500 X225.097 Y199.556 E1342.44128
G0 F15000 X225.691 Y199.556
G1 F7500 X228.76 Y202.625 E1342.51707
G0 F15000 X228.76 Y202.031
G1 F7500 X226.285 Y199.556 E1342.57819
G0 F15000 X226.879 Y199.556
G1 F7500 X228.76 Y201.437 E1342.62464
G0 F15000 X228.76 Y200.843
G1 F7500 X227.473 Y199.556 E1342.65642
G0 F15000 X228.067 Y199.556
G1 F7500 X228.76 Y200.249 E1342.67354
G0 F15000 X228.76 Y199.655
G1 F7500 X228.661 Y199.556 E1342.67598
;MESH:NONMESH
G0 F600 X228.661 Y199.556 Z4.6
G0 F15000 X226.527 Y191.075
;TIME_ELAPSED:876.865284
;LAYER:43
;TYPE:FILL
;MESH:table_soft_spacer_30x30-Body.stl
G1 X228.127 Y192.676 E1342.72021
G1 X228.925 Y192.676 E1342.7358
G1 X228.925 Y193.008 E1342.74229
G1 X228.128 Y193.008 E1342.75786
G1 X222.21 Y198.925 E1342.92139
G1 X225.514 Y198.925 E1342.98595
G1 X217.664 Y191.075 E1343.20288
G1 X212.335 Y191.075 E1343.30701
G1 X204.485 Y198.925 E1343.52394
G1 X207.788 Y198.925 E1343.58848
G1 X201.871 Y193.008 E1343.75199
G1 X201.075 Y193.008 E1343.76754
G1 X201.075 Y192.676 E1343.77403
G1 X201.871 Y192.676 E1343.78959
G1 X203.472 Y191.075 E1343.83383
G1 X208.801 Y191.075 E1343.93796
G1 X216.651 Y198.925 E1344.15489
G1 X213.348 Y198.925 E1344.21943
G1 X221.198 Y191.075 E1344.43636
G1 X228.925 Y191.075 E1344.58735
G1 X229.03 Y191.075
G1 F2400 E1338.58735
G0 F15000 X228.925 Y231.075
G1 F2400 E1344.58735
G1 F15000 X222.212 Y231.075 E1344.71852
G1 X228.128 Y236.991 E1344.882
G1 X228.925 Y236.991 E1344.89758
G1 X228.925 Y237.323 E1344.90406
G1 X228.127 Y237.323 E1344.91966
G1 X226.525 Y238.925 E1344.96393
G1 X221.199 Y238.925 E1345.068
G1 X213.349 Y231.075 E1345.28493
G1 X216.65 Y231.075 E1345.34943
G1 X208.799 Y238.925 E1345.56637
G1 X203.474 Y238.925 E1345.67043
G1 X201.871 Y237.323 E1345.71471
G1 X201.075 Y237.323 E1345.73026
G1 X201.075 Y236.991 E1345.73675
G1 X201.871 Y236.991 E1345.7523
G1 X207.787 Y231.075 E1345.91579
G1 X204.486 Y231.075 E1345.98029
G1 X212.336 Y238.925 E1346.19722
G1 X217.662 Y238.925 E1346.30129
G1 X225.513 Y231.075 E1346.51823
G1 X225.587 Y231.001
G1 F2400 E1340.51823
G0 F15000 X200.92 Y215
G0 X200.63 Y215
M204 S1250
;TYPE:WALL-INNER
G1 F2400 E1346.51823
G1 F11250 X200.63 Y239.37 E1346.94377
G1 X229.37 Y239.37 E1347.44562
G1 X229.37 Y190.63 E1348.29669
G1 X200.63 Y190.63 E1348.79854
G1 X200.63 Y215 E1349.22408
M204 S2500
G0 F15000 X200.21 Y215
M204 S1250
;TYPE:WALL-OUTER
G1 F7500 X200.21 Y239.79 E1349.65695
G1 X229.79 Y239.79 E1350.17346
G1 X229.79 Y190.21 E1351.03921
G1 X200.21 Y190.21 E1351.55572
G1 X200.21 Y215 E1351.98859
M204 S2500
G0 F15000 X200.21 Y215.2
G0 X201.026 Y215
;TYPE:SKIN
G1 F7500 X201.026 Y199.346 E1352.26194
G1 X228.97 Y199.346 E1352.74988
G1 X228.97 Y230.65 E1353.2965
G1 X201.026 Y230.65 E1353.78445
G1 X201.026 Y215 E1354.05772
G1 F2400 E1348.05772
G0 F15000 X201.236 Y199.693
G1 F2400 E1354.05772
G1 F7500 X201.373 Y199.556 E1354.0611
G0 F15000 X201.967 Y199.556
G1 F7500 X201.236 Y200.287 E1354.07916
G0 F15000 X201.236 Y200.881
G1 F7500 X202.561 Y199.556 E1354.11188
G0 F15000 X203.155 Y199.556
G1 F7500 X201.236 Y201.475 E1354.15926
G0 F15000 X201.236 Y202.069
G1 F7500 X203.749 Y199.556 E1354.22132
G0 F15000 X204.343 Y199.556
G1 F7500 X201.236 Y202.663 E1354.29805
G0 F15000 X201.236 Y203.257
G1 F7500 X204.937 Y199.556 E1354.38944
G0 F15000 X205.531 Y199.556
G1 F7500 X201.236 Y203.851 E1354.4955
G0 F15000 X201.236 Y204.445
G1 F7500 X206.125 Y199.556 E1354.61623
G0 F15000 X206.719 Y199.556
G1 F7500 X201.236 Y205.039 E1354.75163
G0 F15000 X201.236 Y205.633
G1 F7500 X207.313 Y199.556 E1354.9017
G0 F15000 X207.907 Y199.556
G1 F7500 X201.236 Y206.227 E1355.06644
G0 F15000 X201.236 Y206.821
G1 F7500 X208.501 Y199.556 E1355.24584
G0 F15000 X209.095 Y199.556
G1 F7500 X201.236 Y207.415 E1355.43992
G0 F15000 X201.236 Y208.009
G1 F7500 X209.689 Y199.556 E1355.64866
G0 F15000 X210.283 Y199.556
G1 F7500 X201.236 Y208.603 E1355.87207
G0 F15000 X201.236 Y209.197
G1 F7500 X210.877 Y199.556 E1356.11015
G0 F15000 X211.471 Y199.556
G1 F7500 X201.236 Y209.791 E1356.36289
G0 F15000 X201.236 Y210.385
G1 F7500 X212.065 Y199.556 E1356.63031
G0 F15000 X212.659 Y199.556
G1 F7500 X201.236 Y210.979 E1356.91239
G0 F15000 X201.236 Y211.573
G1 F7500 X213.253 Y199.556 E1357.20914
G0 F15000 X213.847 Y199.556
G1 F7500 X201.236 Y212.167 E1357.52057
G0 F15000 X201.236 Y212.761
G1 F7500 X214.441 Y199.556 E1357.84666
G0 F15000 X215.035 Y199.556
G1 F7500 X201.236 Y213.355 E1358.18741
G0 F15000 X201.236 Y213.949
G1 F7500 X215.629 Y199.556 E1358.54284
G0 F15000 X216.223 Y199.556
G1 F7500 X201.236 Y214.543 E1358.91293
G0 F15000 X201.236 Y215.137
G1 F7500 X216.817 Y199.556 E1359.2977
G0 F15000 X217.411 Y199.556
G1 F7500 X201.236 Y215.731 E1359.69713
G0 F15000 X201.236 Y216.324
G1 F7500 X218.005 Y199.556 E1360.11122
G0 F15000 X218.599 Y199.556
G1 F7500 X201.236 Y216.918 E1360.53997
G0 F15000 X201.236 Y217.512
G1 F7500 X219.192 Y199.556 E1360.98339
G0 F15000 X219.786 Y199.556
G1 F7500 X201.236 Y218.106 E1361.44147
G0 F15000 X201.236 Y218.7
G1 F7500 X220.38 Y199.556 E1361.91422
G0 F15000 X220.974 Y199.556
G1 F7500 X201.236 Y219.294 E1362.40163
G0 F15000 X201.236 Y219.888
G1 F7500 X221.568 Y199.556 E1362.90372
G0 F15000 X222.162 Y199.556
G1 F7500 X201.236 Y220.482 E1363.42048
G0 F15000 X201.236 Y221.076
G1 F7500 X222.756 Y199.556 E1363.9519
G0 F15000 X223.35 Y199.556
G1 F7500 X201.236 Y221.67 E1364.49799
G0 F15000 X201.236 Y222.264
G1 F7500 X223.944 Y199.556 E1365.05875
G0 F15000 X224.538 Y199.556
G1 F7500 X201.236 Y222.858 E1365.63418
G0 F15000 X201.236 Y223.452
G1 F7500 X225.132 Y199.556 E1366.22428
G0 F15000 X225.726 Y199.556
G1 F7500 X201.236 Y224.046 E1366.82904
G0 F15000 X201.236 Y224.64
G1 F7500 X226.32 Y199.556 E1367.44848
G0 F15000 X226.914 Y199.556
G1 F7500 X201.236 Y225.234 E1368.08258
G0 F15000 X201.236 Y225.828
G1 F7500 X227.508 Y199.556 E1368.73135
G0 F15000 X228.102 Y199.556
G1 F7500 X201.236 Y226.422 E1369.39479
G0 F15000 X201.236 Y227.016
G1 F7500 X228.696 Y199.556 E1370.0729
G0 F15000 X228.76 Y200.086
G1 F7500 X201.236 Y227.61 E1370.75259
G0 F15000 X201.236 Y228.204
G1 F7500 X228.76 Y200.68 E1371.43227
G0 F15000 X228.76 Y201.274
G1 F7500 X201.236 Y228.798 E1372.11196
G0 F15000 X201.236 Y229.392
G1 F7500 X228.76 Y201.868 E1372.79165
G0 F15000 X228.76 Y202.462
G1 F7500 X201.236 Y229.986 E1373.47134
G0 F15000 X201.376 Y230.44
G1 F7500 X228.76 Y203.056 E1374.14757
G0 F15000 X228.76 Y203.65
G1 F7500 X201.97 Y230.44 E1374.80913
G0 F15000 X202.564 Y230.44
G1 F7500 X228.76 Y204.244 E1375.45603
G0 F15000 X228.76 Y204.838
G1 F7500 X203.158 Y230.44 E1376.08825
G0 F15000 X203.752 Y230.44
G1 F7500 X228.76 Y205.432 E1376.70581
G0 F15000 X228.76 Y206.026
G1 F7500 X204.346 Y230.44 E1377.3087
G0 F15000 X204.94 Y230.44
G1 F7500 X228.76 Y206.62 E1377.89692
G0 F15000 X228.76 Y207.214
G1 F7500 X205.534 Y230.44 E1378.47047
G0 F15000 X206.128 Y230.44
G1 F7500 X228.76 Y207.808 E1379.02936
G0 F15000 X228.76 Y208.402
G1 F7500 X206.722 Y230.44 E1379.57357
G0 F15000 X207.316 Y230.44
G1 F7500 X228.76 Y208.996 E1380.10312
G0 F15000 X228.76 Y209.59
G1 F7500 X207.91 Y230.44 E1380.61799
G0 F15000 X208.504 Y230.44
G1 F7500 X228.76 Y210.184 E1381.1182
G0 F15000 X228.76 Y210.778
G1 F7500 X209.098 Y230.44 E1381.60375
G0 F15000 X209.692 Y230.44
G1 F7500 X228.76 Y211.372 E1382.07462
G0 F15000 X228.76 Y211.966
G1 F7500 X210.286 Y230.44 E1382.53082
G0 F15000 X210.88 Y230.44
G1 F7500 X228.76 Y212.56 E1382.97236
G0 F15000 X228.76 Y213.154
G1 F7500 X211.474 Y230.44 E1383.39923
G0 F15000 X212.068 Y230.44
G1 F7500 X228.76 Y213.748 E1383.81142
G0 F15000 X228.76 Y214.342
G1 F7500 X212.662 Y230.44 E1384.20895
G0 F15000 X213.256 Y230.44
G1 F7500 X228.76 Y214.936 E1384.59182
G0 F15000 X228.76 Y215.53
G1 F7500 X213.85 Y230.44 E1384.96001
G0 F15000 X214.444 Y230.44
G1 F7500 X228.76 Y216.124 E1385.31353
G0 F15000 X228.76 Y216.718
G1 F7500 X215.038 Y230.44 E1385.65239
G0 F15000 X215.632 Y230.44
G1 F7500 X228.76 Y217.312 E1385.97658
G0 F15000 X228.76 Y217.906
G1 F7500 X216.225 Y230.44 E1386.28611
G0 F15000 X216.819 Y230.44
G1 F7500 X228.76 Y218.5 E1386.58097
G0 F15000 X228.76 Y219.094
G1 F7500 X217.413 Y230.44 E1386.86117
G0 F15000 X218.007 Y230.44
G1 F7500 X228.76 Y219.687 E1387.12671
G0 F15000 X228.76 Y220.281
G1 F7500 X218.601 Y230.44 E1387.37758
G0 F15000 X219.195 Y230.44
G1 F7500 X228.76 Y220.875 E1387.61378
G0 F15000 X228.76 Y221.469
G1 F7500 X219.789 Y230.44 E1387.83531
G0 F15000 X220.383 Y230.44
G1 F7500 X228.76 Y222.063 E1388.04218
G0 F15000 X228.76 Y222.657
G1 F7500 X220.977 Y230.44 E1388.23437
G0 F15000 X221.571 Y230.44
G1 F7500 X228.76 Y223.251 E1388.4119
G0 F15000 X228.76 Y223.845
G1 F7500 X222.165 Y230.44 E1388.57476
G0 F15000 X222.759 Y230.44
G1 F7500 X228.76 Y224.439 E1388.72295
G0 F15000 X228.76 Y225.033
G1 F7500 X223.353 Y230.44 E1388.85648
G0 F15000 X223.947 Y230.44
G1 F7500 X228.76 Y225.627 E1388.97533
G0 F15000 X228.76 Y226.221
G1 F7500 X224.541 Y230.44 E1389.07952
G0 F15000 X225.135 Y230.44
G1 F7500 X228.76 Y226.815 E1389.16903
G0 F15000 X228.76 Y227.409
G1 F7500 X225.729 Y230.44 E1389.24388
G0 F15000 X226.323 Y230.44
G1 F7500 X228.76 Y228.003 E1389.30406
G0 F15000 X228.76 Y228.597
G1 F7500 X226.917 Y230.44 E1389.34957
G0 F15000 X227.511 Y230.44
G1 F7500 X228.76 Y229.191 E1389.38042
G0 F15000 X228.76 Y229.785
G1 F7500 X228.105 Y230.44 E1389.39659
G0 F15000 X228.699 Y230.44
G1 F7500 X228.76 Y230.379 E1389.3981
G1 F2400 E1383.3981
;MESH:NONMESH
G0 F600 X228.76 Y230.379 Z4.7
G0 F15000 X226.527 Y191.075
;TIME_ELAPSED:909.495177
;LAYER:44
;TYPE:FILL
;MESH:table_soft_spacer_30x30-Body.stl
G1 F2400 E1389.3981
G1 F15000 X228.127 Y192.676 E1389.44233
G1 X228.925 Y192.676 E1389.45792
G1 X228.925 Y193.008 E1389.46441
G1 X228.128 Y193.008 E1389.47998
G1 X222.21 Y198.925 E1389.64351
G1 X225.514 Y198.925 E1389.70807
G1 X217.664 Y191.075 E1389.925
G1 X212.335 Y191.075 E1390.02913
G1 X204.485 Y198.925 E1390.24605
G1 X207.788 Y198.925 E1390.3106
G1 X201.871 Y193.008 E1390.47411
G1 X201.075 Y193.008 E1390.48966
G1 X201.075 Y192.676 E1390.49615
G1 X201.871 Y192.676 E1390.5117
G1 X203.472 Y191.075 E1390.55595
G1 X208.801 Y191.075 E1390.66008
G1 X216.651 Y198.925 E1390.877
G1 X213.348 Y198.925 E1390.94155
G1 X221.198 Y191.075 E1391.15847
G1 X228.925 Y191.075 E1391.30946
G1 X229.03 Y191.075
G1 F2400 E1385.30946
G0 F15000 X228.925 Y231.075
G1 F2400 E1391.30946
G1 F15000 X222.212 Y231.075 E1391.44064
G1 X228.128 Y236.991 E1391.60412
G1 X228.925 Y236.991 E1391.61969
G1 X228.925 Y237.323 E1391.62618
G1 X228.127 Y237.323 E1391.64177
G1 X226.525 Y238.925 E1391.68604
G1 X221.199 Y238.925 E1391.79012
G1 X213.349 Y231.075 E1392.00705
G1 X216.65 Y231.075 E1392.07155
G1 X208.799 Y238.925 E1392.28849
G1 X203.474 Y238.925 E1392.39254
G1 X201.871 Y237.323 E1392.43683
G1 X201.075 Y237.323 E1392.45238
G1 X201.075 Y236.991 E1392.45887
G1 X201.871 Y236.991 E1392.47442
G1 X207.787 Y231.075 E1392.63791
G1 X204.486 Y231.075 E1392.70241
G1 X212.336 Y238.925 E1392.91934
G1 X217.662 Y238.925 E1393.02341
G1 X225.513 Y231.075 E1393.24035
G1 X225.587 Y231.001
G1 F2400 E1387.24035
G0 F15000 X200.92 Y215
G0 X200.63 Y215
M204 S1250
;TYPE:WALL-INNER
G1 F2400 E1393.24035
G1 F11250 X200.63 Y239.37 E1393.66589
G1 X229.37 Y239.37 E1394.16773
G1 X229.37 Y190.63 E1395.01881
G1 X200.63 Y190.63 E1395.52066
G1 X200.63 Y215 E1395.9462
M204 S2500
G0 F15000 X200.21 Y215
M204 S1250
;TYPE:WALL-OUTER
G1 F7500 X200.21 Y239.79 E1396.37907
G1 X229.79 Y239.79 E1396.89558
G1 X229.79 Y190.21 E1397.76133
G1 X200.21 Y190.21 E1398.27784
G1 X200.21 Y215 E1398.71071
M204 S2500
G0 F15000 X200.21 Y215.2
G0 X201.026 Y215
;TYPE:SKIN
G1 F7500 X201.026 Y199.346 E1398.98406
G1 X228.97 Y199.346 E1399.472
G1 X228.97 Y230.65 E1400.01862
G1 X201.026 Y230.65 E1400.50656
G1 X201.026 Y215 E1400.77984
G1 F2400 E1394.77984
G0 F15000 X201.335 Y230.44
G1 F2400 E1400.77984
G1 F7500 X201.236 Y230.341 E1400.78228
G0 F15000 X201.236 Y229.747
G1 F7500 X201.929 Y230.44 E1400.7994
G0 F15000 X202.523 Y230.44
G1 F7500 X201.236 Y229.153 E1400.83118
G0 F15000 X201.236 Y228.559
G1 F7500 X203.117 Y230.44 E1400.87763
G0 F15000 X203.711 Y230.44
G1 F7500 X201.236 Y227.965 E1400.93875
G0 F15000 X201.236 Y227.371
G1 F7500 X204.305 Y230.44 E1401.01453
G0 F15000 X204.899 Y230.44
G1 F7500 X201.236 Y226.777 E1401.10499
G0 F15000 X201.236 Y226.183
G1 F7500 X205.493 Y230.44 E1401.21011
G0 F15000 X206.087 Y230.44
G1 F7500 X201.236 Y225.589 E1401.32991
G0 F15000 X201.236 Y224.995
G1 F7500 X206.681 Y230.44 E1401.46437
G0 F15000 X207.275 Y230.44
G1 F7500 X201.236 Y224.401 E1401.6135
G0 F15000 X201.236 Y223.807
G1 F7500 X207.869 Y230.44 E1401.77729
G0 F15000 X208.463 Y230.44
G1 F7500 X201.236 Y223.213 E1401.95576
G0 F15000 X201.236 Y222.619
G1 F7500 X209.057 Y230.44 E1402.1489
G0 F15000 X209.651 Y230.44
G1 F7500 X201.236 Y222.025 E1402.3567
G0 F15000 X201.236 Y221.431
G1 F7500 X210.245 Y230.44 E1402.57917
G0 F15000 X210.839 Y230.44
G1 F7500 X201.236 Y220.837 E1402.81631
G0 F15000 X201.236 Y220.243
G1 F7500 X211.433 Y230.44 E1403.06812
G0 F15000 X212.027 Y230.44
G1 F7500 X201.236 Y219.649 E1403.3346
G0 F15000 X201.236 Y219.055
G1 F7500 X212.621 Y230.44 E1403.61574
G0 F15000 X213.215 Y230.44
G1 F7500 X201.236 Y218.461 E1403.91156
G0 F15000 X201.236 Y217.867
G1 F7500 X213.809 Y230.44 E1404.22204
G0 F15000 X214.403 Y230.44
G1 F7500 X201.236 Y217.273 E1404.54719
G0 F15000 X201.236 Y216.679
G1 F7500 X214.997 Y230.44 E1404.88701
G0 F15000 X215.59 Y230.44
G1 F7500 X201.236 Y216.085 E1405.24148
G0 F15000 X201.236 Y215.491
G1 F7500 X216.184 Y230.44 E1405.61063
G0 F15000 X216.778 Y230.44
G1 F7500 X201.236 Y214.898 E1405.99443
G0 F15000 X201.236 Y214.304
G1 F7500 X217.372 Y230.44 E1406.3929
G0 F15000 X217.966 Y230.44
G1 F7500 X201.236 Y213.71 E1406.80603
G0 F15000 X201.236 Y213.116
G1 F7500 X218.56 Y230.44 E1407.23384
G0 F15000 X219.154 Y230.44
G1 F7500 X201.236 Y212.522 E1407.67631
G0 F15000 X201.236 Y211.928
G1 F7500 X219.748 Y230.44 E1408.13346
G0 F15000 X220.342 Y230.44
G1 F7500 X201.236 Y211.334 E1408.60527
G0 F15000 X201.236 Y210.74
G1 F7500 X220.936 Y230.44 E1409.09175
G0 F15000 X221.53 Y230.44
G1 F7500 X201.236 Y210.146 E1409.5929
G0 F15000 X201.236 Y209.552
G1 F7500 X222.124 Y230.44 E1410.10871
G0 F15000 X222.718 Y230.44
G1 F7500 X201.236 Y208.958 E1410.6392
G0 F15000 X201.236 Y208.364
G1 F7500 X223.312 Y230.44 E1411.18435
G0 F15000 X223.906 Y230.44
G1 F7500 X201.236 Y207.77 E1411.74417
G0 F15000 X201.236 Y207.176
G1 F7500 X224.5 Y230.44 E1412.31866
G0 F15000 X225.094 Y230.44
G1 F7500 X201.236 Y206.582 E1412.90782
G0 F15000 X201.236 Y205.988
G1 F7500 X225.688 Y230.44 E1413.51165
G0 F15000 X226.282 Y230.44
G1 F7500 X201.236 Y205.394 E1414.13014
G0 F15000 X201.236 Y204.8
G1 F7500 X226.876 Y230.44 E1414.76331
G0 F15000 X227.47 Y230.44
G1 F7500 X201.236 Y204.206 E1415.41114
G0 F15000 X201.236 Y203.612
G1 F7500 X228.064 Y230.44 E1416.07364
G0 F15000 X228.658 Y230.44
G1 F7500 X201.236 Y203.018 E1416.75081
G0 F15000 X201.236 Y202.424
G1 F7500 X228.76 Y229.948 E1417.4305
G0 F15000 X228.76 Y229.354
G1 F7500 X201.236 Y201.83 E1418.11019
G0 F15000 X201.236 Y201.236
G1 F7500 X228.76 Y228.76 E1418.78988
G0 F15000 X228.76 Y228.166
G1 F7500 X201.236 Y200.642 E1419.46957
G0 F15000 X201.236 Y200.048
G1 F7500 X228.76 Y227.572 E1420.14925
G0 F15000 X228.76 Y226.978
G1 F7500 X201.338 Y199.556 E1420.82642
G0 F15000 X201.932 Y199.556
G1 F7500 X228.76 Y226.384 E1421.48892
G0 F15000 X228.76 Y225.79
G1 F7500 X202.526 Y199.556 E1422.13676
G0 F15000 X203.12 Y199.556
G1 F7500 X228.76 Y225.196 E1422.76992
G0 F15000 X228.76 Y224.602
G1 F7500 X203.714 Y199.556 E1423.38842
G0 F15000 X204.308 Y199.556
G1 F7500 X228.76 Y224.008 E1423.99224
G0 F15000 X228.76 Y223.414
G1 F7500 X204.902 Y199.556 E1424.5814
G0 F15000 X205.496 Y199.556
G1 F7500 X228.76 Y222.82 E1425.15589
G0 F15000 X228.76 Y222.226
G1 F7500 X206.09 Y199.556 E1425.71571
G0 F15000 X206.684 Y199.556
G1 F7500 X228.76 Y221.632 E1426.26087
G0 F15000 X228.76 Y221.038
G1 F7500 X207.278 Y199.556 E1426.79135
G0 F15000 X207.872 Y199.556
G1 F7500 X228.76 Y220.444 E1427.30717
G0 F15000 X228.76 Y219.85
G1 F7500 X208.466 Y199.556 E1427.80832
G0 F15000 X209.06 Y199.556
G1 F7500 X228.76 Y219.256 E1428.2948
G0 F15000 X228.76 Y218.662
G1 F7500 X209.654 Y199.556 E1428.76661
G0 F15000 X210.248 Y199.556
G1 F7500 X228.76 Y218.068 E1429.22375
G0 F15000 X228.76 Y217.474
G1 F7500 X210.842 Y199.556 E1429.66622
G0 F15000 X211.436 Y199.556
G1 F7500 X228.76 Y216.88 E1430.09403
G0 F15000 X228.76 Y216.286
G1 F7500 X212.03 Y199.556 E1430.50717
G0 F15000 X212.623 Y199.556
G1 F7500 X228.76 Y215.692 E1430.90565
G0 F15000 X228.76 Y215.098
G1 F7500 X213.217 Y199.556 E1431.28946
G0 F15000 X213.811 Y199.556
G1 F7500 X228.76 Y214.504 E1431.65861
G0 F15000 X228.76 Y213.91
G1 F7500 X214.405 Y199.556 E1432.01308
G0 F15000 X214.999 Y199.556
G1 F7500 X228.76 Y213.316 E1432.35289
G0 F15000 X228.76 Y212.722
G1 F7500 X215.593 Y199.556 E1432.67803
G0 F15000 X216.187 Y199.556
G1 F7500 X228.76 Y212.128 E1432.9885
G0 F15000 X228.76 Y211.535
G1 F7500 X216.781 Y199.556 E1433.28431
G0 F15000 X217.375 Y199.556
G1 F7500 X228.76 Y210.941 E1433.56546
G0 F15000 X228.76 Y210.347
G1 F7500 X217.969 Y199.556 E1433.83193
G0 F15000 X218.563 Y199.556
G1 F7500 X228.76 Y209.753 E1434.08374
G0 F15000 X228.76 Y209.159
G1 F7500 X219.157 Y199.556 E1434.32088
G0 F15000 X219.751 Y199.556
G1 F7500 X228.76 Y208.565 E1434.54335
G0 F15000 X228.76 Y207.971
G1 F7500 X220.345 Y199.556 E1434.75116
G0 F15000 X220.939 Y199.556
G1 F7500 X228.76 Y207.377 E1434.94429
G0 F15000 X228.76 Y206.783
G1 F7500 X221.533 Y199.556 E1435.12276
G0 F15000 X222.127 Y199.556
G1 F7500 X228.76 Y206.189 E1435.28656
G0 F15000 X228.76 Y205.595
G1 F7500 X222.721 Y199.556 E1435.43569
G0 F15000 X223.315 Y199.556
G1 F7500 X228.76 Y205.001 E1435.57015
G0 F15000 X228.76 Y204.407
G1 F7500 X223.909 Y199.556 E1435.68994
G0 F15000 X224.503 Y199.556
G1 F7500 X228.76 Y203.813 E1435.79506
G0 F15000 X228.76 Y203.219
G1 F7500 X225.097 Y199.556 E1435.88552
G0 F15000 X225.691 Y199.556
G1 F7500 X228.76 Y202.625 E1435.96131
G0 F15000 X228.76 Y202.031
G1 F7500 X226.285 Y199.556 E1436.02242
G0 F15000 X226.879 Y199.556
G1 F7500 X228.76 Y201.437 E1436.06888
G0 F15000 X228.76 Y200.843
G1 F7500 X227.473 Y199.556 E1436.10066
G0 F15000 X228.067 Y199.556
G1 F7500 X228.76 Y200.249 E1436.11777
G0 F15000 X228.76 Y199.655
G1 F7500 X228.661 Y199.556 E1436.12021
;MESH:NONMESH
G0 F600 X228.661 Y199.556 Z4.8
G0 F15000 X226.527 Y191.075
;TIME_ELAPSED:941.986923
;LAYER:45
;TYPE:FILL
;MESH:table_soft_spacer_30x30-Body.stl
G1 X228.127 Y192.676 E1436.16444
G1 X228.925 Y192.676 E1436.18004
G1 X228.925 Y193.008 E1436.18652
G1 X228.128 Y193.008 E1436.2021
G1 X222.21 Y198.925 E1436.36562
G1 X225.514 Y198.925 E1436.43018
G1 X217.664 Y191.075 E1436.64711
G1 X212.335 Y191.075 E1436.75124
G1 X204.485 Y198.925 E1436.96817
G1 X207.788 Y198.925 E1437.03271
G1 X201.871 Y193.008 E1437.19622
G1 X201.075 Y193.008 E1437.21178
G1 X201.075 Y192.676 E1437.21827
G1 X201.871 Y192.676 E1437.23382
G1 X203.472 Y191.075 E1437.27806
G1 X208.801 Y191.075 E1437.38219
G1 X216.651 Y198.925 E1437.59912
G1 X213.348 Y198.925 E1437.66366
G1 X221.198 Y191.075 E1437.88059
G1 X228.925 Y191.075 E1438.03158
G1 X229.03 Y191.075
G1 F2400 E1432.03158
G0 F15000 X228.925 Y231.075
G1 F2400 E1438.03158
G1 F15000 X222.212 Y231.075 E1438.16275
G1 X228.128 Y236.991 E1438.32624
G1 X228.925 Y236.991 E1438.34181
G1 X228.925 Y237.323 E1438.3483
G1 X228.127 Y237.323 E1438.36389
G1 X226.525 Y238.925 E1438.40816
G1 X221.199 Y238.925 E1438.51223
G1 X213.349 Y231.075 E1438.72916
G1 X216.65 Y231.075 E1438.79367
G1 X208.799 Y238.925 E1439.01061
G1 X203.474 Y238.925 E1439.11466
G1 X201.871 Y237.323 E1439.15894
G1 X201.075 Y237.323 E1439.1745
G1 X201.075 Y236.991 E1439.18098
G1 X201.871 Y236.991 E1439.19654
G1 X207.787 Y231.075 E1439.36002
G1 X204.486 Y231.075 E1439.42453
G1 X212.336 Y238.925 E1439.64145
G1 X217.662 Y238.925 E1439.74553
G1 X225.513 Y231.075 E1439.96247
G1 X225.587 Y231.001
G1 F2400 E1433.96247
G0 F15000 X200.92 Y215
G0 X200.63 Y215
M204 S1250
;TYPE:WALL-INNER
G1 F2400 E1439.96247
G1 F11250 X200.63 Y239.37 E1440.38801
G1 X229.37 Y239.37 E1440.88985
G1 X229.37 Y190.63 E1441.74093
G1 X200.63 Y190.63 E1442.24277
G1 X200.63 Y215 E1442.66831
M204 S2500
G0 F15000 X200.21 Y215
M204 S1250
;TYPE:WALL-OUTER
G1 F7500 X200.21 Y239.79 E1443.10119
G1 X229.79 Y239.79 E1443.6177
G1 X229.79 Y190.21 E1444.48344
G1 X200.21 Y190.21 E1444.99996
G1 X200.21 Y215 E1445.43283
M204 S2500
G0 F15000 X200.21 Y215.2
G0 X201.026 Y215
;TYPE:SKIN
G1 F7500 X201.026 Y199.346 E1445.70617
G1 X228.97 Y199.346 E1446.19412
G1 X228.97 Y230.65 E1446.74074
G1 X201.026 Y230.65 E1447.22868
G1 X201.026 Y215 E1447.50196
G1 F2400 E1441.50196
G0 F15000 X201.236 Y199.693
G1 F2400 E1447.50196
G1 F7500 X201.373 Y199.556 E1447.50534
G0 F15000 X201.967 Y199.556
G1 F7500 X201.236 Y200.287 E1447.52339
G0 F15000 X201.236 Y200.881
G1 F7500 X202.561 Y199.556 E1447.55611
G0 F15000 X203.155 Y199.556
G1 F7500 X201.236 Y201.475 E1447.6035
G0 F15000 X201.236 Y202.069
G1 F7500 X203.749 Y199.556 E1447.66556
G0 F15000 X204.343 Y199.556
G1 F7500 X201.236 Y202.663 E1447.74228
G0 F15000 X201.236 Y203.257
G1 F7500 X204.937 Y199.556 E1447.83368
G0 F15000 X205.531 Y199.556
G1 F7500 X201.236 Y203.851 E1447.93974
G0 F15000 X201.236 Y204.445
G1 F7500 X206.125 Y199.556 E1448.06047
G0 F15000 X206.719 Y199.556
G1 F7500 X201.236 Y205.039 E1448.19587
G0 F15000 X201.236 Y205.633
G1 F7500 X207.313 Y199.556 E1448.34594
G0 F15000 X207.907 Y199.556
G1 F7500 X201.236 Y206.227 E1448.51067
G0 F15000 X201.236 Y206.821
G1 F7500 X208.501 Y199.556 E1448.69008
G0 F15000 X209.095 Y199.556
G1 F7500 X201.236 Y207.415 E1448.88415
G0 F15000 X201.236 Y208.009
G1 F7500 X209.689 Y199.556 E1449.09289
G0 F15000 X210.283 Y199.556
G1 F7500 X201.236 Y208.603 E1449.3163
G0 F15000 X201.236 Y209.197
G1 F7500 X210.877 Y199.556 E1449.55438
G0 F15000 X211.471 Y199.556
G1 F7500 X201.236 Y209.791 E1449.80713
G0 F15000 X201.236 Y210.385
G1 F7500 X212.065 Y199.556 E1450.07454
G0 F15000 X212.659 Y199.556
G1 F7500 X201.236 Y210.979 E1450.35663
G0 F15000 X201.236 Y211.573
G1 F7500 X213.253 Y199.556 E1450.65338
G0 F15000 X213.847 Y199.556
G1 F7500 X201.236 Y212.167 E1450.9648
G0 F15000 X201.236 Y212.761
G1 F7500 X214.441 Y199.556 E1451.29089
G0 F15000 X215.035 Y199.556
G1 F7500 X201.236 Y213.355 E1451.63165
G0 F15000 X201.236 Y213.949
G1 F7500 X215.629 Y199.556 E1451.98707
G0 F15000 X216.223 Y199.556
G1 F7500 X201.236 Y214.543 E1452.35717
G0 F15000 X201.236 Y215.137
G1 F7500 X216.817 Y199.556 E1452.74193
G0 F15000 X217.411 Y199.556
G1 F7500 X201.236 Y215.731 E1453.14136
G0 F15000 X201.236 Y216.324
G1 F7500 X218.005 Y199.556 E1453.55545
G0 F15000 X218.599 Y199.556
G1 F7500 X201.236 Y216.918 E1453.98421
G0 F15000 X201.236 Y217.512
G1 F7500 X219.192 Y199.556 E1454.42762
G0 F15000 X219.786 Y199.556
G1 F7500 X201.236 Y218.106 E1454.8857
G0 F15000 X201.236 Y218.7
G1 F7500 X220.38 Y199.556 E1455.35845
G0 F15000 X220.974 Y199.556
G1 F7500 X201.236 Y219.294 E1455.84587
G0 F15000 X201.236 Y219.888
G1 F7500 X221.568 Y199.556 E1456.34796
G0 F15000 X222.162 Y199.556
G1 F7500 X201.236 Y220.482 E1456.86471
G0 F15000 X201.236 Y221.076
G1 F7500 X222.756 Y199.556 E1457.39613
G0 F15000 X223.35 Y199.556
G1 F7500 X201.236 Y221.67 E1457.94223
G0 F15000 X201.236 Y222.264
G1 F7500 X223.944 Y199.556 E1458.50299
G0 F15000 X224.538 Y199.556
G1 F7500 X201.236 Y222.858 E1459.07841
G0 F15000 X201.236 Y223.452
G1 F7500 X225.132 Y199.556 E1459.66851
G0 F15000 X225.726 Y199.556
G1 F7500 X201.236 Y224.046 E1460.27328
G0 F15000 X201.236 Y224.64
G1 F7500 X226.32 Y199.556 E1460.89271
G0 F15000 X226.914 Y199.556
G1 F7500 X201.236 Y225.234 E1461.52681
G0 F15000 X201.236 Y225.828
G1 F7500 X227.508 Y199.556 E1462.17558
G0 F15000 X228.102 Y199.556
G1 F7500 X201.236 Y226.422 E1462.83902
G0 F15000 X201.236 Y227.016
G1 F7500 X228.696 Y199.556 E1463.51713
G0 F15000 X228.76 Y200.086
G1 F7500 X201.236 Y227.61 E1464.19682
G0 F15000 X201.236 Y228.204
G1 F7500 X228.76 Y200.68 E1464.87651
G0 F15000 X228.76 Y201.274
G1 F7500 X201.236 Y228.798 E1465.5562
G0 F15000 X201.236 Y229.392
G1 F7500 X228.76 Y201.868 E1466.23589
G0 F15000 X228.76 Y202.462
G1 F7500 X201.236 Y229.986 E1466.91557
G0 F15000 X201.376 Y230.44
G1 F7500 X228.76 Y203.056 E1467.59181
G0 F15000 X228.76 Y203.65
G1 F7500 X201.97 Y230.44 E1468.25337
G0 F15000 X202.564 Y230.44
G1 F7500 X228.76 Y204.244 E1468.90026
G0 F15000 X228.76 Y204.838
G1 F7500 X203.158 Y230.44 E1469.53249
G0 F15000 X203.752 Y230.44
G1 F7500 X228.76 Y205.432 E1470.15005
G0 F15000 X228.76 Y206.026
G1 F7500 X204.346 Y230.44 E1470.75293
G0 F15000 X204.94 Y230.44
G1 F7500 X228.76 Y206.62 E1471.34115
G0 F15000 X228.76 Y207.214
G1 F7500 X205.534 Y230.44 E1471.91471
G0 F15000 X206.128 Y230.44
G1 F7500 X228.76 Y207.808 E1472.47359
G0 F15000 X228.76 Y208.402
G1 F7500 X206.722 Y230.44 E1473.0178
G0 F15000 X207.316 Y230.44
G1 F7500 X228.76 Y208.996 E1473.54735
G0 F15000 X228.76 Y209.59
G1 F7500 X207.91 Y230.44 E1474.06223
G0 F15000 X208.504 Y230.44
G1 F7500 X228.76 Y210.184 E1474.56244
G0 F15000 X228.76 Y210.778
G1 F7500 X209.098 Y230.44 E1475.04798
G0 F15000 X209.692 Y230.44
G1 F7500 X228.76 Y211.372 E1475.51885
G0 F15000 X228.76 Y211.966
G1 F7500 X210.286 Y230.44 E1475.97506
G0 F15000 X210.88 Y230.44
G1 F7500 X228.76 Y212.56 E1476.41659
G0 F15000 X228.76 Y213.154
G1 F7500 X211.474 Y230.44 E1476.84346
G0 F15000 X212.068 Y230.44
G1 F7500 X228.76 Y213.748 E1477.25566
G0 F15000 X228.76 Y214.342
G1 F7500 X212.662 Y230.44 E1477.65319
G0 F15000 X213.256 Y230.44
G1 F7500 X228.76 Y214.936 E1478.03605
G0 F15000 X228.76 Y215.53
G1 F7500 X213.85 Y230.44 E1478.40424
G0 F15000 X214.444 Y230.44
G1 F7500 X228.76 Y216.124 E1478.75777
G0 F15000 X228.76 Y216.718
G1 F7500 X215.038 Y230.44 E1479.09663
G0 F15000 X215.632 Y230.44
G1 F7500 X228.76 Y217.312 E1479.42081
G0 F15000 X228.76 Y217.906
G1 F7500 X216.225 Y230.44 E1479.73034
G0 F15000 X216.819 Y230.44
G1 F7500 X228.76 Y218.5 E1480.02521
G0 F15000 X228.76 Y219.094
G1 F7500 X217.413 Y230.44 E1480.3054
G0 F15000 X218.007 Y230.44
G1 F7500 X228.76 Y219.687 E1480.57094
G0 F15000 X228.76 Y220.281
G1 F7500 X218.601 Y230.44 E1480.82181
G0 F15000 X219.195 Y230.44
G1 F7500 X228.76 Y220.875 E1481.05801
G0 F15000 X228.76 Y221.469
G1 F7500 X219.789 Y230.44 E1481.27955
G0 F15000 X220.383 Y230.44
G1 F7500 X228.76 Y222.063 E1481.48641
G0 F15000 X228.76 Y222.657
G1 F7500 X220.977 Y230.44 E1481.67861
G0 F15000 X221.571 Y230.44
G1 F7500 X228.76 Y223.251 E1481.85614
G0 F15000 X228.76 Y223.845
G1 F7500 X222.165 Y230.44 E1482.019
G0 F15000 X222.759 Y230.44
G1 F7500 X228.76 Y224.439 E1482.16719
G0 F15000 X228.76 Y225.033
G1 F7500 X223.353 Y230.44 E1482.30071
G0 F15000 X223.947 Y230.44
G1 F7500 X228.76 Y225.627 E1482.41956
G0 F15000 X228.76 Y226.221
G1 F7500 X224.541 Y230.44 E1482.52375
G0 F15000 X225.135 Y230.44
G1 F7500 X228.76 Y226.815 E1482.61327
G0 F15000 X228.76 Y227.409
G1 F7500 X225.729 Y230.44 E1482.68812
G0 F15000 X226.323 Y230.44
G1 F7500 X228.76 Y228.003 E1482.7483
G0 F15000 X228.76 Y228.597
G1 F7500 X226.917 Y230.44 E1482.79381
G0 F15000 X227.511 Y230.44
G1 F7500 X228.76 Y229.191 E1482.82465
G0 F15000 X228.76 Y229.785
G1 F7500 X228.105 Y230.44 E1482.84083
G0 F15000 X228.699 Y230.44
G1 F7500 X228.76 Y230.379 E1482.84233
G1 F2400 E1476.84233
;MESH:NONMESH
G0 F600 X228.76 Y230.379 Z4.9
G0 F15000 X226.527 Y191.075
;TIME_ELAPSED:974.616817
;LAYER:46
;TYPE:FILL
;MESH:table_soft_spacer_30x30-Body.stl
G1 F2400 E1482.84233
G1 F15000 X228.127 Y192.676 E1482.88656
G1 X228.925 Y192.676 E1482.90215
G1 X228.925 Y193.008 E1482.90864
G1 X228.128 Y193.008 E1482.92421
G1 X222.21 Y198.925 E1483.08774
G1 X225.514 Y198.925 E1483.1523
G1 X217.664 Y191.075 E1483.36923
G1 X212.335 Y191.075 E1483.47336
G1 X204.485 Y198.925 E1483.69029
G1 X207.788 Y198.925 E1483.75483
G1 X201.871 Y193.008 E1483.91834
G1 X201.075 Y193.008 E1483.9339
G1 X201.075 Y192.676 E1483.94038
G1 X201.871 Y192.676 E1483.95594
G1 X203.472 Y191.075 E1484.00018
G1 X208.801 Y191.075 E1484.10431
G1 X216.651 Y198.925 E1484.32124
G1 X213.348 Y198.925 E1484.38578
G1 X221.198 Y191.075 E1484.60271
G1 X228.925 Y191.075 E1484.7537
G1 X229.03 Y191.075
G1 F2400 E1478.7537
G0 F15000 X228.925 Y231.075
G1 F2400 E1484.7537
G1 F15000 X222.212 Y231.075 E1484.88487
G1 X228.128 Y236.991 E1485.04836
G1 X228.925 Y236.991 E1485.06393
G1 X228.925 Y237.323 E1485.07042
G1 X228.127 Y237.323 E1485.08601
G1 X226.525 Y238.925 E1485.13028
G1 X221.199 Y238.925 E1485.23435
G1 X213.349 Y231.075 E1485.45128
G1 X216.65 Y231.075 E1485.51578
G1 X208.799 Y238.925 E1485.73272
G1 X203.474 Y238.925 E1485.83678
G1 X201.871 Y237.323 E1485.88106
G1 X201.075 Y237.323 E1485.89661
G1 X201.075 Y236.991 E1485.9031
G1 X201.871 Y236.991 E1485.91866
G1 X207.787 Y231.075 E1486.08214
G1 X204.486 Y231.075 E1486.14664
G1 X212.336 Y238.925 E1486.36357
G1 X217.662 Y238.925 E1486.46764
G1 X225.513 Y231.075 E1486.68459
G1 X225.587 Y231.001
G1 F2400 E1480.68459
G0 F15000 X200.92 Y215
G0 X200.63 Y215
M204 S1250
;TYPE:WALL-INNER
G1 F2400 E1486.68459
G1 F11250 X200.63 Y239.37 E1487.11012
G1 X229.37 Y239.37 E1487.61197
G1 X229.37 Y190.63 E1488.46305
G1 X200.63 Y190.63 E1488.96489
G1 X200.63 Y215 E1489.39043
M204 S2500
G0 F15000 X200.21 Y215
M204 S1250
;TYPE:WALL-OUTER
G1 F7500 X200.21 Y239.79 E1489.8233
G1 X229.79 Y239.79 E1490.33982
G1 X229.79 Y190.21 E1491.20556
G1 X200.21 Y190.21 E1491.72207
G1 X200.21 Y215 E1492.15495
M204 S2500
G0 F15000 X200.21 Y215.2
G0 X201.026 Y215
;TYPE:SKIN
G1 F7500 X201.026 Y199.346 E1492.42829
G1 X228.97 Y199.346 E1492.91624
G1 X228.97 Y230.65 E1493.46285
G1 X201.026 Y230.65 E1493.9508
G1 X201.026 Y215 E1494.22407
G1 F2400 E1488.22407
G0 F15000 X201.335 Y230.44
G1 F2400 E1494.22407
G1 F7500 X201.236 Y230.341 E1494.22652
G0 F15000 X201.236 Y229.747
G1 F7500 X201.929 Y230.44 E1494.24363
G0 F15000 X202.523 Y230.44
G1 F7500 X201.236 Y229.153 E1494.27541
G0 F15000 X201.236 Y228.559
G1 F7500 X203.117 Y230.44 E1494.32186
G0 F15000 X203.711 Y230.44
G1 F7500 X201.236 Y227.965 E1494.38298
G0 F15000 X201.236 Y227.371
G1 F7500 X204.305 Y230.44 E1494.45877
G0 F15000 X204.899 Y230.44
G1 F7500 X201.236 Y226.777 E1494.54922
G0 F15000 X201.236 Y226.183
G1 F7500 X205.493 Y230.44 E1494.65435
G0 F15000 X206.087 Y230.44
G1 F7500 X201.236 Y225.589 E1494.77414
G0 F15000 X201.236 Y224.995
G1 F7500 X206.681 Y230.44 E1494.9086
G0 F15000 X207.275 Y230.44
G1 F7500 X201.236 Y224.401 E1495.05773
G0 F15000 X201.236 Y223.807
G1 F7500 X207.869 Y230.44 E1495.22153
G0 F15000 X208.463 Y230.44
G1 F7500 X201.236 Y223.213 E1495.39999
G0 F15000 X201.236 Y222.619
G1 F7500 X209.057 Y230.44 E1495.59313
G0 F15000 X209.651 Y230.44
G1 F7500 X201.236 Y222.025 E1495.80093
G0 F15000 X201.236 Y221.431
G1 F7500 X210.245 Y230.44 E1496.0234
G0 F15000 X210.839 Y230.44
G1 F7500 X201.236 Y220.837 E1496.26054
G0 F15000 X201.236 Y220.243
G1 F7500 X211.433 Y230.44 E1496.51235
G0 F15000 X212.027 Y230.44
G1 F7500 X201.236 Y219.649 E1496.77883
G0 F15000 X201.236 Y219.055
G1 F7500 X212.621 Y230.44 E1497.05998
G0 F15000 X213.215 Y230.44
G1 F7500 X201.236 Y218.461 E1497.35579
G0 F15000 X201.236 Y217.867
G1 F7500 X213.809 Y230.44 E1497.66627
G0 F15000 X214.403 Y230.44
G1 F7500 X201.236 Y217.273 E1497.99142
G0 F15000 X201.236 Y216.679
G1 F7500 X214.997 Y230.44 E1498.33124
G0 F15000 X215.59 Y230.44
G1 F7500 X201.236 Y216.085 E1498.68572
G0 F15000 X201.236 Y215.491
G1 F7500 X216.184 Y230.44 E1499.05486
G0 F15000 X216.778 Y230.44
G1 F7500 X201.236 Y214.898 E1499.43866
G0 F15000 X201.236 Y214.304
G1 F7500 X217.372 Y230.44 E1499.83713
G0 F15000 X217.966 Y230.44
G1 F7500 X201.236 Y213.71 E1500.25027
G0 F15000 X201.236 Y213.116
G1 F7500 X218.56 Y230.44 E1500.67807
G0 F15000 X219.154 Y230.44
G1 F7500 X201.236 Y212.522 E1501.12055
G0 F15000 X201.236 Y211.928
G1 F7500 X219.748 Y230.44 E1501.57769
G0 F15000 X220.342 Y230.44
G1 F7500 X201.236 Y211.334 E1502.0495
G0 F15000 X201.236 Y210.74
G1 F7500 X220.936 Y230.44 E1502.53598
G0 F15000 X221.53 Y230.44
G1 F7500 X201.236 Y210.146 E1503.03713
G0 F15000 X201.236 Y209.552
G1 F7500 X222.124 Y230.44 E1503.55295
G0 F15000 X222.718 Y230.44
G1 F7500 X201.236 Y208.958 E1504.08343
G0 F15000 X201.236 Y208.364
G1 F7500 X223.312 Y230.44 E1504.62858
G0 F15000 X223.906 Y230.44
G1 F7500 X201.236 Y207.77 E1505.18841
G0 F15000 X201.236 Y207.176
G1 F7500 X224.5 Y230.44 E1505.7629
G0 F15000 X225.094 Y230.44
G1 F7500 X201.236 Y206.582 E1506.35206
G0 F15000 X201.236 Y205.988
G1 F7500 X225.688 Y230.44 E1506.95588
G0 F15000 X226.282 Y230.44
G1 F7500 X201.236 Y205.394 E1507.57438
G0 F15000 X201.236 Y204.8
G1 F7500 X226.876 Y230.44 E1508.20754
G0 F15000 X227.47 Y230.44
G1 F7500 X201.236 Y204.206 E1508.85538
G0 F15000 X201.236 Y203.612
G1 F7500 X228.064 Y230.44 E1509.51788
G0 F15000 X228.658 Y230.44
G1 F7500 X201.236 Y203.018 E1510.19505
G0 F15000 X201.236 Y202.424
G1 F7500 X228.76 Y229.948 E1510.87473
G0 F15000 X228.76 Y229.354
G1 F7500 X201.236 Y201.83 E1511.55442
G0 F15000 X201.236 Y201.236
G1 F7500 X228.76 Y228.76 E1512.23411
G0 F15000 X228.76 Y228.166
G1 F7500 X201.236 Y200.642 E1512.9138
G0 F15000 X201.236 Y200.048
G1 F7500 X228.76 Y227.572 E1513.59349
G0 F15000 X228.76 Y226.978
G1 F7500 X201.338 Y199.556 E1514.27066
G0 F15000 X201.932 Y199.556
G1 F7500 X228.76 Y226.384 E1514.93316
G0 F15000 X228.76 Y225.79
G1 F7500 X202.526 Y199.556 E1515.58099
G0 F15000 X203.12 Y199.556
G1 F7500 X228.76 Y225.196 E1516.21416
G0 F15000 X228.76 Y224.602
G1 F7500 X203.714 Y199.556 E1516.83265
G0 F15000 X204.308 Y199.556
G1 F7500 X228.76 Y224.008 E1517.43648
G0 F15000 X228.76 Y223.414
G1 F7500 X204.902 Y199.556 E1518.02564
G0 F15000 X205.496 Y199.556
G1 F7500 X228.76 Y222.82 E1518.60013
G0 F15000 X228.76 Y222.226
G1 F7500 X206.09 Y199.556 E1519.15995
G0 F15000 X206.684 Y199.556
G1 F7500 X228.76 Y221.632 E1519.7051
G0 F15000 X228.76 Y221.038
G1 F7500 X207.278 Y199.556 E1520.23559
G0 F15000 X207.872 Y199.556
G1 F7500 X228.76 Y220.444 E1520.7514
G0 F15000 X228.76 Y219.85
G1 F7500 X208.466 Y199.556 E1521.25255
G0 F15000 X209.06 Y199.556
G1 F7500 X228.76 Y219.256 E1521.73903
G0 F15000 X228.76 Y218.662
G1 F7500 X209.654 Y199.556 E1522.21084
G0 F15000 X210.248 Y199.556
G1 F7500 X228.76 Y218.068 E1522.66799
G0 F15000 X228.76 Y217.474
G1 F7500 X210.842 Y199.556 E1523.11046
G0 F15000 X211.436 Y199.556
G1 F7500 X228.76 Y216.88 E1523.53826
G0 F15000 X228.76 Y216.286
G1 F7500 X212.03 Y199.556 E1523.9514
G0 F15000 X212.623 Y199.556
G1 F7500 X228.76 Y215.692 E1524.34988
G0 F15000 X228.76 Y215.098
G1 F7500 X213.217 Y199.556 E1524.7337
G0 F15000 X213.811 Y199.556
G1 F7500 X228.76 Y214.504 E1525.10284
G0 F15000 X228.76 Y213.91
G1 F7500 X214.405 Y199.556 E1525.45732
G0 F15000 X214.999 Y199.556
G1 F7500 X228.76 Y213.316 E1525.79712
G0 F15000 X228.76 Y212.722
G1 F7500 X215.593 Y199.556 E1526.12226
G0 F15000 X216.187 Y199.556
G1 F7500 X228.76 Y212.128 E1526.43273
G0 F15000 X228.76 Y211.535
G1 F7500 X216.781 Y199.556 E1526.72855
G0 F15000 X217.375 Y199.556
G1 F7500 X228.76 Y210.941 E1527.00969
G0 F15000 X228.76 Y210.347
G1 F7500 X217.969 Y199.556 E1527.27617
G0 F15000 X218.563 Y199.556
G1 F7500 X228.76 Y209.753 E1527.52798
G0 F15000 X228.76 Y209.159
G1 F7500 X219.157 Y199.556 E1527.76512
G0 F15000 X219.751 Y199.556
G1 F7500 X228.76 Y208.565 E1527.98759
G0 F15000 X228.76 Y207.971
G1 F7500 X220.345 Y199.556 E1528.19539
G0 F15000 X220.939 Y199.556
G1 F7500 X228.76 Y207.377 E1528.38853
G0 F15000 X228.76 Y206.783
G1 F7500 X221.533 Y199.556 E1528.56699
G0 F15000 X222.127 Y199.556
G1 F7500 X228.76 Y206.189 E1528.73079
G0 F15000 X228.76 Y205.595
G1 F7500 X222.721 Y199.556 E1528.87992
G0 F15000 X223.315 Y199.556
G1 F7500 X228.76 Y205.001 E1529.01438
G0 F15000 X228.76 Y204.407
G1 F7500 X223.909 Y199.556 E1529.13417
G0 F15000 X224.503 Y199.556
G1 F7500 X228.76 Y203.813 E1529.2393
G0 F15000 X228.76 Y203.219
G1 F7500 X225.097 Y199.556 E1529.32975
G0 F15000 X225.691 Y199.556
G1 F7500 X228.76 Y202.625 E1529.40554
G0 F15000 X228.76 Y202.031
G1 F7500 X226.285 Y199.556 E1529.46666
G0 F15000 X226.879 Y199.556
G1 F7500 X228.76 Y201.437 E1529.51311
G0 F15000 X228.76 Y200.843
G1 F7500 X227.473 Y199.556 E1529.54489
G0 F15000 X228.067 Y199.556
G1 F7500 X228.76 Y200.249 E1529.562
G0 F15000 X228.76 Y199.655
G1 F7500 X228.661 Y199.556 E1529.56445
;MESH:NONMESH
G0 F600 X228.661 Y199.556 Z5
G0 F15000 X226.527 Y191.075
;TIME_ELAPSED:1007.108563
;LAYER:47
;TYPE:FILL
;MESH:table_soft_spacer_30x30-Body.stl
G1 X228.127 Y192.676 E1529.60868
G1 X228.925 Y192.676 E1529.62427
G1 X228.925 Y193.008 E1529.63076
G1 X228.128 Y193.008 E1529.64633
G1 X222.21 Y198.925 E1529.80986
G1 X225.514 Y198.925 E1529.87442
G1 X217.664 Y191.075 E1530.09135
G1 X212.335 Y191.075 E1530.19548
G1 X204.485 Y198.925 E1530.41241
G1 X207.788 Y198.925 E1530.47695
G1 X201.871 Y193.008 E1530.64046
G1 X201.075 Y193.008 E1530.65601
G1 X201.075 Y192.676 E1530.6625
G1 X201.871 Y192.676 E1530.67805
G1 X203.472 Y191.075 E1530.7223
G1 X208.801 Y191.075 E1530.82643
G1 X216.651 Y198.925 E1531.04336
G1 X213.348 Y198.925 E1531.1079
G1 X221.198 Y191.075 E1531.32483
G1 X228.925 Y191.075 E1531.47581
G1 X229.03 Y191.075
G1 F2400 E1525.47581
G0 F15000 X229.552 Y199.972
G0 X230.665 Y200
G0 X230.665 Y230
G0 X229.552 Y230.028
G0 X228.925 Y231.075
G1 F2400 E1531.47581
G1 F15000 X222.212 Y231.075 E1531.60699
G1 X228.128 Y236.991 E1531.77047
G1 X228.925 Y236.991 E1531.78605
G1 X228.925 Y237.323 E1531.79253
G1 X228.127 Y237.323 E1531.80813
G1 X226.525 Y238.925 E1531.8524
G1 X221.199 Y238.925 E1531.95647
G1 X213.349 Y231.075 E1532.1734
G1 X216.65 Y231.075 E1532.2379
G1 X208.799 Y238.925 E1532.45484
G1 X203.474 Y238.925 E1532.55889
G1 X201.871 Y237.323 E1532.60318
G1 X201.075 Y237.323 E1532.61873
G1 X201.075 Y236.991 E1532.62522
G1 X201.871 Y236.991 E1532.64077
G1 X207.787 Y231.075 E1532.80426
G1 X204.486 Y231.075 E1532.86876
G1 X212.336 Y238.925 E1533.08569
G1 X217.662 Y238.925 E1533.18976
G1 X225.513 Y231.075 E1533.4067
G1 X225.587 Y231.001
G1 F2400 E1527.4067
G0 F15000 X200.63 Y230.02
G0 X199.335 Y230.02
G0 X199.335 Y215
G0 X200.63 Y215
M204 S1250
;TYPE:WALL-INNER
G1 F2400 E1533.4067
G1 F11250 X200.63 Y239.37 E1533.83224
G1 X229.37 Y239.37 E1534.33409
G1 X229.37 Y190.63 E1535.18516
G1 X200.63 Y190.63 E1535.68701
G1 X200.63 Y215 E1536.11255
M204 S2500
G0 F15000 X200.21 Y215
M204 S1250
;TYPE:WALL-OUTER
G1 F7500 X200.21 Y239.79 E1536.54542
G1 X229.79 Y239.79 E1537.06193
G1 X229.79 Y190.21 E1537.92768
G1 X200.21 Y190.21 E1538.44419
G1 X200.21 Y215 E1538.87706
M204 S2500
G0 F15000 X200.21 Y215.2
G0 X201.026 Y215
;TYPE:SKIN
G1 F7500 X201.026 Y199.346 E1539.15041
G1 X228.97 Y199.346 E1539.63835
G1 X228.97 Y230.65 E1540.18497
G1 X201.026 Y230.65 E1540.67292
G1 X201.026 Y215 E1540.94619
G1 F2400 E1534.94619
G0 F15000 X199.335 Y215
G0 X199.335 Y199.98
G0 X201.026 Y199.98
G0 X201.236 Y199.693
G1 F2400 E1540.94619
G1 F7500 X201.373 Y199.556 E1540.94957
G0 F15000 X201.967 Y199.556
G1 F7500 X201.236 Y200.287 E1540.96762
G0 F15000 X201.236 Y200.881
G1 F7500 X202.561 Y199.556 E1541.00034
G0 F15000 X203.155 Y199.556
G1 F7500 X201.236 Y201.475 E1541.04773
G0 F15000 X201.236 Y202.069
G1 F7500 X203.749 Y199.556 E1541.10979
G0 F15000 X204.343 Y199.556
G1 F7500 X201.236 Y202.663 E1541.18652
G0 F15000 X201.236 Y203.257
G1 F7500 X204.937 Y199.556 E1541.27791
G0 F15000 X205.531 Y199.556
G1 F7500 X201.236 Y203.851 E1541.38397
G0 F15000 X201.236 Y204.445
G1 F7500 X206.125 Y199.556 E1541.5047
G0 F15000 X206.719 Y199.556
G1 F7500 X201.236 Y205.039 E1541.6401
G0 F15000 X201.236 Y205.633
G1 F7500 X207.313 Y199.556 E1541.79017
G0 F15000 X207.907 Y199.556
G1 F7500 X201.236 Y206.227 E1541.95491
G0 F15000 X201.236 Y206.821
G1 F7500 X208.501 Y199.556 E1542.13431
G0 F15000 X209.095 Y199.556
G1 F7500 X201.236 Y207.415 E1542.32838
G0 F15000 X201.236 Y208.009
G1 F7500 X209.689 Y199.556 E1542.53713
G0 F15000 X210.283 Y199.556
G1 F7500 X201.236 Y208.603 E1542.76054
G0 F15000 X201.236 Y209.197
G1 F7500 X210.877 Y199.556 E1542.99861
G0 F15000 X211.471 Y199.556
G1 F7500 X201.236 Y209.791 E1543.25136
G0 F15000 X201.236 Y210.385
G1 F7500 X212.065 Y199.556 E1543.51878
G0 F15000 X212.659 Y199.556
G1 F7500 X201.236 Y210.979 E1543.80086
G0 F15000 X201.236 Y211.573
G1 F7500 X213.253 Y199.556 E1544.09761
G0 F15000 X213.847 Y199.556
G1 F7500 X201.236 Y212.167 E1544.40903
G0 F15000 X201.236 Y212.761
G1 F7500 X214.441 Y199.556 E1544.73512
G0 F15000 X215.035 Y199.556
G1 F7500 X201.236 Y213.355 E1545.07588
G0 F15000 X201.236 Y213.949
G1 F7500 X215.629 Y199.556 E1545.43131
G0 F15000 X216.223 Y199.556
G1 F7500 X201.236 Y214.543 E1545.8014
G0 F15000 X201.236 Y215.137
G1 F7500 X216.817 Y199.556 E1546.18617
G0 F15000 X217.411 Y199.556
G1 F7500 X201.236 Y215.731 E1546.5856
G0 F15000 X201.236 Y216.324
G1 F7500 X218.005 Y199.556 E1546.99969
G0 F15000 X218.599 Y199.556
G1 F7500 X201.236 Y216.918 E1547.42844
G0 F15000 X201.236 Y217.512
G1 F7500 X219.192 Y199.556 E1547.87186
G0 F15000 X219.786 Y199.556
G1 F7500 X201.236 Y218.106 E1548.32994
G0 F15000 X201.236 Y218.7
G1 F7500 X220.38 Y199.556 E1548.80269
G0 F15000 X220.974 Y199.556
G1 F7500 X201.236 Y219.294 E1549.2901
G0 F15000 X201.236 Y219.888
G1 F7500 X221.568 Y199.556 E1549.79219
G0 F15000 X222.162 Y199.556
G1 F7500 X201.236 Y220.482 E1550.30894
G0 F15000 X201.236 Y221.076
G1 F7500 X222.756 Y199.556 E1550.84037
G0 F15000 X223.35 Y199.556
G1 F7500 X201.236 Y221.67 E1551.38646
G0 F15000 X201.236 Y222.264
G1 F7500 X223.944 Y199.556 E1551.94722
G0 F15000 X224.538 Y199.556
G1 F7500 X201.236 Y222.858 E1552.52265
G0 F15000 X201.236 Y223.452
G1 F7500 X225.132 Y199.556 E1553.11275
G0 F15000 X225.726 Y199.556
G1 F7500 X201.236 Y224.046 E1553.71751
G0 F15000 X201.236 Y224.64
G1 F7500 X226.32 Y199.556 E1554.33695
G0 F15000 X226.914 Y199.556
G1 F7500 X201.236 Y225.234 E1554.97105
G0 F15000 X201.236 Y225.828
G1 F7500 X227.508 Y199.556 E1555.61982
G0 F15000 X228.102 Y199.556
G1 F7500 X201.236 Y226.422 E1556.28326
G0 F15000 X201.236 Y227.016
G1 F7500 X228.696 Y199.556 E1556.96137
G0 F15000 X228.76 Y200.086
G1 F7500 X201.236 Y227.61 E1557.64105
G0 F15000 X201.236 Y228.204
G1 F7500 X228.76 Y200.68 E1558.32074
G0 F15000 X228.76 Y201.274
G1 F7500 X201.236 Y228.798 E1559.00043
G0 F15000 X201.236 Y229.392
G1 F7500 X228.76 Y201.868 E1559.68012
G0 F15000 X228.76 Y202.462
G1 F7500 X201.236 Y229.986 E1560.35981
G0 F15000 X201.376 Y230.44
G1 F7500 X228.76 Y203.056 E1561.03604
G0 F15000 X228.76 Y203.65
G1 F7500 X201.97 Y230.44 E1561.6976
G0 F15000 X202.564 Y230.44
G1 F7500 X228.76 Y204.244 E1562.3445
G0 F15000 X228.76 Y204.838
G1 F7500 X203.158 Y230.44 E1562.97672
G0 F15000 X203.752 Y230.44
G1 F7500 X228.76 Y205.432 E1563.59428
G0 F15000 X228.76 Y206.026
G1 F7500 X204.346 Y230.44 E1564.19717
G0 F15000 X204.94 Y230.44
G1 F7500 X228.76 Y206.62 E1564.78539
G0 F15000 X228.76 Y207.214
G1 F7500 X205.534 Y230.44 E1565.35894
G0 F15000 X206.128 Y230.44
G1 F7500 X228.76 Y207.808 E1565.91782
G0 F15000 X228.76 Y208.402
G1 F7500 X206.722 Y230.44 E1566.46204
G0 F15000 X207.316 Y230.44
G1 F7500 X228.76 Y208.996 E1566.99159
G0 F15000 X228.76 Y209.59
G1 F7500 X207.91 Y230.44 E1567.50646
G0 F15000 X208.504 Y230.44
G1 F7500 X228.76 Y210.184 E1568.00667
G0 F15000 X228.76 Y210.778
G1 F7500 X209.098 Y230.44 E1568.49221
G0 F15000 X209.692 Y230.44
G1 F7500 X228.76 Y211.372 E1568.96309
G0 F15000 X228.76 Y211.966
G1 F7500 X210.286 Y230.44 E1569.41929
G0 F15000 X210.88 Y230.44
G1 F7500 X228.76 Y212.56 E1569.86083
G0 F15000 X228.76 Y213.154
G1 F7500 X211.474 Y230.44 E1570.28769
G0 F15000 X212.068 Y230.44
G1 F7500 X228.76 Y213.748 E1570.69989
G0 F15000 X228.76 Y214.342
G1 F7500 X212.662 Y230.44 E1571.09742
G0 F15000 X213.256 Y230.44
G1 F7500 X228.76 Y214.936 E1571.48028
G0 F15000 X228.76 Y215.53
G1 F7500 X213.85 Y230.44 E1571.84848
G0 F15000 X214.444 Y230.44
G1 F7500 X228.76 Y216.124 E1572.202
G0 F15000 X228.76 Y216.718
G1 F7500 X215.038 Y230.44 E1572.54086
G0 F15000 X215.632 Y230.44
G1 F7500 X228.76 Y217.312 E1572.86505
G0 F15000 X228.76 Y217.906
G1 F7500 X216.225 Y230.44 E1573.17458
G0 F15000 X216.819 Y230.44
G1 F7500 X228.76 Y218.5 E1573.46944
G0 F15000 X228.76 Y219.094
G1 F7500 X217.413 Y230.44 E1573.74964
G0 F15000 X218.007 Y230.44
G1 F7500 X228.76 Y219.687 E1574.01518
G0 F15000 X228.76 Y220.281
G1 F7500 X218.601 Y230.44 E1574.26605
G0 F15000 X219.195 Y230.44
G1 F7500 X228.76 Y220.875 E1574.50225
G0 F15000 X228.76 Y221.469
G1 F7500 X219.789 Y230.44 E1574.72378
G0 F15000 X220.383 Y230.44
G1 F7500 X228.76 Y222.063 E1574.93065
G0 F15000 X228.76 Y222.657
G1 F7500 X220.977 Y230.44 E1575.12284
G0 F15000 X221.571 Y230.44
G1 F7500 X228.76 Y223.251 E1575.30037
G0 F15000 X228.76 Y223.845
G1 F7500 X222.165 Y230.44 E1575.46323
G0 F15000 X222.759 Y230.44
G1 F7500 X228.76 Y224.439 E1575.61142
G0 F15000 X228.76 Y225.033
G1 F7500 X223.353 Y230.44 E1575.74494
G0 F15000 X223.947 Y230.44
G1 F7500 X228.76 Y225.627 E1575.8638
G0 F15000 X228.76 Y226.221
G1 F7500 X224.541 Y230.44 E1575.96798
G0 F15000 X225.135 Y230.44
G1 F7500 X228.76 Y226.815 E1576.0575
G0 F15000 X228.76 Y227.409
G1 F7500 X225.729 Y230.44 E1576.13235
G0 F15000 X226.323 Y230.44
G1 F7500 X228.76 Y228.003 E1576.19253
G0 F15000 X228.76 Y228.597
G1 F7500 X226.917 Y230.44 E1576.23804
G0 F15000 X227.511 Y230.44
G1 F7500 X228.76 Y229.191 E1576.26889
G0 F15000 X228.76 Y229.785
G1 F7500 X228.105 Y230.44 E1576.28506
G0 F15000 X228.699 Y230.44
G1 F7500 X228.76 Y230.379 E1576.28657
G0 F15000 X228.76 Y230.42
G1 F2400 E1570.28657
;MESH:NONMESH
G0 F600 X228.76 Y230.42 Z5.1
G0 F15000 X229.552 Y230.028
G0 X230.665 Y230
G0 X230.665 Y200
G0 X229.552 Y199.972
G0 X226.527 Y191.075
;TIME_ELAPSED:1040.392125
;LAYER:48
;note -- min layer time used
;TYPE:FILL
;MESH:table_soft_spacer_30x30-Body.stl
G1 F2400 E1576.28657
G1 F7991.9 X228.127 Y192.676 E1576.3308
G1 X228.925 Y192.676 E1576.34639
G1 X228.925 Y193.008 E1576.35288
G1 X228.128 Y193.008 E1576.36845
G1 X222.21 Y198.925 E1576.53197
G1 X225.514 Y198.925 E1576.59654
G1 X217.664 Y191.075 E1576.81346
G1 X212.335 Y191.075 E1576.91759
G1 X204.485 Y198.925 E1577.13452
G1 X207.788 Y198.925 E1577.19906
G1 X201.871 Y193.008 E1577.36258
G1 X201.075 Y193.008 E1577.37813
G1 X201.075 Y192.676 E1577.38462
G1 X201.871 Y192.676 E1577.40017
G1 X203.472 Y191.075 E1577.44441
G1 X208.801 Y191.075 E1577.54854
G1 X216.651 Y198.925 E1577.76547
G1 X213.348 Y198.925 E1577.83002
G1 X221.198 Y191.075 E1578.04694
G1 X228.925 Y191.075 E1578.19793
G1 X229.03 Y191.075
G1 F2400 E1572.19793
G0 F15000 X200.89 Y199.11
G0 X200.63 Y199.37
M204 S1250
;TYPE:WALL-INNER
G1 F2400 E1578.19793
G1 F7745.9 X229.37 Y199.37 E1578.69978
G1 X229.37 Y190.63 E1578.85239
G1 X200.63 Y190.63 E1579.35424
G1 X200.63 Y199.37 E1579.50685
M204 S2500
G0 F15000 X200.21 Y199.79
M204 S1250
;TYPE:WALL-OUTER
G1 F7500 X229.79 Y199.79 E1580.02336
G1 X229.79 Y190.21 E1580.19065
G1 X200.21 Y190.21 E1580.70716
G1 X200.21 Y199.79 E1580.87444
M204 S2500
G0 F15000 X200.41 Y199.79
G0 X201.116 Y198.76
G1 F2400 E1574.87444
G0 F15000 X225.513 Y199.56
G0 X225.513 Y200.665
G0 X225.513 Y229.335
G0 X225.513 Y230.44
G0 X225.513 Y231.075
;TYPE:FILL
G1 F2400 E1580.87444
G1 F7991.9 X217.662 Y238.925 E1581.09138
G1 X212.336 Y238.925 E1581.19546
G1 X204.486 Y231.075 E1581.41238
G1 X207.787 Y231.075 E1581.47689
G1 X201.871 Y236.991 E1581.64037
G1 X201.075 Y236.991 E1581.65592
G1 X201.075 Y237.323 E1581.66241
G1 X201.871 Y237.323 E1581.67797
G1 X203.474 Y238.925 E1581.72225
G1 X208.799 Y238.925 E1581.8263
G1 X216.65 Y231.075 E1582.04324
G1 X213.349 Y231.075 E1582.10775
G1 X221.199 Y238.925 E1582.32468
G1 X226.525 Y238.925 E1582.42875
G1 X228.127 Y237.323 E1582.47302
G1 X228.925 Y237.323 E1582.48861
G1 X228.925 Y236.991 E1582.4951
G1 X228.128 Y236.991 E1582.51067
G1 X222.212 Y231.075 E1582.67416
G1 X228.925 Y231.075 E1582.80533
G1 X229.03 Y231.075
G1 F2400 E1576.80533
G0 F15000 X200.89 Y230.89
G0 X200.63 Y230.63
M204 S1250
;TYPE:WALL-INNER
G1 F2400 E1582.80533
G1 F7745.9 X200.63 Y239.37 E1582.95794
G1 X229.37 Y239.37 E1583.45979
G1 X229.37 Y230.63 E1583.6124
G1 X200.63 Y230.63 E1584.11425
M204 S2500
G0 F15000 X200.21 Y230.21
M204 S1250
;TYPE:WALL-OUTER
G1 F7500 X200.21 Y239.79 E1584.28153
G1 X229.79 Y239.79 E1584.79804
G1 X229.79 Y230.21 E1584.96533
G1 X200.21 Y230.21 E1585.48184
M204 S2500
G0 F15000 X200.21 Y230.41
G0 X201.24 Y231.116
G1 F2400 E1579.48184
;MESH:NONMESH
G0 F600 X201.24 Y231.116 Z5.2
G0 F15000 X226.527 Y230.44
G0 X226.527 Y229.335
G0 X226.527 Y200.665
G0 X226.527 Y199.56
G0 X226.527 Y191.075
;TIME_ELAPSED:1050.098821
;LAYER:49
;note -- min layer time used
;TYPE:FILL
;MESH:table_soft_spacer_30x30-Body.stl
G1 F2400 E1585.48184
G1 F8142.6 X228.127 Y192.676 E1585.52607
G1 X228.925 Y192.676 E1585.54166
G1 X228.925 Y193.008 E1585.54815
G1 X228.128 Y193.008 E1585.56372
G1 X222.21 Y198.925 E1585.72725
G1 X225.514 Y198.925 E1585.79181
G1 X217.664 Y191.075 E1586.00874
G1 X212.335 Y191.075 E1586.11287
G1 X204.485 Y198.925 E1586.3298
G1 X207.788 Y198.925 E1586.39434
G1 X201.871 Y193.008 E1586.55785
G1 X201.075 Y193.008 E1586.5734
G1 X201.075 Y192.676 E1586.57989
G1 X201.871 Y192.676 E1586.59544
G1 X203.472 Y191.075 E1586.63969
G1 X208.801 Y191.075 E1586.74382
G1 X216.651 Y198.925 E1586.96075
G1 X213.348 Y198.925 E1587.02529
G1 X221.198 Y191.075 E1587.24222
G1 X228.925 Y191.075 E1587.3932
G1 X229.03 Y191.075
G1 F2400 E1581.3932
G0 F15000 X200.89 Y199.11
G0 X200.63 Y199.37
M204 S1250
;TYPE:WALL-INNER
G1 F2400 E1587.3932
G1 F7821.3 X229.37 Y199.37 E1587.89505
G1 X229.37 Y190.63 E1588.04766
G1 X200.63 Y190.63 E1588.54951
G1 X200.63 Y199.37 E1588.70212
M204 S2500
G0 F15000 X200.21 Y199.79
M204 S1250
;TYPE:WALL-OUTER
G1 F7500 X229.79 Y199.79 E1589.21864
G1 X229.79 Y190.21 E1589.38592
G1 X200.21 Y190.21 E1589.90243
G1 X200.21 Y199.79 E1590.06971
M204 S2500
G0 F15000 X200.41 Y199.79
G0 X201.116 Y198.76
G1 F2400 E1584.06971
G0 F15000 X225.513 Y199.56
G0 X225.513 Y200.665
G0 X225.513 Y229.335
G0 X225.513 Y230.44
G0 X225.513 Y231.075
;TYPE:FILL
G1 F2400 E1590.06971
G1 F8142.6 X217.662 Y238.925 E1590.28666
G1 X212.336 Y238.925 E1590.39073
G1 X204.486 Y231.075 E1590.60766
G1 X207.787 Y231.075 E1590.67216
G1 X201.871 Y236.991 E1590.83564
G1 X201.075 Y236.991 E1590.8512
G1 X201.075 Y237.323 E1590.85768
G1 X201.871 Y237.323 E1590.87324
G1 X203.474 Y238.925 E1590.91752
G1 X208.799 Y238.925 E1591.02157
G1 X216.65 Y231.075 E1591.23852
G1 X213.349 Y231.075 E1591.30302
G1 X221.199 Y238.925 E1591.51995
G1 X226.525 Y238.925 E1591.62402
G1 X228.127 Y237.323 E1591.66829
G1 X228.925 Y237.323 E1591.68388
G1 X228.925 Y236.991 E1591.69037
G1 X228.128 Y236.991 E1591.70594
G1 X222.212 Y231.075 E1591.86943
G1 X228.925 Y231.075 E1592.0006
G1 X229.03 Y231.075
G1 F2400 E1586.0006
G0 F15000 X200.89 Y230.89
G0 X200.63 Y230.63
M204 S1250
;TYPE:WALL-INNER
G1 F2400 E1592.0006
G1 F7821.3 X200.63 Y239.37 E1592.15322
G1 X229.37 Y239.37 E1592.65506
G1 X229.37 Y230.63 E1592.80768
G1 X200.63 Y230.63 E1593.30952
M204 S2500
G0 F15000 X200.21 Y230.21
M204 S1250
;TYPE:WALL-OUTER
G1 F7500 X200.21 Y239.79 E1593.4768
G1 X229.79 Y239.79 E1593.99332
G1 X229.79 Y230.21 E1594.1606
G1 X200.21 Y230.21 E1594.67711
M204 S2500
G0 F15000 X200.21 Y230.41
G0 X201.24 Y231.116
G1 F2400 E1588.67711
;MESH:NONMESH
G0 F600 X201.24 Y231.116 Z5.3
G0 F15000 X226.527 Y230.44
G0 X226.527 Y229.335
G0 X226.527 Y200.665
G0 X226.527 Y199.56
G0 X226.527 Y191.075
;TIME_ELAPSED:1059.795906
;LAYER:50
;note -- min layer time used
;TYPE:FILL
;MESH:table_soft_spacer_30x30-Body.stl
G1 F2400 E1594.67711
G1 F8142.6 X228.127 Y192.676 E1594.72134
G1 X228.925 Y192.676 E1594.73693
G1 X228.925 Y193.008 E1594.74342
G1 X228.128 Y193.008 E1594.75899
G1 X222.21 Y198.925 E1594.92252
G1 X225.514 Y198.925 E1594.98708
G1 X217.664 Y191.075 E1595.20401
G1 X212.335 Y191.075 E1595.30814
G1 X204.485 Y198.925 E1595.52507
G1 X207.788 Y198.925 E1595.58961
G1 X201.871 Y193.008 E1595.75312
G1 X201.075 Y193.008 E1595.76868
G1 X201.075 Y192.676 E1595.77516
G1 X201.871 Y192.676 E1595.79072
G1 X203.472 Y191.075 E1595.83496
G1 X208.801 Y191.075 E1595.93909
G1 X216.651 Y198.925 E1596.15602
G1 X213.348 Y198.925 E1596.22056
G1 X221.198 Y191.075 E1596.43749
G1 X228.925 Y191.075 E1596.58848
G1 X229.03 Y191.075
G1 F2400 E1590.58848
G0 F15000 X200.89 Y199.11
G0 X200.63 Y199.37
M204 S1250
;TYPE:WALL-INNER
G1 F2400 E1596.58848
G1 F7821.3 X229.37 Y199.37 E1597.09032
G1 X229.37 Y190.63 E1597.24294
G1 X200.63 Y190.63 E1597.74478
G1 X200.63 Y199.37 E1597.8974
M204 S2500
G0 F15000 X200.21 Y199.79
M204 S1250
;TYPE:WALL-OUTER
G1 F7500 X229.79 Y199.79 E1598.41391
G1 X229.79 Y190.21 E1598.58119
G1 X200.21 Y190.21 E1599.0977
G1 X200.21 Y199.79 E1599.26499
M204 S2500
G0 F15000 X200.41 Y199.79
G0 X201.116 Y198.76
G1 F2400 E1593.26499
G0 F15000 X225.513 Y199.56
G0 X225.513 Y200.665
G0 X225.513 Y229.335
G0 X225.513 Y230.44
G0 X225.513 Y231.075
;TYPE:FILL
G1 F2400 E1599.26499
G1 F8142.6 X217.662 Y238.925 E1599.48193
G1 X212.336 Y238.925 E1599.586
G1 X204.486 Y231.075 E1599.80293
G1 X207.787 Y231.075 E1599.86743
G1 X201.871 Y236.991 E1600.03092
G1 X201.075 Y236.991 E1600.04647
G1 X201.075 Y237.323 E1600.05296
G1 X201.871 Y237.323 E1600.06851
G1 X203.474 Y238.925 E1600.11279
G1 X208.799 Y238.925 E1600.21685
G1 X216.65 Y231.075 E1600.43379
G1 X213.349 Y231.075 E1600.49829
G1 X221.199 Y238.925 E1600.71522
G1 X226.525 Y238.925 E1600.81929
G1 X228.127 Y237.323 E1600.86356
G1 X228.925 Y237.323 E1600.87916
G1 X228.925 Y236.991 E1600.88564
G1 X228.128 Y236.991 E1600.90122
G1 X222.212 Y231.075 E1601.0647
G1 X228.925 Y231.075 E1601.19587
G1 X229.03 Y231.075
G1 F2400 E1595.19587
G0 F15000 X200.89 Y230.89
G0 X200.63 Y230.63
M204 S1250
;TYPE:WALL-INNER
G1 F2400 E1601.19587
G1 F7821.3 X200.63 Y239.37 E1601.34849
G1 X229.37 Y239.37 E1601.85033
G1 X229.37 Y230.63 E1602.00295
G1 X200.63 Y230.63 E1602.50479
M204 S2500
G0 F15000 X200.21 Y230.21
M204 S1250
;TYPE:WALL-OUTER
G1 F7500 X200.21 Y239.79 E1602.67208
G1 X229.79 Y239.79 E1603.18859
G1 X229.79 Y230.21 E1603.35587
G1 X200.21 Y230.21 E1603.87238
M204 S2500
G0 F15000 X200.21 Y230.41
G0 X201.24 Y231.116
G1 F2400 E1597.87238
;MESH:NONMESH
G0 F600 X201.24 Y231.116 Z5.4
G0 F15000 X226.527 Y230.44
G0 X226.527 Y229.335
G0 X226.527 Y200.665
G0 X226.527 Y199.56
G0 X226.527 Y191.075
;TIME_ELAPSED:1069.492990
;LAYER:51
;note -- min layer time used
;TYPE:FILL
;MESH:table_soft_spacer_30x30-Body.stl
G1 F2400 E1603.87238
G1 F8142.6 X228.127 Y192.676 E1603.91661
G1 X228.925 Y192.676 E1603.93221
G1 X228.925 Y193.008 E1603.93869
G1 X228.128 Y193.008 E1603.95427
G1 X222.21 Y198.925 E1604.11779
G1 X225.514 Y198.925 E1604.18235
G1 X217.664 Y191.075 E1604.39928
G1 X212.335 Y191.075 E1604.50341
G1 X204.485 Y198.925 E1604.72034
G1 X207.788 Y198.925 E1604.78488
G1 X201.871 Y193.008 E1604.94839
G1 X201.075 Y193.008 E1604.96395
G1 X201.075 Y192.676 E1604.97044
G1 X201.871 Y192.676 E1604.98599
G1 X203.472 Y191.075 E1605.03023
G1 X208.801 Y191.075 E1605.13436
G1 X216.651 Y198.925 E1605.35129
G1 X213.348 Y198.925 E1605.41583
G1 X221.198 Y191.075 E1605.63276
G1 X228.925 Y191.075 E1605.78375
G1 X229.03 Y191.075
G1 F2400 E1599.78375
G0 F15000 X200.89 Y199.11
G0 X200.63 Y199.37
M204 S1250
;TYPE:WALL-INNER
G1 F2400 E1605.78375
G1 F7821.3 X229.37 Y199.37 E1606.28559
G1 X229.37 Y190.63 E1606.43821
G1 X200.63 Y190.63 E1606.94005
G1 X200.63 Y199.37 E1607.09267
M204 S2500
G0 F15000 X200.21 Y199.79
M204 S1250
;TYPE:WALL-OUTER
G1 F7500 X229.79 Y199.79 E1607.60918
G1 X229.79 Y190.21 E1607.77646
G1 X200.21 Y190.21 E1608.29298
G1 X200.21 Y199.79 E1608.46026
M204 S2500
G0 F15000 X200.41 Y199.79
G0 X201.116 Y198.76
G1 F2400 E1602.46026
G0 F15000 X225.513 Y199.56
G0 X225.513 Y200.665
G0 X225.513 Y229.335
G0 X225.513 Y230.44
G0 X225.513 Y231.075
;TYPE:FILL
G1 F2400 E1608.46026
G1 F8142.6 X217.662 Y238.925 E1608.6772
G1 X212.336 Y238.925 E1608.78127
G1 X204.486 Y231.075 E1608.9982
G1 X207.787 Y231.075 E1609.0627
G1 X201.871 Y236.991 E1609.22619
G1 X201.075 Y236.991 E1609.24174
G1 X201.075 Y237.323 E1609.24823
G1 X201.871 Y237.323 E1609.26378
G1 X203.474 Y238.925 E1609.30807
G1 X208.799 Y238.925 E1609.41212
G1 X216.65 Y231.075 E1609.62906
G1 X213.349 Y231.075 E1609.69356
G1 X221.199 Y238.925 E1609.91049
G1 X226.525 Y238.925 E1610.01456
G1 X228.127 Y237.323 E1610.05883
G1 X228.925 Y237.323 E1610.07443
G1 X228.925 Y236.991 E1610.08092
G1 X228.128 Y236.991 E1610.09649
G1 X222.212 Y231.075 E1610.25997
G1 X228.925 Y231.075 E1610.39115
G1 X229.03 Y231.075
G1 F2400 E1604.39115
G0 F15000 X200.89 Y230.89
G0 X200.63 Y230.63
M204 S1250
;TYPE:WALL-INNER
G1 F2400 E1610.39115
G1 F7821.3 X200.63 Y239.37 E1610.54376
G1 X229.37 Y239.37 E1611.04561
G1 X229.37 Y230.63 E1611.19822
G1 X200.63 Y230.63 E1611.70007
M204 S2500
G0 F15000 X200.21 Y230.21
M204 S1250
;TYPE:WALL-OUTER
G1 F7500 X200.21 Y239.79 E1611.86735
G1 X229.79 Y239.79 E1612.38386
G1 X229.79 Y230.21 E1612.55114
G1 X200.21 Y230.21 E1613.06766
M204 S2500
G0 F15000 X200.21 Y230.41
G0 X201.24 Y231.116
G1 F2400 E1607.06766
;MESH:NONMESH
G0 F600 X201.24 Y231.116 Z5.5
G0 F15000 X226.527 Y230.44
G0 X226.527 Y229.335
G0 X226.527 Y200.665
G0 X226.527 Y199.56
G0 X226.527 Y191.075
;TIME_ELAPSED:1079.190075
;LAYER:52
;note -- min layer time used
;TYPE:FILL
;MESH:table_soft_spacer_30x30-Body.stl
G1 F2400 E1613.06766
G1 F8142.6 X228.127 Y192.676 E1613.11189
G1 X228.925 Y192.676 E1613.12748
G1 X228.925 Y193.008 E1613.13397
G1 X228.128 Y193.008 E1613.14954
G1 X222.21 Y198.925 E1613.31306
G1 X225.514 Y198.925 E1613.37763
G1 X217.664 Y191.075 E1613.59455
G1 X212.335 Y191.075 E1613.69868
G1 X204.485 Y198.925 E1613.91561
G1 X207.788 Y198.925 E1613.98015
G1 X201.871 Y193.008 E1614.14367
G1 X201.075 Y193.008 E1614.15922
G1 X201.075 Y192.676 E1614.16571
G1 X201.871 Y192.676 E1614.18126
G1 X203.472 Y191.075 E1614.2255
G1 X208.801 Y191.075 E1614.32963
G1 X216.651 Y198.925 E1614.54656
G1 X213.348 Y198.925 E1614.61111
G1 X221.198 Y191.075 E1614.82803
G1 X228.925 Y191.075 E1614.97902
G1 X229.03 Y191.075
G1 F2400 E1608.97902
G0 F15000 X200.89 Y199.11
G0 X200.63 Y199.37
M204 S1250
;TYPE:WALL-INNER
G1 F2400 E1614.97902
G1 F7821.3 X229.37 Y199.37 E1615.48087
G1 X229.37 Y190.63 E1615.63348
G1 X200.63 Y190.63 E1616.13533
G1 X200.63 Y199.37 E1616.28794
M204 S2500
G0 F15000 X200.21 Y199.79
M204 S1250
;TYPE:WALL-OUTER
G1 F7500 X229.79 Y199.79 E1616.80445
G1 X229.79 Y190.21 E1616.97174
G1 X200.21 Y190.21 E1617.48825
G1 X200.21 Y199.79 E1617.65553
M204 S2500
G0 F15000 X200.41 Y199.79
G0 X201.116 Y198.76
G1 F2400 E1611.65553
G0 F15000 X225.513 Y199.56
G0 X225.513 Y200.665
G0 X225.513 Y229.335
G0 X225.513 Y230.44
G0 X225.513 Y231.075
;TYPE:FILL
G1 F2400 E1617.65553
G1 F8142.6 X217.662 Y238.925 E1617.87247
G1 X212.336 Y238.925 E1617.97655
G1 X204.486 Y231.075 E1618.19347
G1 X207.787 Y231.075 E1618.25798
G1 X201.871 Y236.991 E1618.42146
G1 X201.075 Y236.991 E1618.43701
G1 X201.075 Y237.323 E1618.4435
G1 X201.871 Y237.323 E1618.45906
G1 X203.474 Y238.925 E1618.50334
G1 X208.799 Y238.925 E1618.60739
G1 X216.65 Y231.075 E1618.82433
G1 X213.349 Y231.075 E1618.88884
G1 X221.199 Y238.925 E1619.10577
G1 X226.525 Y238.925 E1619.20984
G1 X228.127 Y237.323 E1619.25411
G1 X228.925 Y237.323 E1619.2697
G1 X228.925 Y236.991 E1619.27619
G1 X228.128 Y236.991 E1619.29176
G1 X222.212 Y231.075 E1619.45525
G1 X228.925 Y231.075 E1619.58642
G1 X229.03 Y231.075
G1 F2400 E1613.58642
G0 F15000 X200.89 Y230.89
G0 X200.63 Y230.63
M204 S1250
;TYPE:WALL-INNER
G1 F2400 E1619.58642
G1 F7821.3 X200.63 Y239.37 E1619.73903
G1 X229.37 Y239.37 E1620.24088
G1 X229.37 Y230.63 E1620.39349
G1 X200.63 Y230.63 E1620.89534
M204 S2500
G0 F15000 X200.21 Y230.21
M204 S1250
;TYPE:WALL-OUTER
G1 F7500 X200.21 Y239.79 E1621.06262
G1 X229.79 Y239.79 E1621.57913
G1 X229.79 Y230.21 E1621.74642
G1 X200.21 Y230.21 E1622.26293
M204 S2500
G0 F15000 X200.21 Y230.41
G0 X201.24 Y231.116
G1 F2400 E1616.26293
;MESH:NONMESH
G0 F600 X201.24 Y231.116 Z5.6
G0 F15000 X226.527 Y230.44
G0 X226.527 Y229.335
G0 X226.527 Y200.665
G0 X226.527 Y199.56
G0 X226.527 Y191.075
;TIME_ELAPSED:1088.887160
;LAYER:53
;note -- min layer time used
;TYPE:FILL
;MESH:table_soft_spacer_30x30-Body.stl
G1 F2400 E1622.26293
G1 F8142.6 X228.127 Y192.676 E1622.30716
G1 X228.925 Y192.676 E1622.32275
G1 X228.925 Y193.008 E1622.32924
G1 X228.128 Y193.008 E1622.34481
G1 X222.21 Y198.925 E1622.50834
G1 X225.514 Y198.925 E1622.5729
G1 X217.664 Y191.075 E1622.78983
G1 X212.335 Y191.075 E1622.89396
G1 X204.485 Y198.925 E1623.11089
G1 X207.788 Y198.925 E1623.17543
G1 X201.871 Y193.008 E1623.33894
G1 X201.075 Y193.008 E1623.35449
G1 X201.075 Y192.676 E1623.36098
G1 X201.871 Y192.676 E1623.37653
G1 X203.472 Y191.075 E1623.42078
G1 X208.801 Y191.075 E1623.52491
G1 X216.651 Y198.925 E1623.74184
G1 X213.348 Y198.925 E1623.80638
G1 X221.198 Y191.075 E1624.02331
G1 X228.925 Y191.075 E1624.17429
G1 X229.03 Y191.075
G1 F2400 E1618.17429
G0 F15000 X200.89 Y199.11
G0 X200.63 Y199.37
M204 S1250
;TYPE:WALL-INNER
G1 F2400 E1624.17429
G1 F7821.3 X229.37 Y199.37 E1624.67614
G1 X229.37 Y190.63 E1624.82875
G1 X200.63 Y190.63 E1625.3306
G1 X200.63 Y199.37 E1625.48321
M204 S2500
G0 F15000 X200.21 Y199.79
M204 S1250
;TYPE:WALL-OUTER
G1 F7500 X229.79 Y199.79 E1625.99973
G1 X229.79 Y190.21 E1626.16701
G1 X200.21 Y190.21 E1626.68352
G1 X200.21 Y199.79 E1626.8508
M204 S2500
G0 F15000 X200.41 Y199.79
G0 X201.116 Y198.76
G1 F2400 E1620.8508
G0 F15000 X225.513 Y199.56
G0 X225.513 Y200.665
G0 X225.513 Y229.335
G0 X225.513 Y230.44
G0 X225.513 Y231.075
;TYPE:FILL
G1 F2400 E1626.8508
G1 F8142.6 X217.662 Y238.925 E1627.06775
G1 X212.336 Y238.925 E1627.17182
G1 X204.486 Y231.075 E1627.38875
G1 X207.787 Y231.075 E1627.45325
G1 X201.871 Y236.991 E1627.61673
G1 X201.075 Y236.991 E1627.63229
G1 X201.075 Y237.323 E1627.63877
G1 X201.871 Y237.323 E1627.65433
G1 X203.474 Y238.925 E1627.69861
G1 X208.799 Y238.925 E1627.80266
G1 X216.65 Y231.075 E1628.01961
G1 X213.349 Y231.075 E1628.08411
G1 X221.199 Y238.925 E1628.30104
G1 X226.525 Y238.925 E1628.40511
G1 X228.127 Y237.323 E1628.44938
G1 X228.925 Y237.323 E1628.46497
G1 X228.925 Y236.991 E1628.47146
G1 X228.128 Y236.991 E1628.48703
G1 X222.212 Y231.075 E1628.65052
G1 X228.925 Y231.075 E1628.78169
G1 X229.03 Y231.075
G1 F2400 E1622.78169
G0 F15000 X200.89 Y230.89
G0 X200.63 Y230.63
M204 S1250
;TYPE:WALL-INNER
G1 F2400 E1628.78169
G1 F7821.3 X200.63 Y239.37 E1628.93431
G1 X229.37 Y239.37 E1629.43615
G1 X229.37 Y230.63 E1629.58877
G1 X200.63 Y230.63 E1630.09061
M204 S2500
G0 F15000 X200.21 Y230.21
M204 S1250
;TYPE:WALL-OUTER
G1 F7500 X200.21 Y239.79 E1630.25789
G1 X229.79 Y239.79 E1630.77441
G1 X229.79 Y230.21 E1630.94169
G1 X200.21 Y230.21 E1631.4582
M204 S2500
G0 F15000 X200.21 Y230.41
G0 X201.24 Y231.116
G1 F2400 E1625.4582
;MESH:NONMESH
G0 F600 X201.24 Y231.116 Z5.7
G0 F15000 X226.527 Y230.44
G0 X226.527 Y229.335
G0 X226.527 Y200.665
G0 X226.527 Y199.56
G0 X226.527 Y191.075
;TIME_ELAPSED:1098.584244
;LAYER:54
;note -- min layer time used
;TYPE:FILL
;MESH:table_soft_spacer_30x30-Body.stl
G1 F2400 E1631.4582
G1 F8142.6 X228.127 Y192.676 E1631.50243
G1 X228.925 Y192.676 E1631.51802
G1 X228.925 Y193.008 E1631.52451
G1 X228.128 Y193.008 E1631.54008
G1 X222.21 Y198.925 E1631.70361
G1 X225.514 Y198.925 E1631.76817
G1 X217.664 Y191.075 E1631.9851
G1 X212.335 Y191.075 E1632.08923
G1 X204.485 Y198.925 E1632.30616
G1 X207.788 Y198.925 E1632.3707
G1 X201.871 Y193.008 E1632.53421
G1 X201.075 Y193.008 E1632.54977
G1 X201.075 Y192.676 E1632.55625
G1 X201.871 Y192.676 E1632.57181
G1 X203.472 Y191.075 E1632.61605
G1 X208.801 Y191.075 E1632.72018
G1 X216.651 Y198.925 E1632.93711
G1 X213.348 Y198.925 E1633.00165
G1 X221.198 Y191.075 E1633.21858
G1 X228.925 Y191.075 E1633.36957
G1 X229.03 Y191.075
G1 F2400 E1627.36957
G0 F15000 X200.89 Y199.11
G0 X200.63 Y199.37
M204 S1250
;TYPE:WALL-INNER
G1 F2400 E1633.36957
G1 F7821.3 X229.37 Y199.37 E1633.87141
G1 X229.37 Y190.63 E1634.02403
G1 X200.63 Y190.63 E1634.52587
G1 X200.63 Y199.37 E1634.67849
M204 S2500
G0 F15000 X200.21 Y199.79
M204 S1250
;TYPE:WALL-OUTER
G1 F7500 X229.79 Y199.79 E1635.195
G1 X229.79 Y190.21 E1635.36228
G1 X200.21 Y190.21 E1635.87879
G1 X200.21 Y199.79 E1636.04608
M204 S2500
G0 F15000 X200.41 Y199.79
G0 X201.116 Y198.76
G1 F2400 E1630.04608
G0 F15000 X225.513 Y199.56
G0 X225.513 Y200.665
G0 X225.513 Y229.335
G0 X225.513 Y230.44
G0 X225.513 Y231.075
;TYPE:FILL
G1 F2400 E1636.04608
G1 F8142.6 X217.662 Y238.925 E1636.26302
G1 X212.336 Y238.925 E1636.36709
G1 X204.486 Y231.075 E1636.58402
G1 X207.787 Y231.075 E1636.64852
G1 X201.871 Y236.991 E1636.81201
G1 X201.075 Y236.991 E1636.82756
G1 X201.075 Y237.323 E1636.83405
G1 X201.871 Y237.323 E1636.8496
G1 X203.474 Y238.925 E1636.89388
G1 X208.799 Y238.925 E1636.99794
G1 X216.65 Y231.075 E1637.21488
G1 X213.349 Y231.075 E1637.27938
G1 X221.199 Y238.925 E1637.49631
G1 X226.525 Y238.925 E1637.60038
G1 X228.127 Y237.323 E1637.64465
G1 X228.925 Y237.323 E1637.66025
G1 X228.925 Y236.991 E1637.66673
G1 X228.128 Y236.991 E1637.68231
G1 X222.212 Y231.075 E1637.84579
G1 X228.925 Y231.075 E1637.97696
G1 X229.03 Y231.075
G1 F2400 E1631.97696
G0 F15000 X200.89 Y230.89
G0 X200.63 Y230.63
M204 S1250
;TYPE:WALL-INNER
G1 F2400 E1637.97696
G1 F7821.3 X200.63 Y239.37 E1638.12958
G1 X229.37 Y239.37 E1638.63142
G1 X229.37 Y230.63 E1638.78404
G1 X200.63 Y230.63 E1639.28588
M204 S2500
G0 F15000 X200.21 Y230.21
M204 S1250
;TYPE:WALL-OUTER
G1 F7500 X200.21 Y239.79 E1639.45317
G1 X229.79 Y239.79 E1639.96968
G1 X229.79 Y230.21 E1640.13696
G1 X200.21 Y230.21 E1640.65347
M204 S2500
G0 F15000 X200.21 Y230.41
G0 X201.24 Y231.116
G1 F2400 E1634.65347
;MESH:NONMESH
G0 F600 X201.24 Y231.116 Z5.8
G0 F15000 X226.527 Y230.44
G0 X226.527 Y229.335
G0 X226.527 Y200.665
G0 X226.527 Y199.56
G0 X226.527 Y191.075
;TIME_ELAPSED:1108.281329
;LAYER:55
;note -- min layer time used
;TYPE:FILL
;MESH:table_soft_spacer_30x30-Body.stl
G1 F2400 E1640.65347
G1 F8142.6 X228.127 Y192.676 E1640.6977
G1 X228.925 Y192.676 E1640.7133
G1 X228.925 Y193.008 E1640.71978
G1 X228.128 Y193.008 E1640.73536
G1 X222.21 Y198.925 E1640.89888
G1 X225.514 Y198.925 E1640.96344
G1 X217.664 Y191.075 E1641.18037
G1 X212.335 Y191.075 E1641.2845
G1 X204.485 Y198.925 E1641.50143
G1 X207.788 Y198.925 E1641.56597
G1 X201.871 Y193.008 E1641.72948
G1 X201.075 Y193.008 E1641.74504
G1 X201.075 Y192.676 E1641.75153
G1 X201.871 Y192.676 E1641.76708
G1 X203.472 Y191.075 E1641.81132
G1 X208.801 Y191.075 E1641.91545
G1 X216.651 Y198.925 E1642.13238
G1 X213.348 Y198.925 E1642.19692
G1 X221.198 Y191.075 E1642.41385
G1 X228.925 Y191.075 E1642.56484
G1 X229.03 Y191.075
G1 F2400 E1636.56484
G0 F15000 X200.89 Y199.11
G0 X200.63 Y199.37
M204 S1250
;TYPE:WALL-INNER
G1 F2400 E1642.56484
G1 F7821.3 X229.37 Y199.37 E1643.06668
G1 X229.37 Y190.63 E1643.2193
G1 X200.63 Y190.63 E1643.72114
G1 X200.63 Y199.37 E1643.87376
M204 S2500
G0 F15000 X200.21 Y199.79
M204 S1250
;TYPE:WALL-OUTER
G1 F7500 X229.79 Y199.79 E1644.39027
G1 X229.79 Y190.21 E1644.55755
G1 X200.21 Y190.21 E1645.07407
G1 X200.21 Y199.79 E1645.24135
M204 S2500
G0 F15000 X200.41 Y199.79
G0 X201.116 Y198.76
G1 F2400 E1639.24135
G0 F15000 X225.513 Y199.56
G0 X225.513 Y200.665
G0 X225.513 Y229.335
G0 X225.513 Y230.44
G0 X225.513 Y231.075
;TYPE:FILL
G1 F2400 E1645.24135
G1 F8142.6 X217.662 Y238.925 E1645.45829
G1 X212.336 Y238.925 E1645.56236
G1 X204.486 Y231.075 E1645.77929
G1 X207.787 Y231.075 E1645.84379
G1 X201.871 Y236.991 E1646.00728
G1 X201.075 Y236.991 E1646.02283
G1 X201.075 Y237.323 E1646.02932
G1 X201.871 Y237.323 E1646.04487
G1 X203.474 Y238.925 E1646.08916
G1 X208.799 Y238.925 E1646.19321
G1 X216.65 Y231.075 E1646.41015
G1 X213.349 Y231.075 E1646.47465
G1 X221.199 Y238.925 E1646.69158
G1 X226.525 Y238.925 E1646.79565
G1 X228.127 Y237.323 E1646.83992
G1 X228.925 Y237.323 E1646.85552
G1 X228.925 Y236.991 E1646.86201
G1 X228.128 Y236.991 E1646.87758
G1 X222.212 Y231.075 E1647.04106
G1 X228.925 Y231.075 E1647.17224
G1 X229.03 Y231.075
G1 F2400 E1641.17224
G0 F15000 X200.89 Y230.89
G0 X200.63 Y230.63
M204 S1250
;TYPE:WALL-INNER
G1 F2400 E1647.17224
G1 F7821.3 X200.63 Y239.37 E1647.32485
G1 X229.37 Y239.37 E1647.8267
G1 X229.37 Y230.63 E1647.97931
G1 X200.63 Y230.63 E1648.48116
M204 S2500
G0 F15000 X200.21 Y230.21
M204 S1250
;TYPE:WALL-OUTER
G1 F7500 X200.21 Y239.79 E1648.64844
G1 X229.79 Y239.79 E1649.16495
G1 X229.79 Y230.21 E1649.33223
G1 X200.21 Y230.21 E1649.84875
M204 S2500
G0 F15000 X200.21 Y230.41
G0 X201.24 Y231.116
G1 F2400 E1643.84875
;MESH:NONMESH
G0 F600 X201.24 Y231.116 Z5.9
G0 F15000 X226.527 Y230.44
G0 X226.527 Y229.335
G0 X226.527 Y200.665
G0 X226.527 Y199.56
G0 X226.527 Y191.075
;TIME_ELAPSED:1117.978414
;LAYER:56
;note -- min layer time used
;TYPE:FILL
;MESH:table_soft_spacer_30x30-Body.stl
G1 F2400 E1649.84875
G1 F8142.6 X228.127 Y192.676 E1649.89298
G1 X228.925 Y192.676 E1649.90857
G1 X228.925 Y193.008 E1649.91506
G1 X228.128 Y193.008 E1649.93063
G1 X222.21 Y198.925 E1650.09415
G1 X225.514 Y198.925 E1650.15872
G1 X217.664 Y191.075 E1650.37564
G1 X212.335 Y191.075 E1650.47977
G1 X204.485 Y198.925 E1650.6967
G1 X207.788 Y198.925 E1650.76124
G1 X201.871 Y193.008 E1650.92476
G1 X201.075 Y193.008 E1650.94031
G1 X201.075 Y192.676 E1650.9468
G1 X201.871 Y192.676 E1650.96235
G1 X203.472 Y191.075 E1651.00659
G1 X208.801 Y191.075 E1651.11072
G1 X216.651 Y198.925 E1651.32765
G1 X213.348 Y198.925 E1651.3922
G1 X221.198 Y191.075 E1651.60912
G1 X228.925 Y191.075 E1651.76011
G1 X229.03 Y191.075
G1 F2400 E1645.76011
G0 F15000 X200.89 Y199.11
G0 X200.63 Y199.37
M204 S1250
;TYPE:WALL-INNER
G1 F2400 E1651.76011
G1 F7821.3 X229.37 Y199.37 E1652.26196
G1 X229.37 Y190.63 E1652.41457
G1 X200.63 Y190.63 E1652.91642
G1 X200.63 Y199.37 E1653.06903
M204 S2500
G0 F15000 X200.21 Y199.79
M204 S1250
;TYPE:WALL-OUTER
G1 F7500 X229.79 Y199.79 E1653.58554
G1 X229.79 Y190.21 E1653.75283
G1 X200.21 Y190.21 E1654.26934
G1 X200.21 Y199.79 E1654.43662
M204 S2500
G0 F15000 X200.41 Y199.79
G0 X201.116 Y198.76
G1 F2400 E1648.43662
G0 F15000 X225.513 Y199.56
G0 X225.513 Y200.665
G0 X225.513 Y229.335
G0 X225.513 Y230.44
G0 X225.513 Y231.075
;TYPE:FILL
G1 F2400 E1654.43662
G1 F8142.6 X217.662 Y238.925 E1654.65356
G1 X212.336 Y238.925 E1654.75764
G1 X204.486 Y231.075 E1654.97456
G1 X207.787 Y231.075 E1655.03907
G1 X201.871 Y236.991 E1655.20255
G1 X201.075 Y236.991 E1655.2181
G1 X201.075 Y237.323 E1655.22459
G1 X201.871 Y237.323 E1655.24015
G1 X203.474 Y238.925 E1655.28443
G1 X208.799 Y238.925 E1655.38848
G1 X216.65 Y231.075 E1655.60542
G1 X213.349 Y231.075 E1655.66993
G1 X221.199 Y238.925 E1655.88686
G1 X226.525 Y238.925 E1655.99093
G1 X228.127 Y237.323 E1656.0352
G1 X228.925 Y237.323 E1656.05079
G1 X228.925 Y236.991 E1656.05728
G1 X228.128 Y236.991 E1656.07285
G1 X222.212 Y231.075 E1656.23634
G1 X228.925 Y231.075 E1656.36751
G1 X229.03 Y231.075
G1 F2400 E1650.36751
G0 F15000 X200.89 Y230.89
G0 X200.63 Y230.63
M204 S1250
;TYPE:WALL-INNER
G1 F2400 E1656.36751
G1 F7821.3 X200.63 Y239.37 E1656.52012
G1 X229.37 Y239.37 E1657.02197
G1 X229.37 Y230.63 E1657.17458
G1 X200.63 Y230.63 E1657.67643
M204 S2500
G0 F15000 X200.21 Y230.21
M204 S1250
;TYPE:WALL-OUTER
G1 F7500 X200.21 Y239.79 E1657.84371
G1 X229.79 Y239.79 E1658.36022
G1 X229.79 Y230.21 E1658.52751
G1 X200.21 Y230.21 E1659.04402
M204 S2500
G0 F15000 X200.21 Y230.41
G0 X201.24 Y231.116
G1 F2400 E1653.04402
;MESH:NONMESH
G0 F600 X201.24 Y231.116 Z6
G0 F15000 X226.527 Y230.44
G0 X226.527 Y229.335
G0 X226.527 Y200.665
G0 X226.527 Y199.56
G0 X226.527 Y191.075
;TIME_ELAPSED:1127.675499
;LAYER:57
;note -- min layer time used
;TYPE:FILL
;MESH:table_soft_spacer_30x30-Body.stl
G1 F2400 E1659.04402
G1 F8142.6 X228.127 Y192.676 E1659.08825
G1 X228.925 Y192.676 E1659.10384
G1 X228.925 Y193.008 E1659.11033
G1 X228.128 Y193.008 E1659.1259
G1 X222.21 Y198.925 E1659.28943
G1 X225.514 Y198.925 E1659.35399
G1 X217.664 Y191.075 E1659.57092
G1 X212.335 Y191.075 E1659.67505
G1 X204.485 Y198.925 E1659.89198
G1 X207.788 Y198.925 E1659.95652
G1 X201.871 Y193.008 E1660.12003
G1 X201.075 Y193.008 E1660.13558
G1 X201.075 Y192.676 E1660.14207
G1 X201.871 Y192.676 E1660.15762
G1 X203.472 Y191.075 E1660.20187
G1 X208.801 Y191.075 E1660.306
G1 X216.651 Y198.925 E1660.52293
G1 X213.348 Y198.925 E1660.58747
G1 X221.198 Y191.075 E1660.8044
G1 X228.925 Y191.075 E1660.95538
G1 X229.03 Y191.075
G1 F2400 E1654.95538
G0 F15000 X200.89 Y199.11
G0 X200.63 Y199.37
M204 S1250
;TYPE:WALL-INNER
G1 F2400 E1660.95538
G1 F7821.3 X229.37 Y199.37 E1661.45723
G1 X229.37 Y190.63 E1661.60984
G1 X200.63 Y190.63 E1662.11169
G1 X200.63 Y199.37 E1662.2643
M204 S2500
G0 F15000 X200.21 Y199.79
M204 S1250
;TYPE:WALL-OUTER
G1 F7500 X229.79 Y199.79 E1662.78082
G1 X229.79 Y190.21 E1662.9481
G1 X200.21 Y190.21 E1663.46461
G1 X200.21 Y199.79 E1663.63189
M204 S2500
G0 F15000 X200.41 Y199.79
G0 X201.116 Y198.76
G1 F2400 E1657.63189
G0 F15000 X225.513 Y199.56
G0 X225.513 Y200.665
G0 X225.513 Y229.335
G0 X225.513 Y230.44
G0 X225.513 Y231.075
;TYPE:FILL
G1 F2400 E1663.63189
G1 F8142.6 X217.662 Y238.925 E1663.84884
G1 X212.336 Y238.925 E1663.95291
G1 X204.486 Y231.075 E1664.16984
G1 X207.787 Y231.075 E1664.23434
G1 X201.871 Y236.991 E1664.39782
G1 X201.075 Y236.991 E1664.41338
G1 X201.075 Y237.323 E1664.41986
G1 X201.871 Y237.323 E1664.43542
G1 X203.474 Y238.925 E1664.4797
G1 X208.799 Y238.925 E1664.58375
G1 X216.65 Y231.075 E1664.8007
G1 X213.349 Y231.075 E1664.8652
G1 X221.199 Y238.925 E1665.08213
G1 X226.525 Y238.925 E1665.1862
G1 X228.127 Y237.323 E1665.23047
G1 X228.925 Y237.323 E1665.24606
G1 X228.925 Y236.991 E1665.25255
G1 X228.128 Y236.991 E1665.26812
G1 X222.212 Y231.075 E1665.43161
G1 X228.925 Y231.075 E1665.56278
G1 X229.03 Y231.075
G1 F2400 E1659.56278
G0 F15000 X200.89 Y230.89
G0 X200.63 Y230.63
M204 S1250
;TYPE:WALL-INNER
G1 F2400 E1665.56278
G1 F7821.3 X200.63 Y239.37 E1665.7154
G1 X229.37 Y239.37 E1666.21724
G1 X229.37 Y230.63 E1666.36986
G1 X200.63 Y230.63 E1666.8717
M204 S2500
G0 F15000 X200.21 Y230.21
M204 S1250
;TYPE:WALL-OUTER
G1 F7500 X200.21 Y239.79 E1667.03898
G1 X229.79 Y239.79 E1667.5555
G1 X229.79 Y230.21 E1667.72278
G1 X200.21 Y230.21 E1668.23929
M204 S2500
G0 F15000 X200.21 Y230.41
G0 X201.24 Y231.116
G1 F2400 E1662.23929
;MESH:NONMESH
G0 F600 X201.24 Y231.116 Z6.1
G0 F15000 X226.527 Y230.44
G0 X226.527 Y229.335
G0 X226.527 Y200.665
G0 X226.527 Y199.56
G0 X226.527 Y191.075
;TIME_ELAPSED:1137.372583
;LAYER:58
;note -- min layer time used
;TYPE:FILL
;MESH:table_soft_spacer_30x30-Body.stl
G1 F2400 E1668.23929
G1 F8142.6 X228.127 Y192.676 E1668.28352
G1 X228.925 Y192.676 E1668.29911
G1 X228.925 Y193.008 E1668.3056
G1 X228.128 Y193.008 E1668.32117
G1 X222.21 Y198.925 E1668.4847
G1 X225.514 Y198.925 E1668.54926
G1 X217.664 Y191.075 E1668.76619
G1 X212.335 Y191.075 E1668.87032
G1 X204.485 Y198.925 E1669.08725
G1 X207.788 Y198.925 E1669.15179
G1 X201.871 Y193.008 E1669.3153
G1 X201.075 Y193.008 E1669.33086
G1 X201.075 Y192.676 E1669.33734
G1 X201.871 Y192.676 E1669.3529
G1 X203.472 Y191.075 E1669.39714
G1 X208.801 Y191.075 E1669.50127
G1 X216.651 Y198.925 E1669.7182
G1 X213.348 Y198.925 E1669.78274
G1 X221.198 Y191.075 E1669.99967
G1 X228.925 Y191.075 E1670.15066
G1 X229.03 Y191.075
G1 F2400 E1664.15066
G0 F15000 X200.89 Y199.11
G0 X200.63 Y199.37
M204 S1250
;TYPE:WALL-INNER
G1 F2400 E1670.15066
G1 F7821.3 X229.37 Y199.37 E1670.6525
G1 X229.37 Y190.63 E1670.80512
G1 X200.63 Y190.63 E1671.30696
G1 X200.63 Y199.37 E1671.45958
M204 S2500
G0 F15000 X200.21 Y199.79
M204 S1250
;TYPE:WALL-OUTER
G1 F7500 X229.79 Y199.79 E1671.97609
G1 X229.79 Y190.21 E1672.14337
G1 X200.21 Y190.21 E1672.65988
G1 X200.21 Y199.79 E1672.82717
M204 S2500
G0 F15000 X200.41 Y199.79
G0 X201.116 Y198.76
G1 F2400 E1666.82717
G0 F15000 X225.513 Y199.56
G0 X225.513 Y200.665
G0 X225.513 Y229.335
G0 X225.513 Y230.44
G0 X225.513 Y231.075
;TYPE:FILL
G1 F2400 E1672.82717
G1 F8142.6 X217.662 Y238.925 E1673.04411
G1 X212.336 Y238.925 E1673.14818
G1 X204.486 Y231.075 E1673.36511
G1 X207.787 Y231.075 E1673.42961
G1 X201.871 Y236.991 E1673.5931
G1 X201.075 Y236.991 E1673.60865
G1 X201.075 Y237.323 E1673.61514
G1 X201.871 Y237.323 E1673.63069
G1 X203.474 Y238.925 E1673.67497
G1 X208.799 Y238.925 E1673.77903
G1 X216.65 Y231.075 E1673.99597
G1 X213.349 Y231.075 E1674.06047
G1 X221.199 Y238.925 E1674.2774
G1 X226.525 Y238.925 E1674.38147
G1 X228.127 Y237.323 E1674.42574
G1 X228.925 Y237.323 E1674.44134
G1 X228.925 Y236.991 E1674.44782
G1 X228.128 Y236.991 E1674.4634
G1 X222.212 Y231.075 E1674.62688
G1 X228.925 Y231.075 E1674.75805
G1 X229.03 Y231.075
G1 F2400 E1668.75805
G0 F15000 X200.89 Y230.89
G0 X200.63 Y230.63
M204 S1250
;TYPE:WALL-INNER
G1 F2400 E1674.75805
G1 F7821.3 X200.63 Y239.37 E1674.91067
G1 X229.37 Y239.37 E1675.41251
G1 X229.37 Y230.63 E1675.56513
G1 X200.63 Y230.63 E1676.06697
M204 S2500
G0 F15000 X200.21 Y230.21
M204 S1250
;TYPE:WALL-OUTER
G1 F7500 X200.21 Y239.79 E1676.23426
G1 X229.79 Y239.79 E1676.75077
G1 X229.79 Y230.21 E1676.91805
G1 X200.21 Y230.21 E1677.43456
M204 S2500
G0 F15000 X200.21 Y230.41
G0 X201.24 Y231.116
G1 F2400 E1671.43456
;MESH:NONMESH
G0 F600 X201.24 Y231.116 Z6.2
G0 F15000 X226.527 Y230.44
G0 X226.527 Y229.335
G0 X226.527 Y200.665
G0 X226.527 Y199.56
G0 X226.527 Y191.075
;TIME_ELAPSED:1147.069668
;LAYER:59
;note -- min layer time used
;TYPE:FILL
;MESH:table_soft_spacer_30x30-Body.stl
G1 F2400 E1677.43456
G1 F8142.6 X228.127 Y192.676 E1677.47879
G1 X228.925 Y192.676 E1677.49439
G1 X228.925 Y193.008 E1677.50087
G1 X228.128 Y193.008 E1677.51645
G1 X222.21 Y198.925 E1677.67997
G1 X225.514 Y198.925 E1677.74453
G1 X217.664 Y191.075 E1677.96146
G1 X212.335 Y191.075 E1678.06559
G1 X204.485 Y198.925 E1678.28252
G1 X207.788 Y198.925 E1678.34706
G1 X201.871 Y193.008 E1678.51057
G1 X201.075 Y193.008 E1678.52613
G1 X201.075 Y192.676 E1678.53262
G1 X201.871 Y192.676 E1678.54817
G1 X203.472 Y191.075 E1678.59241
G1 X208.801 Y191.075 E1678.69654
G1 X216.651 Y198.925 E1678.91347
G1 X213.348 Y198.925 E1678.97801
G1 X221.198 Y191.075 E1679.19494
G1 X228.925 Y191.075 E1679.34593
G1 X229.03 Y191.075
G1 F2400 E1673.34593
G0 F15000 X200.89 Y199.11
G0 X200.63 Y199.37
M204 S1250
;TYPE:WALL-INNER
G1 F2400 E1679.34593
G1 F7821.3 X229.37 Y199.37 E1679.84777
G1 X229.37 Y190.63 E1680.00039
G1 X200.63 Y190.63 E1680.50223
G1 X200.63 Y199.37 E1680.65485
M204 S2500
G0 F15000 X200.21 Y199.79
M204 S1250
;TYPE:WALL-OUTER
G1 F7500 X229.79 Y199.79 E1681.17136
G1 X229.79 Y190.21 E1681.33864
G1 X200.21 Y190.21 E1681.85516
G1 X200.21 Y199.79 E1682.02244
M204 S2500
G0 F15000 X200.41 Y199.79
G0 X201.116 Y198.76
G1 F2400 E1676.02244
G0 F15000 X225.513 Y199.56
G0 X225.513 Y200.665
G0 X225.513 Y229.335
G0 X225.513 Y230.44
G0 X225.513 Y231.075
;TYPE:FILL
G1 F2400 E1682.02244
G1 F8142.6 X217.662 Y238.925 E1682.23938
G1 X212.336 Y238.925 E1682.34345
G1 X204.486 Y231.075 E1682.56038
G1 X207.787 Y231.075 E1682.62488
G1 X201.871 Y236.991 E1682.78837
G1 X201.075 Y236.991 E1682.80392
G1 X201.075 Y237.323 E1682.81041
G1 X201.871 Y237.323 E1682.82596
G1 X203.474 Y238.925 E1682.87025
G1 X208.799 Y238.925 E1682.9743
G1 X216.65 Y231.075 E1683.19124
G1 X213.349 Y231.075 E1683.25574
G1 X221.199 Y238.925 E1683.47267
G1 X226.525 Y238.925 E1683.57674
G1 X228.127 Y237.323 E1683.62101
G1 X228.925 Y237.323 E1683.63661
G1 X228.925 Y236.991 E1683.6431
G1 X228.128 Y236.991 E1683.65867
G1 X222.212 Y231.075 E1683.82215
G1 X228.925 Y231.075 E1683.95333
G1 X229.03 Y231.075
G1 F2400 E1677.95333
G0 F15000 X200.89 Y230.89
G0 X200.63 Y230.63
M204 S1250
;TYPE:WALL-INNER
G1 F2400 E1683.95333
G1 F7821.3 X200.63 Y239.37 E1684.10594
G1 X229.37 Y239.37 E1684.60779
G1 X229.37 Y230.63 E1684.7604
G1 X200.63 Y230.63 E1685.26225
M204 S2500
G0 F15000 X200.21 Y230.21
M204 S1250
;TYPE:WALL-OUTER
G1 F7500 X200.21 Y239.79 E1685.42953
G1 X229.79 Y239.79 E1685.94604
G1 X229.79 Y230.21 E1686.11332
G1 X200.21 Y230.21 E1686.62984
M204 S2500
G0 F15000 X200.21 Y230.41
G0 X201.24 Y231.116
G1 F2400 E1680.62984
;MESH:NONMESH
G0 F600 X201.24 Y231.116 Z6.3
G0 F15000 X226.527 Y230.44
G0 X226.527 Y229.335
G0 X226.527 Y200.665
G0 X226.527 Y199.56
G0 X226.527 Y191.075
;TIME_ELAPSED:1156.766753
;LAYER:60
;note -- min layer time used
;TYPE:FILL
;MESH:table_soft_spacer_30x30-Body.stl
G1 F2400 E1686.62984
G1 F8142.6 X228.127 Y192.676 E1686.67407
G1 X228.925 Y192.676 E1686.68966
G1 X228.925 Y193.008 E1686.69615
G1 X228.128 Y193.008 E1686.71172
G1 X222.21 Y198.925 E1686.87524
G1 X225.514 Y198.925 E1686.93981
G1 X217.664 Y191.075 E1687.15673
G1 X212.335 Y191.075 E1687.26086
G1 X204.485 Y198.925 E1687.47779
G1 X207.788 Y198.925 E1687.54233
G1 X201.871 Y193.008 E1687.70585
G1 X201.075 Y193.008 E1687.7214
G1 X201.075 Y192.676 E1687.72789
G1 X201.871 Y192.676 E1687.74344
G1 X203.472 Y191.075 E1687.78768
G1 X208.801 Y191.075 E1687.89181
G1 X216.651 Y198.925 E1688.10874
G1 X213.348 Y198.925 E1688.17329
G1 X221.198 Y191.075 E1688.39021
G1 X228.925 Y191.075 E1688.5412
G1 X229.03 Y191.075
G1 F2400 E1682.5412
G0 F15000 X200.89 Y199.11
G0 X200.63 Y199.37
M204 S1250
;TYPE:WALL-INNER
G1 F2400 E1688.5412
G1 F7821.3 X229.37 Y199.37 E1689.04305
G1 X229.37 Y190.63 E1689.19566
G1 X200.63 Y190.63 E1689.69751
G1 X200.63 Y199.37 E1689.85012
M204 S2500
G0 F15000 X200.21 Y199.79
M204 S1250
;TYPE:WALL-OUTER
G1 F7500 X229.79 Y199.79 E1690.36663
G1 X229.79 Y190.21 E1690.53392
G1 X200.21 Y190.21 E1691.05043
G1 X200.21 Y199.79 E1691.21771
M204 S2500
G0 F15000 X200.41 Y199.79
G0 X201.116 Y198.76
G1 F2400 E1685.21771
G0 F15000 X225.513 Y199.56
G0 X225.513 Y200.665
G0 X225.513 Y229.335
G0 X225.513 Y230.44
G0 X225.513 Y231.075
;TYPE:FILL
G1 F2400 E1691.21771
G1 F8142.6 X217.662 Y238.925 E1691.43465
G1 X212.336 Y238.925 E1691.53873
G1 X204.486 Y231.075 E1691.75565
G1 X207.787 Y231.075 E1691.82016
G1 X201.871 Y236.991 E1691.98364
G1 X201.075 Y236.991 E1691.99919
G1 X201.075 Y237.323 E1692.00568
G1 X201.871 Y237.323 E1692.02124
G1 X203.474 Y238.925 E1692.06552
G1 X208.799 Y238.925 E1692.16957
G1 X216.65 Y231.075 E1692.38651
G1 X213.349 Y231.075 E1692.45102
G1 X221.199 Y238.925 E1692.66795
G1 X226.525 Y238.925 E1692.77202
G1 X228.127 Y237.323 E1692.81629
G1 X228.925 Y237.323 E1692.83188
G1 X228.925 Y236.991 E1692.83837
G1 X228.128 Y236.991 E1692.85394
G1 X222.212 Y231.075 E1693.01743
G1 X228.925 Y231.075 E1693.1486
G1 X229.03 Y231.075
G1 F2400 E1687.1486
G0 F15000 X200.89 Y230.89
G0 X200.63 Y230.63
M204 S1250
;TYPE:WALL-INNER
G1 F2400 E1693.1486
G1 F7821.3 X200.63 Y239.37 E1693.30121
G1 X229.37 Y239.37 E1693.80306
G1 X229.37 Y230.63 E1693.95567
G1 X200.63 Y230.63 E1694.45752
M204 S2500
G0 F15000 X200.21 Y230.21
M204 S1250
;TYPE:WALL-OUTER
G1 F7500 X200.21 Y239.79 E1694.6248
G1 X229.79 Y239.79 E1695.14131
G1 X229.79 Y230.21 E1695.3086
G1 X200.21 Y230.21 E1695.82511
M204 S2500
G0 F15000 X200.21 Y230.41
G0 X201.24 Y231.116
G1 F2400 E1689.82511
;MESH:NONMESH
G0 F600 X201.24 Y231.116 Z6.4
G0 F15000 X226.527 Y230.44
G0 X226.527 Y229.335
G0 X226.527 Y200.665
G0 X226.527 Y199.56
G0 X226.527 Y191.075
;TIME_ELAPSED:1166.463837
;LAYER:61
;note -- min layer time used
;TYPE:FILL
;MESH:table_soft_spacer_30x30-Body.stl
G1 F2400 E1695.82511
G1 F8142.6 X228.127 Y192.676 E1695.86934
G1 X228.925 Y192.676 E1695.88493
G1 X228.925 Y193.008 E1695.89142
G1 X228.128 Y193.008 E1695.90699
G1 X222.21 Y198.925 E1696.07052
G1 X225.514 Y198.925 E1696.13508
G1 X217.664 Y191.075 E1696.35201
G1 X212.335 Y191.075 E1696.45614
G1 X204.485 Y198.925 E1696.67307
G1 X207.788 Y198.925 E1696.73761
G1 X201.871 Y193.008 E1696.90112
G1 X201.075 Y193.008 E1696.91667
G1 X201.075 Y192.676 E1696.92316
G1 X201.871 Y192.676 E1696.93871
G1 X203.472 Y191.075 E1696.98296
G1 X208.801 Y191.075 E1697.08709
G1 X216.651 Y198.925 E1697.30402
G1 X213.348 Y198.925 E1697.36856
G1 X221.198 Y191.075 E1697.58549
G1 X228.925 Y191.075 E1697.73647
G1 X229.03 Y191.075
G1 F2400 E1691.73647
G0 F15000 X200.89 Y199.11
G0 X200.63 Y199.37
M204 S1250
;TYPE:WALL-INNER
G1 F2400 E1697.73647
G1 F7821.3 X229.37 Y199.37 E1698.23832
G1 X229.37 Y190.63 E1698.39093
G1 X200.63 Y190.63 E1698.89278
G1 X200.63 Y199.37 E1699.04539
M204 S2500
G0 F15000 X200.21 Y199.79
M204 S1250
;TYPE:WALL-OUTER
G1 F7500 X229.79 Y199.79 E1699.56191
G1 X229.79 Y190.21 E1699.72919
G1 X200.21 Y190.21 E1700.2457
G1 X200.21 Y199.79 E1700.41298
M204 S2500
G0 F15000 X200.41 Y199.79
G0 X201.116 Y198.76
G1 F2400 E1694.41298
G0 F15000 X225.513 Y199.56
G0 X225.513 Y200.665
G0 X225.513 Y229.335
G0 X225.513 Y230.44
G0 X225.513 Y231.075
;TYPE:FILL
G1 F2400 E1700.41298
G1 F8142.6 X217.662 Y238.925 E1700.62993
G1 X212.336 Y238.925 E1700.734
G1 X204.486 Y231.075 E1700.95093
G1 X207.787 Y231.075 E1701.01543
G1 X201.871 Y236.991 E1701.17891
G1 X201.075 Y236.991 E1701.19447
G1 X201.075 Y237.323 E1701.20095
G1 X201.871 Y237.323 E1701.21651
G1 X203.474 Y238.925 E1701.26079
G1 X208.799 Y238.925 E1701.36484
G1 X216.65 Y231.075 E1701.58179
G1 X213.349 Y231.075 E1701.64629
G1 X221.199 Y238.925 E1701.86322
G1 X226.525 Y238.925 E1701.96729
G1 X228.127 Y237.323 E1702.01156
G1 X228.925 Y237.323 E1702.02715
G1 X228.925 Y236.991 E1702.03364
G1 X228.128 Y236.991 E1702.04921
G1 X222.212 Y231.075 E1702.2127
G1 X228.925 Y231.075 E1702.34387
G1 X229.03 Y231.075
G1 F2400 E1696.34387
G0 F15000 X200.89 Y230.89
G0 X200.63 Y230.63
M204 S1250
;TYPE:WALL-INNER
G1 F2400 E1702.34387
G1 F7821.3 X200.63 Y239.37 E1702.49649
G1 X229.37 Y239.37 E1702.99833
G1 X229.37 Y230.63 E1703.15095
G1 X200.63 Y230.63 E1703.65279
M204 S2500
G0 F15000 X200.21 Y230.21
M204 S1250
;TYPE:WALL-OUTER
G1 F7500 X200.21 Y239.79 E1703.82007
G1 X229.79 Y239.79 E1704.33659
G1 X229.79 Y230.21 E1704.50387
G1 X200.21 Y230.21 E1705.02038
M204 S2500
G0 F15000 X200.21 Y230.41
G0 X201.24 Y231.116
G1 F2400 E1699.02038
;MESH:NONMESH
G0 F600 X201.24 Y231.116 Z6.5
G0 F15000 X226.527 Y230.44
G0 X226.527 Y229.335
G0 X226.527 Y200.665
G0 X226.527 Y199.56
G0 X226.527 Y191.075
;TIME_ELAPSED:1176.160922
;LAYER:62
;note -- min layer time used
;TYPE:FILL
;MESH:table_soft_spacer_30x30-Body.stl
G1 F2400 E1705.02038
G1 F8142.6 X228.127 Y192.676 E1705.06461
G1 X228.925 Y192.676 E1705.0802
G1 X228.925 Y193.008 E1705.08669
G1 X228.128 Y193.008 E1705.10226
G1 X222.21 Y198.925 E1705.26579
G1 X225.514 Y198.925 E1705.33035
G1 X217.664 Y191.075 E1705.54728
G1 X212.335 Y191.075 E1705.65141
G1 X204.485 Y198.925 E1705.86834
G1 X207.788 Y198.925 E1705.93288
G1 X201.871 Y193.008 E1706.09639
G1 X201.075 Y193.008 E1706.11195
G1 X201.075 Y192.676 E1706.11843
G1 X201.871 Y192.676 E1706.13399
G1 X203.472 Y191.075 E1706.17823
G1 X208.801 Y191.075 E1706.28236
G1 X216.651 Y198.925 E1706.49929
G1 X213.348 Y198.925 E1706.56383
G1 X221.198 Y191.075 E1706.78076
G1 X228.925 Y191.075 E1706.93175
G1 X229.03 Y191.075
G1 F2400 E1700.93175
G0 F15000 X200.89 Y199.11
G0 X200.63 Y199.37
M204 S1250
;TYPE:WALL-INNER
G1 F2400 E1706.93175
G1 F7821.3 X229.37 Y199.37 E1707.43359
G1 X229.37 Y190.63 E1707.58621
G1 X200.63 Y190.63 E1708.08805
G1 X200.63 Y199.37 E1708.24067
M204 S2500
G0 F15000 X200.21 Y199.79
M204 S1250
;TYPE:WALL-OUTER
G1 F7500 X229.79 Y199.79 E1708.75718
G1 X229.79 Y190.21 E1708.92446
G1 X200.21 Y190.21 E1709.44097
G1 X200.21 Y199.79 E1709.60826
M204 S2500
G0 F15000 X200.41 Y199.79
G0 X201.116 Y198.76
G1 F2400 E1703.60826
G0 F15000 X225.513 Y199.56
G0 X225.513 Y200.665
G0 X225.513 Y229.335
G0 X225.513 Y230.44
G0 X225.513 Y231.075
;TYPE:FILL
G1 F2400 E1709.60826
G1 F8142.6 X217.662 Y238.925 E1709.8252
G1 X212.336 Y238.925 E1709.92927
G1 X204.486 Y231.075 E1710.1462
G1 X207.787 Y231.075 E1710.2107
G1 X201.871 Y236.991 E1710.37419
G1 X201.075 Y236.991 E1710.38974
G1 X201.075 Y237.323 E1710.39623
G1 X201.871 Y237.323 E1710.41178
G1 X203.474 Y238.925 E1710.45606
G1 X208.799 Y238.925 E1710.56012
G1 X216.65 Y231.075 E1710.77706
G1 X213.349 Y231.075 E1710.84156
G1 X221.199 Y238.925 E1711.05849
G1 X226.525 Y238.925 E1711.16256
G1 X228.127 Y237.323 E1711.20683
G1 X228.925 Y237.323 E1711.22243
G1 X228.925 Y236.991 E1711.22891
G1 X228.128 Y236.991 E1711.24449
G1 X222.212 Y231.075 E1711.40797
G1 X228.925 Y231.075 E1711.53914
G1 X229.03 Y231.075
G1 F2400 E1705.53914
G0 F15000 X200.89 Y230.89
G0 X200.63 Y230.63
M204 S1250
;TYPE:WALL-INNER
G1 F2400 E1711.53914
G1 F7821.3 X200.63 Y239.37 E1711.69176
G1 X229.37 Y239.37 E1712.1936
G1 X229.37 Y230.63 E1712.34622
G1 X200.63 Y230.63 E1712.84806
M204 S2500
G0 F15000 X200.21 Y230.21
M204 S1250
;TYPE:WALL-OUTER
G1 F7500 X200.21 Y239.79 E1713.01535
G1 X229.79 Y239.79 E1713.53186
G1 X229.79 Y230.21 E1713.69914
G1 X200.21 Y230.21 E1714.21565
M204 S2500
G0 F15000 X200.21 Y230.41
G0 X201.24 Y231.116
G1 F2400 E1708.21565
;MESH:NONMESH
G0 F600 X201.24 Y231.116 Z6.6
G0 F15000 X226.527 Y230.44
G0 X226.527 Y229.335
G0 X226.527 Y200.665
G0 X226.527 Y199.56
G0 X226.527 Y191.075
;TIME_ELAPSED:1185.858007
;LAYER:63
;note -- min layer time used
;TYPE:FILL
;MESH:table_soft_spacer_30x30-Body.stl
G1 F2400 E1714.21565
G1 F8142.6 X228.127 Y192.676 E1714.25988
G1 X228.925 Y192.676 E1714.27548
G1 X228.925 Y193.008 E1714.28196
G1 X228.128 Y193.008 E1714.29754
G1 X222.21 Y198.925 E1714.46106
G1 X225.514 Y198.925 E1714.52562
G1 X217.664 Y191.075 E1714.74255
G1 X212.335 Y191.075 E1714.84668
G1 X204.485 Y198.925 E1715.06361
G1 X207.788 Y198.925 E1715.12815
G1 X201.871 Y193.008 E1715.29166
G1 X201.075 Y193.008 E1715.30722
G1 X201.075 Y192.676 E1715.31371
G1 X201.871 Y192.676 E1715.32926
G1 X203.472 Y191.075 E1715.3735
G1 X208.801 Y191.075 E1715.47763
G1 X216.651 Y198.925 E1715.69456
G1 X213.348 Y198.925 E1715.7591
G1 X221.198 Y191.075 E1715.97603
G1 X228.925 Y191.075 E1716.12702
G1 X229.03 Y191.075
G1 F2400 E1710.12702
G0 F15000 X200.89 Y199.11
G0 X200.63 Y199.37
M204 S1250
;TYPE:WALL-INNER
G1 F2400 E1716.12702
G1 F7821.3 X229.37 Y199.37 E1716.62886
G1 X229.37 Y190.63 E1716.78148
G1 X200.63 Y190.63 E1717.28332
G1 X200.63 Y199.37 E1717.43594
M204 S2500
G0 F15000 X200.21 Y199.79
M204 S1250
;TYPE:WALL-OUTER
G1 F7500 X229.79 Y199.79 E1717.95245
G1 X229.79 Y190.21 E1718.11973
G1 X200.21 Y190.21 E1718.63625
G1 X200.21 Y199.79 E1718.80353
M204 S2500
G0 F15000 X200.41 Y199.79
G0 X201.116 Y198.76
G1 F2400 E1712.80353
G0 F15000 X225.513 Y199.56
G0 X225.513 Y200.665
G0 X225.513 Y229.335
G0 X225.513 Y230.44
G0 X225.513 Y231.075
;TYPE:FILL
G1 F2400 E1718.80353
G1 F8142.6 X217.662 Y238.925 E1719.02047
G1 X212.336 Y238.925 E1719.12454
G1 X204.486 Y231.075 E1719.34147
G1 X207.787 Y231.075 E1719.40597
G1 X201.871 Y236.991 E1719.56946
G1 X201.075 Y236.991 E1719.58501
G1 X201.075 Y237.323 E1719.5915
G1 X201.871 Y237.323 E1719.60705
G1 X203.474 Y238.925 E1719.65134
G1 X208.799 Y238.925 E1719.75539
G1 X216.65 Y231.075 E1719.97233
G1 X213.349 Y231.075 E1720.03683
G1 X221.199 Y238.925 E1720.25376
G1 X226.525 Y238.925 E1720.35783
G1 X228.127 Y237.323 E1720.4021
G1 X228.925 Y237.323 E1720.4177
G1 X228.925 Y236.991 E1720.42419
G1 X228.128 Y236.991 E1720.43976
G1 X222.212 Y231.075 E1720.60324
G1 X228.925 Y231.075 E1720.73442
G1 X229.03 Y231.075
G1 F2400 E1714.73442
G0 F15000 X200.89 Y230.89
G0 X200.63 Y230.63
M204 S1250
;TYPE:WALL-INNER
G1 F2400 E1720.73442
G1 F7821.3 X200.63 Y239.37 E1720.88703
G1 X229.37 Y239.37 E1721.38888
G1 X229.37 Y230.63 E1721.54149
G1 X200.63 Y230.63 E1722.04334
M204 S2500
G0 F15000 X200.21 Y230.21
M204 S1250
;TYPE:WALL-OUTER
G1 F7500 X200.21 Y239.79 E1722.21062
G1 X229.79 Y239.79 E1722.72713
G1 X229.79 Y230.21 E1722.89441
G1 X200.21 Y230.21 E1723.41093
M204 S2500
G0 F15000 X200.21 Y230.41
G0 X201.24 Y231.116
G1 F2400 E1717.41093
;MESH:NONMESH
G0 F600 X201.24 Y231.116 Z6.7
G0 F15000 X226.527 Y230.44
G0 X226.527 Y229.335
G0 X226.527 Y200.665
G0 X226.527 Y199.56
G0 X226.527 Y191.075
;TIME_ELAPSED:1195.555091
;LAYER:64
;note -- min layer time used
;TYPE:FILL
;MESH:table_soft_spacer_30x30-Body.stl
G1 F2400 E1723.41093
G1 F8142.6 X228.127 Y192.676 E1723.45516
G1 X228.925 Y192.676 E1723.47075
G1 X228.925 Y193.008 E1723.47724
G1 X228.128 Y193.008 E1723.49281
G1 X222.21 Y198.925 E1723.65633
G1 X225.514 Y198.925 E1723.7209
G1 X217.664 Y191.075 E1723.93782
G1 X212.335 Y191.075 E1724.04195
G1 X204.485 Y198.925 E1724.25888
G1 X207.788 Y198.925 E1724.32342
G1 X201.871 Y193.008 E1724.48694
G1 X201.075 Y193.008 E1724.50249
G1 X201.075 Y192.676 E1724.50898
G1 X201.871 Y192.676 E1724.52453
G1 X203.472 Y191.075 E1724.56877
G1 X208.801 Y191.075 E1724.6729
G1 X216.651 Y198.925 E1724.88983
G1 X213.348 Y198.925 E1724.95438
G1 X221.198 Y191.075 E1725.1713
G1 X228.925 Y191.075 E1725.32229
G1 X229.03 Y191.075
G1 F2400 E1719.32229
G0 F15000 X200.89 Y199.11
G0 X200.63 Y199.37
M204 S1250
;TYPE:WALL-INNER
G1 F2400 E1725.32229
G1 F7821.3 X229.37 Y199.37 E1725.82414
G1 X229.37 Y190.63 E1725.97675
G1 X200.63 Y190.63 E1726.4786
G1 X200.63 Y199.37 E1726.63121
M204 S2500
G0 F15000 X200.21 Y199.79
M204 S1250
;TYPE:WALL-OUTER
G1 F7500 X229.79 Y199.79 E1727.14772
G1 X229.79 Y190.21 E1727.31501
G1 X200.21 Y190.21 E1727.83152
G1 X200.21 Y199.79 E1727.9988
M204 S2500
G0 F15000 X200.41 Y199.79
G0 X201.116 Y198.76
G1 F2400 E1721.9988
G0 F15000 X225.513 Y199.56
G0 X225.513 Y200.665
G0 X225.513 Y229.335
G0 X225.513 Y230.44
G0 X225.513 Y231.075
;TYPE:FILL
G1 F2400 E1727.9988
G1 F8142.6 X217.662 Y238.925 E1728.21574
G1 X212.336 Y238.925 E1728.31982
G1 X204.486 Y231.075 E1728.53674
G1 X207.787 Y231.075 E1728.60125
G1 X201.871 Y236.991 E1728.76473
G1 X201.075 Y236.991 E1728.78028
G1 X201.075 Y237.323 E1728.78677
G1 X201.871 Y237.323 E1728.80233
G1 X203.474 Y238.925 E1728.84661
G1 X208.799 Y238.925 E1728.95066
G1 X216.65 Y231.075 E1729.1676
G1 X213.349 Y231.075 E1729.23211
G1 X221.199 Y238.925 E1729.44904
G1 X226.525 Y238.925 E1729.55311
G1 X228.127 Y237.323 E1729.59738
G1 X228.925 Y237.323 E1729.61297
G1 X228.925 Y236.991 E1729.61946
G1 X228.128 Y236.991 E1729.63503
G1 X222.212 Y231.075 E1729.79852
G1 X228.925 Y231.075 E1729.92969
G1 X229.03 Y231.075
G1 F2400 E1723.92969
G0 F15000 X200.89 Y230.89
G0 X200.63 Y230.63
M204 S1250
;TYPE:WALL-INNER
G1 F2400 E1729.92969
G1 F7821.3 X200.63 Y239.37 E1730.0823
G1 X229.37 Y239.37 E1730.58415
G1 X229.37 Y230.63 E1730.73676
G1 X200.63 Y230.63 E1731.23861
M204 S2500
G0 F15000 X200.21 Y230.21
M204 S1250
;TYPE:WALL-OUTER
G1 F7500 X200.21 Y239.79 E1731.40589
G1 X229.79 Y239.79 E1731.9224
G1 X229.79 Y230.21 E1732.08969
G1 X200.21 Y230.21 E1732.6062
M204 S2500
G0 F15000 X200.21 Y230.41
G0 X201.24 Y231.116
G1 F2400 E1726.6062
;MESH:NONMESH
G0 F600 X201.24 Y231.116 Z6.8
G0 F15000 X226.527 Y230.44
G0 X226.527 Y229.335
G0 X226.527 Y200.665
G0 X226.527 Y199.56
G0 X226.527 Y191.075
;TIME_ELAPSED:1205.252176
;LAYER:65
;note -- min layer time used
;TYPE:FILL
;MESH:table_soft_spacer_30x30-Body.stl
G1 F2400 E1732.6062
G1 F8142.6 X228.127 Y192.676 E1732.65043
G1 X228.925 Y192.676 E1732.66602
G1 X228.925 Y193.008 E1732.67251
G1 X228.128 Y193.008 E1732.68808
G1 X222.21 Y198.925 E1732.85161
G1 X225.514 Y198.925 E1732.91617
G1 X217.664 Y191.075 E1733.1331
G1 X212.335 Y191.075 E1733.23723
G1 X204.485 Y198.925 E1733.45416
G1 X207.788 Y198.925 E1733.5187
G1 X201.871 Y193.008 E1733.68221
G1 X201.075 Y193.008 E1733.69776
G1 X201.075 Y192.676 E1733.70425
G1 X201.871 Y192.676 E1733.7198
G1 X203.472 Y191.075 E1733.76405
G1 X208.801 Y191.075 E1733.86818
G1 X216.651 Y198.925 E1734.08511
G1 X213.348 Y198.925 E1734.14965
G1 X221.198 Y191.075 E1734.36658
G1 X228.925 Y191.075 E1734.51756
G1 X229.03 Y191.075
G1 F2400 E1728.51756
G0 F15000 X200.89 Y199.11
G0 X200.63 Y199.37
M204 S1250
;TYPE:WALL-INNER
G1 F2400 E1734.51756
G1 F7821.3 X229.37 Y199.37 E1735.01941
G1 X229.37 Y190.63 E1735.17202
G1 X200.63 Y190.63 E1735.67387
G1 X200.63 Y199.37 E1735.82648
M204 S2500
G0 F15000 X200.21 Y199.79
M204 S1250
;TYPE:WALL-OUTER
G1 F7500 X229.79 Y199.79 E1736.343
G1 X229.79 Y190.21 E1736.51028
G1 X200.21 Y190.21 E1737.02679
G1 X200.21 Y199.79 E1737.19407
M204 S2500
G0 F15000 X200.41 Y199.79
G0 X201.116 Y198.76
G1 F2400 E1731.19407
G0 F15000 X225.513 Y199.56
G0 X225.513 Y200.665
G0 X225.513 Y229.335
G0 X225.513 Y230.44
G0 X225.513 Y231.075
;TYPE:FILL
G1 F2400 E1737.19407
G1 F8142.6 X217.662 Y238.925 E1737.41102
G1 X212.336 Y238.925 E1737.51509
G1 X204.486 Y231.075 E1737.73202
G1 X207.787 Y231.075 E1737.79652
G1 X201.871 Y236.991 E1737.96
G1 X201.075 Y236.991 E1737.97556
G1 X201.075 Y237.323 E1737.98204
G1 X201.871 Y237.323 E1737.9976
G1 X203.474 Y238.925 E1738.04188
G1 X208.799 Y238.925 E1738.14593
G1 X216.65 Y231.075 E1738.36288
G1 X213.349 Y231.075 E1738.42738
G1 X221.199 Y238.925 E1738.64431
G1 X226.525 Y238.925 E1738.74838
G1 X228.127 Y237.323 E1738.79265
G1 X228.925 Y237.323 E1738.80824
G1 X228.925 Y236.991 E1738.81473
G1 X228.128 Y236.991 E1738.8303
G1 X222.212 Y231.075 E1738.99379
G1 X228.925 Y231.075 E1739.12496
G1 X229.03 Y231.075
G1 F2400 E1733.12496
G0 F15000 X200.89 Y230.89
G0 X200.63 Y230.63
M204 S1250
;TYPE:WALL-INNER
G1 F2400 E1739.12496
G1 F7821.3 X200.63 Y239.37 E1739.27758
G1 X229.37 Y239.37 E1739.77942
G1 X229.37 Y230.63 E1739.93204
G1 X200.63 Y230.63 E1740.43388
M204 S2500
G0 F15000 X200.21 Y230.21
M204 S1250
;TYPE:WALL-OUTER
G1 F7500 X200.21 Y239.79 E1740.60116
G1 X229.79 Y239.79 E1741.11768
G1 X229.79 Y230.21 E1741.28496
G1 X200.21 Y230.21 E1741.80147
M204 S2500
G0 F15000 X200.21 Y230.41
G0 X201.24 Y231.116
G1 F2400 E1735.80147
;MESH:NONMESH
G0 F600 X201.24 Y231.116 Z6.9
G0 F15000 X226.527 Y230.44
G0 X226.527 Y229.335
G0 X226.527 Y200.665
G0 X226.527 Y199.56
G0 X226.527 Y191.075
;TIME_ELAPSED:1214.949261
;LAYER:66
;note -- min layer time used
;TYPE:FILL
;MESH:table_soft_spacer_30x30-Body.stl
G1 F2400 E1741.80147
G1 F8142.6 X228.127 Y192.676 E1741.8457
G1 X228.925 Y192.676 E1741.86129
G1 X228.925 Y193.008 E1741.86778
G1 X228.128 Y193.008 E1741.88335
G1 X222.21 Y198.925 E1742.04688
G1 X225.514 Y198.925 E1742.11144
G1 X217.664 Y191.075 E1742.32837
G1 X212.335 Y191.075 E1742.4325
G1 X204.485 Y198.925 E1742.64943
G1 X207.788 Y198.925 E1742.71397
G1 X201.871 Y193.008 E1742.87748
G1 X201.075 Y193.008 E1742.89304
G1 X201.075 Y192.676 E1742.89952
G1 X201.871 Y192.676 E1742.91508
G1 X203.472 Y191.075 E1742.95932
G1 X208.801 Y191.075 E1743.06345
G1 X216.651 Y198.925 E1743.28038
G1 X213.348 Y198.925 E1743.34492
G1 X221.198 Y191.075 E1743.56185
G1 X228.925 Y191.075 E1743.71284
G1 X229.03 Y191.075
G1 F2400 E1737.71284
G0 F15000 X200.89 Y199.11
G0 X200.63 Y199.37
M204 S1250
;TYPE:WALL-INNER
G1 F2400 E1743.71284
G1 F7821.3 X229.37 Y199.37 E1744.21468
G1 X229.37 Y190.63 E1744.3673
G1 X200.63 Y190.63 E1744.86914
G1 X200.63 Y199.37 E1745.02176
M204 S2500
G0 F15000 X200.21 Y199.79
M204 S1250
;TYPE:WALL-OUTER
G1 F7500 X229.79 Y199.79 E1745.53827
G1 X229.79 Y190.21 E1745.70555
G1 X200.21 Y190.21 E1746.22206
G1 X200.21 Y199.79 E1746.38935
M204 S2500
G0 F15000 X200.41 Y199.79
G0 X201.116 Y198.76
G1 F2400 E1740.38935
G0 F15000 X225.513 Y199.56
G0 X225.513 Y200.665
G0 X225.513 Y229.335
G0 X225.513 Y230.44
G0 X225.513 Y231.075
;TYPE:FILL
G1 F2400 E1746.38935
G1 F8142.6 X217.662 Y238.925 E1746.60629
G1 X212.336 Y238.925 E1746.71036
G1 X204.486 Y231.075 E1746.92729
G1 X207.787 Y231.075 E1746.99179
G1 X201.871 Y236.991 E1747.15528
G1 X201.075 Y236.991 E1747.17083
G1 X201.075 Y237.323 E1747.17732
G1 X201.871 Y237.323 E1747.19287
G1 X203.474 Y238.925 E1747.23715
G1 X208.799 Y238.925 E1747.34121
G1 X216.65 Y231.075 E1747.55815
G1 X213.349 Y231.075 E1747.62265
G1 X221.199 Y238.925 E1747.83958
G1 X226.525 Y238.925 E1747.94365
G1 X228.127 Y237.323 E1747.98792
G1 X228.925 Y237.323 E1748.00352
G1 X228.925 Y236.991 E1748.01
G1 X228.128 Y236.991 E1748.02558
G1 X222.212 Y231.075 E1748.18906
G1 X228.925 Y231.075 E1748.32023
G1 X229.03 Y231.075
G1 F2400 E1742.32023
G0 F15000 X200.89 Y230.89
G0 X200.63 Y230.63
M204 S1250
;TYPE:WALL-INNER
G1 F2400 E1748.32023
G1 F7821.3 X200.63 Y239.37 E1748.47285
G1 X229.37 Y239.37 E1748.97469
G1 X229.37 Y230.63 E1749.12731
G1 X200.63 Y230.63 E1749.62915
M204 S2500
G0 F15000 X200.21 Y230.21
M204 S1250
;TYPE:WALL-OUTER
G1 F7500 X200.21 Y239.79 E1749.79644
G1 X229.79 Y239.79 E1750.31295
G1 X229.79 Y230.21 E1750.48023
G1 X200.21 Y230.21 E1750.99674
M204 S2500
G0 F15000 X200.21 Y230.41
G0 X201.24 Y231.116
G1 F2400 E1744.99674
;MESH:NONMESH
G0 F600 X201.24 Y231.116 Z7
G0 F15000 X226.527 Y230.44
G0 X226.527 Y229.335
G0 X226.527 Y200.665
G0 X226.527 Y199.56
G0 X226.527 Y191.075
;TIME_ELAPSED:1224.646345
;LAYER:67
;note -- min layer time used
;TYPE:FILL
;MESH:table_soft_spacer_30x30-Body.stl
G1 F2400 E1750.99674
G1 F8142.6 X228.127 Y192.676 E1751.04097
G1 X228.925 Y192.676 E1751.05657
G1 X228.925 Y193.008 E1751.06305
G1 X228.128 Y193.008 E1751.07863
G1 X222.21 Y198.925 E1751.24215
G1 X225.514 Y198.925 E1751.30671
G1 X217.664 Y191.075 E1751.52364
G1 X212.335 Y191.075 E1751.62777
G1 X204.485 Y198.925 E1751.8447
G1 X207.788 Y198.925 E1751.90924
G1 X201.871 Y193.008 E1752.07275
G1 X201.075 Y193.008 E1752.08831
G1 X201.075 Y192.676 E1752.0948
G1 X201.871 Y192.676 E1752.11035
G1 X203.472 Y191.075 E1752.15459
G1 X208.801 Y191.075 E1752.25872
G1 X216.651 Y198.925 E1752.47565
G1 X213.348 Y198.925 E1752.54019
G1 X221.198 Y191.075 E1752.75712
G1 X228.925 Y191.075 E1752.90811
G1 X229.03 Y191.075
G1 F2400 E1746.90811
G0 F15000 X200.89 Y199.11
G0 X200.63 Y199.37
M204 S1250
;TYPE:WALL-INNER
G1 F2400 E1752.90811
G1 F7821.3 X229.37 Y199.37 E1753.40995
G1 X229.37 Y190.63 E1753.56257
G1 X200.63 Y190.63 E1754.06441
G1 X200.63 Y199.37 E1754.21703
M204 S2500
G0 F15000 X200.21 Y199.79
M204 S1250
;TYPE:WALL-OUTER
G1 F7500 X229.79 Y199.79 E1754.73354
G1 X229.79 Y190.21 E1754.90082
G1 X200.21 Y190.21 E1755.41734
G1 X200.21 Y199.79 E1755.58462
M204 S2500
G0 F15000 X200.41 Y199.79
G0 X201.116 Y198.76
G1 F2400 E1749.58462
G0 F15000 X225.513 Y199.56
G0 X225.513 Y200.665
G0 X225.513 Y229.335
G0 X225.513 Y230.44
G0 X225.513 Y231.075
;TYPE:FILL
G1 F2400 E1755.58462
G1 F8142.6 X217.662 Y238.925 E1755.80156
G1 X212.336 Y238.925 E1755.90563
G1 X204.486 Y231.075 E1756.12256
G1 X207.787 Y231.075 E1756.18706
G1 X201.871 Y236.991 E1756.35055
G1 X201.075 Y236.991 E1756.3661
G1 X201.075 Y237.323 E1756.37259
G1 X201.871 Y237.323 E1756.38814
G1 X203.474 Y238.925 E1756.43243
G1 X208.799 Y238.925 E1756.53648
G1 X216.65 Y231.075 E1756.75342
G1 X213.349 Y231.075 E1756.81792
G1 X221.199 Y238.925 E1757.03485
G1 X226.525 Y238.925 E1757.13892
G1 X228.127 Y237.323 E1757.18319
G1 X228.925 Y237.323 E1757.19879
G1 X228.925 Y236.991 E1757.20528
G1 X228.128 Y236.991 E1757.22085
G1 X222.212 Y231.075 E1757.38433
G1 X228.925 Y231.075 E1757.51551
G1 X229.03 Y231.075
G1 F2400 E1751.51551
G0 F15000 X200.89 Y230.89
G0 X200.63 Y230.63
M204 S1250
;TYPE:WALL-INNER
G1 F2400 E1757.51551
G1 F7821.3 X200.63 Y239.37 E1757.66812
G1 X229.37 Y239.37 E1758.16997
G1 X229.37 Y230.63 E1758.32258
G1 X200.63 Y230.63 E1758.82443
M204 S2500
G0 F15000 X200.21 Y230.21
M204 S1250
;TYPE:WALL-OUTER
G1 F7500 X200.21 Y239.79 E1758.99171
G1 X229.79 Y239.79 E1759.50822
G1 X229.79 Y230.21 E1759.6755
G1 X200.21 Y230.21 E1760.19202
M204 S2500
G0 F15000 X200.21 Y230.41
G0 X201.24 Y231.116
G1 F2400 E1754.19202
;MESH:NONMESH
G0 F600 X201.24 Y231.116 Z7.1
G0 F15000 X226.527 Y230.44
G0 X226.527 Y229.335
G0 X226.527 Y200.665
G0 X226.527 Y199.56
G0 X226.527 Y191.075
;TIME_ELAPSED:1234.343430
;LAYER:68
;note -- min layer time used
;TYPE:FILL
;MESH:table_soft_spacer_30x30-Body.stl
G1 F2400 E1760.19202
G1 F8142.6 X228.127 Y192.676 E1760.23625
G1 X228.925 Y192.676 E1760.25184
G1 X228.925 Y193.008 E1760.25833
G1 X228.128 Y193.008 E1760.2739
G1 X222.21 Y198.925 E1760.43742
G1 X225.514 Y198.925 E1760.50199
G1 X217.664 Y191.075 E1760.71891
G1 X212.335 Y191.075 E1760.82304
G1 X204.485 Y198.925 E1761.03997
G1 X207.788 Y198.925 E1761.10451
G1 X201.871 Y193.008 E1761.26803
G1 X201.075 Y193.008 E1761.28358
G1 X201.075 Y192.676 E1761.29007
G1 X201.871 Y192.676 E1761.30562
G1 X203.472 Y191.075 E1761.34986
G1 X208.801 Y191.075 E1761.45399
G1 X216.651 Y198.925 E1761.67092
G1 X213.348 Y198.925 E1761.73547
G1 X221.198 Y191.075 E1761.95239
G1 X228.925 Y191.075 E1762.10338
G1 X229.03 Y191.075
G1 F2400 E1756.10338
G0 F15000 X200.89 Y199.11
G0 X200.63 Y199.37
M204 S1250
;TYPE:WALL-INNER
G1 F2400 E1762.10338
G1 F7821.3 X229.37 Y199.37 E1762.60523
G1 X229.37 Y190.63 E1762.75784
G1 X200.63 Y190.63 E1763.25969
G1 X200.63 Y199.37 E1763.4123
M204 S2500
G0 F15000 X200.21 Y199.79
M204 S1250
;TYPE:WALL-OUTER
G1 F7500 X229.79 Y199.79 E1763.92881
G1 X229.79 Y190.21 E1764.0961
G1 X200.21 Y190.21 E1764.61261
G1 X200.21 Y199.79 E1764.77989
M204 S2500
G0 F15000 X200.41 Y199.79
G0 X201.116 Y198.76
G1 F2400 E1758.77989
G0 F15000 X225.513 Y199.56
G0 X225.513 Y200.665
G0 X225.513 Y229.335
G0 X225.513 Y230.44
G0 X225.513 Y231.075
;TYPE:FILL
G1 F2400 E1764.77989
G1 F8142.6 X217.662 Y238.925 E1764.99683
G1 X212.336 Y238.925 E1765.10091
G1 X204.486 Y231.075 E1765.31783
G1 X207.787 Y231.075 E1765.38234
G1 X201.871 Y236.991 E1765.54582
G1 X201.075 Y236.991 E1765.56137
G1 X201.075 Y237.323 E1765.56786
G1 X201.871 Y237.323 E1765.58342
G1 X203.474 Y238.925 E1765.6277
G1 X208.799 Y238.925 E1765.73175
G1 X216.65 Y231.075 E1765.94869
G1 X213.349 Y231.075 E1766.0132
G1 X221.199 Y238.925 E1766.23013
G1 X226.525 Y238.925 E1766.3342
G1 X228.127 Y237.323 E1766.37847
G1 X228.925 Y237.323 E1766.39406
G1 X228.925 Y236.991 E1766.40055
G1 X228.128 Y236.991 E1766.41612
G1 X222.212 Y231.075 E1766.57961
G1 X228.925 Y231.075 E1766.71078
G1 X229.03 Y231.075
G1 F2400 E1760.71078
G0 F15000 X200.89 Y230.89
G0 X200.63 Y230.63
M204 S1250
;TYPE:WALL-INNER
G1 F2400 E1766.71078
G1 F7821.3 X200.63 Y239.37 E1766.86339
G1 X229.37 Y239.37 E1767.36524
G1 X229.37 Y230.63 E1767.51785
G1 X200.63 Y230.63 E1768.0197
M204 S2500
G0 F15000 X200.21 Y230.21
M204 S1250
;TYPE:WALL-OUTER
G1 F7500 X200.21 Y239.79 E1768.18698
G1 X229.79 Y239.79 E1768.70349
G1 X229.79 Y230.21 E1768.87078
G1 X200.21 Y230.21 E1769.38729
M204 S2500
G0 F15000 X200.21 Y230.41
G0 X201.24 Y231.116
G1 F2400 E1763.38729
;MESH:NONMESH
G0 F600 X201.24 Y231.116 Z7.2
G0 F15000 X226.527 Y230.44
G0 X226.527 Y229.335
G0 X226.527 Y200.665
G0 X226.527 Y199.56
G0 X226.527 Y191.075
;TIME_ELAPSED:1244.040515
;LAYER:69
;note -- min layer time used
;TYPE:FILL
;MESH:table_soft_spacer_30x30-Body.stl
G1 F2400 E1769.38729
G1 F8142.6 X228.127 Y192.676 E1769.43152
G1 X228.925 Y192.676 E1769.44711
G1 X228.925 Y193.008 E1769.4536
G1 X228.128 Y193.008 E1769.46917
G1 X222.21 Y198.925 E1769.6327
G1 X225.514 Y198.925 E1769.69726
G1 X217.664 Y191.075 E1769.91419
G1 X212.335 Y191.075 E1770.01832
G1 X204.485 Y198.925 E1770.23525
G1 X207.788 Y198.925 E1770.29979
G1 X201.871 Y193.008 E1770.4633
G1 X201.075 Y193.008 E1770.47885
G1 X201.075 Y192.676 E1770.48534
G1 X201.871 Y192.676 E1770.50089
G1 X203.472 Y191.075 E1770.54514
G1 X208.801 Y191.075 E1770.64927
G1 X216.651 Y198.925 E1770.8662
G1 X213.348 Y198.925 E1770.93074
G1 X221.198 Y191.075 E1771.14767
G1 X228.925 Y191.075 E1771.29865
G1 X229.03 Y191.075
G1 F2400 E1765.29865
G0 F15000 X200.89 Y199.11
G0 X200.63 Y199.37
M204 S1250
;TYPE:WALL-INNER
G1 F2400 E1771.29865
G1 F7821.3 X229.37 Y199.37 E1771.8005
G1 X229.37 Y190.63 E1771.95311
G1 X200.63 Y190.63 E1772.45496
G1 X200.63 Y199.37 E1772.60757
M204 S2500
G0 F15000 X200.21 Y199.79
M204 S1250
;TYPE:WALL-OUTER
G1 F7500 X229.79 Y199.79 E1773.12409
G1 X229.79 Y190.21 E1773.29137
G1 X200.21 Y190.21 E1773.80788
G1 X200.21 Y199.79 E1773.97516
M204 S2500
G0 F15000 X200.41 Y199.79
G0 X201.116 Y198.76
G1 F2400 E1767.97516
G0 F15000 X225.513 Y199.56
G0 X225.513 Y200.665
G0 X225.513 Y229.335
G0 X225.513 Y230.44
G0 X225.513 Y231.075
;TYPE:FILL
G1 F2400 E1773.97516
G1 F8142.6 X217.662 Y238.925 E1774.19211
G1 X212.336 Y238.925 E1774.29618
G1 X204.486 Y231.075 E1774.51311
G1 X207.787 Y231.075 E1774.57761
G1 X201.871 Y236.991 E1774.74109
G1 X201.075 Y236.991 E1774.75665
G1 X201.075 Y237.323 E1774.76313
G1 X201.871 Y237.323 E1774.77869
G1 X203.474 Y238.925 E1774.82297
G1 X208.799 Y238.925 E1774.92702
G1 X216.65 Y231.075 E1775.14397
G1 X213.349 Y231.075 E1775.20847
G1 X221.199 Y238.925 E1775.4254
G1 X226.525 Y238.925 E1775.52947
G1 X228.127 Y237.323 E1775.57374
G1 X228.925 Y237.323 E1775.58933
G1 X228.925 Y236.991 E1775.59582
G1 X228.128 Y236.991 E1775.61139
G1 X222.212 Y231.075 E1775.77488
G1 X228.925 Y231.075 E1775.90605
G1 X229.03 Y231.075
G1 F2400 E1769.90605
G0 F15000 X200.89 Y230.89
G0 X200.63 Y230.63
M204 S1250
;TYPE:WALL-INNER
G1 F2400 E1775.90605
G1 F7821.3 X200.63 Y239.37 E1776.05867
G1 X229.37 Y239.37 E1776.56051
G1 X229.37 Y230.63 E1776.71313
G1 X200.63 Y230.63 E1777.21497
M204 S2500
G0 F15000 X200.21 Y230.21
M204 S1250
;TYPE:WALL-OUTER
G1 F7500 X200.21 Y239.79 E1777.38225
G1 X229.79 Y239.79 E1777.89877
G1 X229.79 Y230.21 E1778.06605
G1 X200.21 Y230.21 E1778.58256
M204 S2500
G0 F15000 X200.21 Y230.41
G0 X201.24 Y231.116
G1 F2400 E1772.58256
;MESH:NONMESH
G0 F600 X201.24 Y231.116 Z7.3
G0 F15000 X226.527 Y230.44
G0 X226.527 Y229.335
G0 X226.527 Y200.665
G0 X226.527 Y199.56
G0 X226.527 Y191.075
;TIME_ELAPSED:1253.737599
;LAYER:70
;note -- min layer time used
;TYPE:FILL
;MESH:table_soft_spacer_30x30-Body.stl
G1 F2400 E1778.58256
G1 F8142.6 X228.127 Y192.676 E1778.62679
G1 X228.925 Y192.676 E1778.64238
G1 X228.925 Y193.008 E1778.64887
G1 X228.128 Y193.008 E1778.66444
G1 X222.21 Y198.925 E1778.82797
G1 X225.514 Y198.925 E1778.89253
G1 X217.664 Y191.075 E1779.10946
G1 X212.335 Y191.075 E1779.21359
G1 X204.485 Y198.925 E1779.43052
G1 X207.788 Y198.925 E1779.49506
G1 X201.871 Y193.008 E1779.65857
G1 X201.075 Y193.008 E1779.67413
G1 X201.075 Y192.676 E1779.68061
G1 X201.871 Y192.676 E1779.69617
G1 X203.472 Y191.075 E1779.74041
G1 X208.801 Y191.075 E1779.84454
G1 X216.651 Y198.925 E1780.06147
G1 X213.348 Y198.925 E1780.12601
G1 X221.198 Y191.075 E1780.34294
G1 X228.925 Y191.075 E1780.49393
G1 X229.03 Y191.075
G1 F2400 E1774.49393
G0 F15000 X200.89 Y199.11
G0 X200.63 Y199.37
M204 S1250
;TYPE:WALL-INNER
G1 F2400 E1780.49393
G1 F7821.3 X229.37 Y199.37 E1780.99577
G1 X229.37 Y190.63 E1781.14839
G1 X200.63 Y190.63 E1781.65023
G1 X200.63 Y199.37 E1781.80285
M204 S2500
G0 F15000 X200.21 Y199.79
M204 S1250
;TYPE:WALL-OUTER
G1 F7500 X229.79 Y199.79 E1782.31936
G1 X229.79 Y190.21 E1782.48664
G1 X200.21 Y190.21 E1783.00315
G1 X200.21 Y199.79 E1783.17044
M204 S2500
G0 F15000 X200.41 Y199.79
G0 X201.116 Y198.76
G1 F2400 E1777.17044
G0 F15000 X225.513 Y199.56
G0 X225.513 Y200.665
G0 X225.513 Y229.335
G0 X225.513 Y230.44
G0 X225.513 Y231.075
;TYPE:FILL
G1 F2400 E1783.17044
G1 F8142.6 X217.662 Y238.925 E1783.38738
G1 X212.336 Y238.925 E1783.49145
G1 X204.486 Y231.075 E1783.70838
G1 X207.787 Y231.075 E1783.77288
G1 X201.871 Y236.991 E1783.93637
G1 X201.075 Y236.991 E1783.95192
G1 X201.075 Y237.323 E1783.95841
G1 X201.871 Y237.323 E1783.97396
G1 X203.474 Y238.925 E1784.01824
G1 X208.799 Y238.925 E1784.1223
G1 X216.65 Y231.075 E1784.33924
G1 X213.349 Y231.075 E1784.40374
G1 X221.199 Y238.925 E1784.62067
G1 X226.525 Y238.925 E1784.72474
G1 X228.127 Y237.323 E1784.76901
G1 X228.925 Y237.323 E1784.78461
G1 X228.925 Y236.991 E1784.79109
G1 X228.128 Y236.991 E1784.80667
G1 X222.212 Y231.075 E1784.97015
G1 X228.925 Y231.075 E1785.10132
G1 X229.03 Y231.075
G1 F2400 E1779.10132
G0 F15000 X200.89 Y230.89
G0 X200.63 Y230.63
M204 S1250
;TYPE:WALL-INNER
G1 F2400 E1785.10132
G1 F7821.3 X200.63 Y239.37 E1785.25394
G1 X229.37 Y239.37 E1785.75578
G1 X229.37 Y230.63 E1785.9084
G1 X200.63 Y230.63 E1786.41024
M204 S2500
G0 F15000 X200.21 Y230.21
M204 S1250
;TYPE:WALL-OUTER
G1 F7500 X200.21 Y239.79 E1786.57753
G1 X229.79 Y239.79 E1787.09404
G1 X229.79 Y230.21 E1787.26132
G1 X200.21 Y230.21 E1787.77783
M204 S2500
G0 F15000 X200.21 Y230.41
G0 X201.24 Y231.116
G1 F2400 E1781.77783
;MESH:NONMESH
G0 F600 X201.24 Y231.116 Z7.4
G0 F15000 X226.527 Y230.44
G0 X226.527 Y229.335
G0 X226.527 Y200.665
G0 X226.527 Y199.56
G0 X226.527 Y191.075
;TIME_ELAPSED:1263.434684
;LAYER:71
;note -- min layer time used
;TYPE:FILL
;MESH:table_soft_spacer_30x30-Body.stl
G1 F2400 E1787.77783
G1 F8142.6 X228.127 Y192.676 E1787.82206
G1 X228.925 Y192.676 E1787.83766
G1 X228.925 Y193.008 E1787.84414
G1 X228.128 Y193.008 E1787.85972
G1 X222.21 Y198.925 E1788.02324
G1 X225.514 Y198.925 E1788.0878
G1 X217.664 Y191.075 E1788.30473
G1 X212.335 Y191.075 E1788.40886
G1 X204.485 Y198.925 E1788.62579
G1 X207.788 Y198.925 E1788.69033
G1 X201.871 Y193.008 E1788.85384
G1 X201.075 Y193.008 E1788.8694
G1 X201.075 Y192.676 E1788.87589
G1 X201.871 Y192.676 E1788.89144
G1 X203.472 Y191.075 E1788.93568
G1 X208.801 Y191.075 E1789.03981
G1 X216.651 Y198.925 E1789.25674
G1 X213.348 Y198.925 E1789.32128
G1 X221.198 Y191.075 E1789.53821
G1 X228.925 Y191.075 E1789.6892
G1 X229.03 Y191.075
G1 F2400 E1783.6892
G0 F15000 X200.89 Y199.11
G0 X200.63 Y199.37
M204 S1250
;TYPE:WALL-INNER
G1 F2400 E1789.6892
G1 F7821.3 X229.37 Y199.37 E1790.19104
G1 X229.37 Y190.63 E1790.34366
G1 X200.63 Y190.63 E1790.8455
G1 X200.63 Y199.37 E1790.99812
M204 S2500
G0 F15000 X200.21 Y199.79
M204 S1250
;TYPE:WALL-OUTER
G1 F7500 X229.79 Y199.79 E1791.51463
G1 X229.79 Y190.21 E1791.68191
G1 X200.21 Y190.21 E1792.19843
G1 X200.21 Y199.79 E1792.36571
M204 S2500
G0 F15000 X200.41 Y199.79
G0 X201.116 Y198.76
G1 F2400 E1786.36571
G0 F15000 X225.513 Y199.56
G0 X225.513 Y200.665
G0 X225.513 Y229.335
G0 X225.513 Y230.44
G0 X225.513 Y231.075
;TYPE:FILL
G1 F2400 E1792.36571
G1 F8142.6 X217.662 Y238.925 E1792.58265
G1 X212.336 Y238.925 E1792.68672
G1 X204.486 Y231.075 E1792.90365
G1 X207.787 Y231.075 E1792.96815
G1 X201.871 Y236.991 E1793.13164
G1 X201.075 Y236.991 E1793.14719
G1 X201.075 Y237.323 E1793.15368
G1 X201.871 Y237.323 E1793.16923
G1 X203.474 Y238.925 E1793.21352
G1 X208.799 Y238.925 E1793.31757
G1 X216.65 Y231.075 E1793.53451
G1 X213.349 Y231.075 E1793.59901
G1 X221.199 Y238.925 E1793.81594
G1 X226.525 Y238.925 E1793.92001
G1 X228.127 Y237.323 E1793.96428
G1 X228.925 Y237.323 E1793.97988
G1 X228.925 Y236.991 E1793.98637
G1 X228.128 Y236.991 E1794.00194
G1 X222.212 Y231.075 E1794.16542
G1 X228.925 Y231.075 E1794.2966
G1 X229.03 Y231.075
G1 F2400 E1788.2966
G0 F15000 X200.89 Y230.89
G0 X200.63 Y230.63
M204 S1250
;TYPE:WALL-INNER
G1 F2400 E1794.2966
G1 F7821.3 X200.63 Y239.37 E1794.44921
G1 X229.37 Y239.37 E1794.95106
G1 X229.37 Y230.63 E1795.10367
G1 X200.63 Y230.63 E1795.60552
M204 S2500
G0 F15000 X200.21 Y230.21
M204 S1250
;TYPE:WALL-OUTER
G1 F7500 X200.21 Y239.79 E1795.7728
G1 X229.79 Y239.79 E1796.28931
G1 X229.79 Y230.21 E1796.45659
G1 X200.21 Y230.21 E1796.97311
M204 S2500
G0 F15000 X200.21 Y230.41
G0 X201.24 Y231.116
G1 F2400 E1790.97311
;MESH:NONMESH
G0 F600 X201.24 Y231.116 Z7.5
G0 F15000 X226.527 Y230.44
G0 X226.527 Y229.335
G0 X226.527 Y200.665
G0 X226.527 Y199.56
G0 X226.527 Y191.075
;TIME_ELAPSED:1273.131769
;LAYER:72
;note -- min layer time used
;TYPE:FILL
;MESH:table_soft_spacer_30x30-Body.stl
G1 F2400 E1796.97311
G1 F8142.6 X228.127 Y192.676 E1797.01734
G1 X228.925 Y192.676 E1797.03293
G1 X228.925 Y193.008 E1797.03942
G1 X228.128 Y193.008 E1797.05499
G1 X222.21 Y198.925 E1797.21851
G1 X225.514 Y198.925 E1797.28308
G1 X217.664 Y191.075 E1797.5
G1 X212.335 Y191.075 E1797.60413
G1 X204.485 Y198.925 E1797.82106
G1 X207.788 Y198.925 E1797.8856
G1 X201.871 Y193.008 E1798.04912
G1 X201.075 Y193.008 E1798.06467
G1 X201.075 Y192.676 E1798.07116
G1 X201.871 Y192.676 E1798.08671
G1 X203.472 Y191.075 E1798.13095
G1 X208.801 Y191.075 E1798.23508
G1 X216.651 Y198.925 E1798.45201
G1 X213.348 Y198.925 E1798.51656
G1 X221.198 Y191.075 E1798.73348
G1 X228.925 Y191.075 E1798.88447
G1 X229.03 Y191.075
G1 F2400 E1792.88447
G0 F15000 X200.89 Y199.11
G0 X200.63 Y199.37
M204 S1250
;TYPE:WALL-INNER
G1 F2400 E1798.88447
G1 F7821.3 X229.37 Y199.37 E1799.38632
G1 X229.37 Y190.63 E1799.53893
G1 X200.63 Y190.63 E1800.04078
G1 X200.63 Y199.37 E1800.19339
M204 S2500
G0 F15000 X200.21 Y199.79
M204 S1250
;TYPE:WALL-OUTER
G1 F7500 X229.79 Y199.79 E1800.7099
G1 X229.79 Y190.21 E1800.87719
G1 X200.21 Y190.21 E1801.3937
G1 X200.21 Y199.79 E1801.56098
M204 S2500
G0 F15000 X200.41 Y199.79
G0 X201.116 Y198.76
G1 F2400 E1795.56098
G0 F15000 X225.513 Y199.56
G0 X225.513 Y200.665
G0 X225.513 Y229.335
G0 X225.513 Y230.44
G0 X225.513 Y231.075
;TYPE:FILL
G1 F2400 E1801.56098
G1 F8142.6 X217.662 Y238.925 E1801.77792
G1 X212.336 Y238.925 E1801.882
G1 X204.486 Y231.075 E1802.09892
G1 X207.787 Y231.075 E1802.16343
G1 X201.871 Y236.991 E1802.32691
G1 X201.075 Y236.991 E1802.34246
G1 X201.075 Y237.323 E1802.34895
G1 X201.871 Y237.323 E1802.36451
G1 X203.474 Y238.925 E1802.40879
G1 X208.799 Y238.925 E1802.51284
G1 X216.65 Y231.075 E1802.72978
G1 X213.349 Y231.075 E1802.79429
G1 X221.199 Y238.925 E1803.01122
G1 X226.525 Y238.925 E1803.11529
G1 X228.127 Y237.323 E1803.15956
G1 X228.925 Y237.323 E1803.17515
G1 X228.925 Y236.991 E1803.18164
G1 X228.128 Y236.991 E1803.19721
G1 X222.212 Y231.075 E1803.3607
G1 X228.925 Y231.075 E1803.49187
G1 X229.03 Y231.075
G1 F2400 E1797.49187
G0 F15000 X200.89 Y230.89
G0 X200.63 Y230.63
M204 S1250
;TYPE:WALL-INNER
G1 F2400 E1803.49187
G1 F7821.3 X200.63 Y239.37 E1803.64448
G1 X229.37 Y239.37 E1804.14633
G1 X229.37 Y230.63 E1804.29894
G1 X200.63 Y230.63 E1804.80079
M204 S2500
G0 F15000 X200.21 Y230.21
M204 S1250
;TYPE:WALL-OUTER
G1 F7500 X200.21 Y239.79 E1804.96807
G1 X229.79 Y239.79 E1805.48458
G1 X229.79 Y230.21 E1805.65187
G1 X200.21 Y230.21 E1806.16838
M204 S2500
G0 F15000 X200.21 Y230.41
G0 X201.24 Y231.116
G1 F2400 E1800.16838
;MESH:NONMESH
G0 F600 X201.24 Y231.116 Z7.6
G0 F15000 X226.527 Y230.44
G0 X226.527 Y229.335
G0 X226.527 Y200.665
G0 X226.527 Y199.56
G0 X226.527 Y191.075
;TIME_ELAPSED:1282.828853
;LAYER:73
;note -- min layer time used
;TYPE:FILL
;MESH:table_soft_spacer_30x30-Body.stl
G1 F2400 E1806.16838
G1 F8142.6 X228.127 Y192.676 E1806.21261
G1 X228.925 Y192.676 E1806.2282
G1 X228.925 Y193.008 E1806.23469
G1 X228.128 Y193.008 E1806.25026
G1 X222.21 Y198.925 E1806.41379
G1 X225.514 Y198.925 E1806.47835
G1 X217.664 Y191.075 E1806.69528
G1 X212.335 Y191.075 E1806.79941
G1 X204.485 Y198.925 E1807.01634
G1 X207.788 Y198.925 E1807.08088
G1 X201.871 Y193.008 E1807.24439
G1 X201.075 Y193.008 E1807.25994
G1 X201.075 Y192.676 E1807.26643
G1 X201.871 Y192.676 E1807.28198
G1 X203.472 Y191.075 E1807.32623
G1 X208.801 Y191.075 E1807.43036
G1 X216.651 Y198.925 E1807.64729
G1 X213.348 Y198.925 E1807.71183
G1 X221.198 Y191.075 E1807.92876
G1 X228.925 Y191.075 E1808.07974
G1 X229.03 Y191.075
G1 F2400 E1802.07974
G0 F15000 X200.89 Y199.11
G0 X200.63 Y199.37
M204 S1250
;TYPE:WALL-INNER
G1 F2400 E1808.07974
G1 F7821.3 X229.37 Y199.37 E1808.58159
G1 X229.37 Y190.63 E1808.7342
G1 X200.63 Y190.63 E1809.23605
G1 X200.63 Y199.37 E1809.38866
M204 S2500
G0 F15000 X200.21 Y199.79
M204 S1250
;TYPE:WALL-OUTER
G1 F7500 X229.79 Y199.79 E1809.90518
G1 X229.79 Y190.21 E1810.07246
G1 X200.21 Y190.21 E1810.58897
G1 X200.21 Y199.79 E1810.75625
M204 S2500
G0 F15000 X200.41 Y199.79
G0 X201.116 Y198.76
G1 F2400 E1804.75625
G0 F15000 X225.513 Y199.56
G0 X225.513 Y200.665
G0 X225.513 Y229.335
G0 X225.513 Y230.44
G0 X225.513 Y231.075
;TYPE:FILL
G1 F2400 E1810.75625
G1 F8142.6 X217.662 Y238.925 E1810.9732
G1 X212.336 Y238.925 E1811.07727
G1 X204.486 Y231.075 E1811.2942
G1 X207.787 Y231.075 E1811.3587
G1 X201.871 Y236.991 E1811.52218
G1 X201.075 Y236.991 E1811.53774
G1 X201.075 Y237.323 E1811.54422
G1 X201.871 Y237.323 E1811.55978
G1 X203.474 Y238.925 E1811.60406
G1 X208.799 Y238.925 E1811.70811
G1 X216.65 Y231.075 E1811.92506
G1 X213.349 Y231.075 E1811.98956
G1 X221.199 Y238.925 E1812.20649
G1 X226.525 Y238.925 E1812.31056
G1 X228.127 Y237.323 E1812.35483
G1 X228.925 Y237.323 E1812.37042
G1 X228.925 Y236.991 E1812.37691
G1 X228.128 Y236.991 E1812.39248
G1 X222.212 Y231.075 E1812.55597
G1 X228.925 Y231.075 E1812.68714
G1 X229.03 Y231.075
G1 F2400 E1806.68714
G0 F15000 X200.89 Y230.89
G0 X200.63 Y230.63
M204 S1250
;TYPE:WALL-INNER
G1 F2400 E1812.68714
G1 F7821.3 X200.63 Y239.37 E1812.83976
G1 X229.37 Y239.37 E1813.3416
G1 X229.37 Y230.63 E1813.49422
G1 X200.63 Y230.63 E1813.99606
M204 S2500
G0 F15000 X200.21 Y230.21
M204 S1250
;TYPE:WALL-OUTER
G1 F7500 X200.21 Y239.79 E1814.16334
G1 X229.79 Y239.79 E1814.67986
G1 X229.79 Y230.21 E1814.84714
G1 X200.21 Y230.21 E1815.36365
M204 S2500
G0 F15000 X200.21 Y230.41
G0 X201.24 Y231.116
G1 F2400 E1809.36365
;MESH:NONMESH
G0 F600 X201.24 Y231.116 Z7.7
G0 F15000 X226.527 Y230.44
G0 X226.527 Y229.335
G0 X226.527 Y200.665
G0 X226.527 Y199.56
G0 X226.527 Y191.075
;TIME_ELAPSED:1292.525938
;LAYER:74
;note -- min layer time used
;TYPE:FILL
;MESH:table_soft_spacer_30x30-Body.stl
G1 F2400 E1815.36365
G1 F8142.6 X228.127 Y192.676 E1815.40788
G1 X228.925 Y192.676 E1815.42347
G1 X228.925 Y193.008 E1815.42996
G1 X228.128 Y193.008 E1815.44553
G1 X222.21 Y198.925 E1815.60906
G1 X225.514 Y198.925 E1815.67362
G1 X217.664 Y191.075 E1815.89055
G1 X212.335 Y191.075 E1815.99468
G1 X204.485 Y198.925 E1816.21161
G1 X207.788 Y198.925 E1816.27615
G1 X201.871 Y193.008 E1816.43966
G1 X201.075 Y193.008 E1816.45522
G1 X201.075 Y192.676 E1816.4617
G1 X201.871 Y192.676 E1816.47726
G1 X203.472 Y191.075 E1816.5215
G1 X208.801 Y191.075 E1816.62563
G1 X216.651 Y198.925 E1816.84256
G1 X213.348 Y198.925 E1816.9071
G1 X221.198 Y191.075 E1817.12403
G1 X228.925 Y191.075 E1817.27502
G1 X229.03 Y191.075
G1 F2400 E1811.27502
G0 F15000 X200.89 Y199.11
G0 X200.63 Y199.37
M204 S1250
;TYPE:WALL-INNER
G1 F2400 E1817.27502
G1 F7821.3 X229.37 Y199.37 E1817.77686
G1 X229.37 Y190.63 E1817.92948
G1 X200.63 Y190.63 E1818.43132
G1 X200.63 Y199.37 E1818.58394
M204 S2500
G0 F15000 X200.21 Y199.79
M204 S1250
;TYPE:WALL-OUTER
G1 F7500 X229.79 Y199.79 E1819.10045
G1 X229.79 Y190.21 E1819.26773
G1 X200.21 Y190.21 E1819.78424
G1 X200.21 Y199.79 E1819.95153
M204 S2500
G0 F15000 X200.41 Y199.79
G0 X201.116 Y198.76
G1 F2400 E1813.95153
G0 F15000 X225.513 Y199.56
G0 X225.513 Y200.665
G0 X225.513 Y229.335
G0 X225.513 Y230.44
G0 X225.513 Y231.075
;TYPE:FILL
G1 F2400 E1819.95153
G1 F8142.6 X217.662 Y238.925 E1820.16847
G1 X212.336 Y238.925 E1820.27254
G1 X204.486 Y231.075 E1820.48947
G1 X207.787 Y231.075 E1820.55397
G1 X201.871 Y236.991 E1820.71746
G1 X201.075 Y236.991 E1820.73301
G1 X201.075 Y237.323 E1820.7395
G1 X201.871 Y237.323 E1820.75505
G1 X203.474 Y238.925 E1820.79933
G1 X208.799 Y238.925 E1820.90339
G1 X216.65 Y231.075 E1821.12033
G1 X213.349 Y231.075 E1821.18483
G1 X221.199 Y238.925 E1821.40176
G1 X226.525 Y238.925 E1821.50583
G1 X228.127 Y237.323 E1821.5501
G1 X228.925 Y237.323 E1821.5657
G1 X228.925 Y236.991 E1821.57218
G1 X228.128 Y236.991 E1821.58776
G1 X222.212 Y231.075 E1821.75124
G1 X228.925 Y231.075 E1821.88241
G1 X229.03 Y231.075
G1 F2400 E1815.88241
G0 F15000 X200.89 Y230.89
G0 X200.63 Y230.63
M204 S1250
;TYPE:WALL-INNER
G1 F2400 E1821.88241
G1 F7821.3 X200.63 Y239.37 E1822.03503
G1 X229.37 Y239.37 E1822.53687
G1 X229.37 Y230.63 E1822.68949
G1 X200.63 Y230.63 E1823.19133
M204 S2500
G0 F15000 X200.21 Y230.21
M204 S1250
;TYPE:WALL-OUTER
G1 F7500 X200.21 Y239.79 E1823.35862
G1 X229.79 Y239.79 E1823.87513
G1 X229.79 Y230.21 E1824.04241
G1 X200.21 Y230.21 E1824.55892
M204 S2500
G0 F15000 X200.21 Y230.41
G0 X201.24 Y231.116
G1 F2400 E1818.55892
;MESH:NONMESH
G0 F600 X201.24 Y231.116 Z7.8
G0 F15000 X226.527 Y230.44
G0 X226.527 Y229.335
G0 X226.527 Y200.665
G0 X226.527 Y199.56
G0 X226.527 Y191.075
;TIME_ELAPSED:1302.223023
;LAYER:75
;note -- min layer time used
;TYPE:FILL
;MESH:table_soft_spacer_30x30-Body.stl
G1 F2400 E1824.55892
G1 F8142.6 X228.127 Y192.676 E1824.60315
G1 X228.925 Y192.676 E1824.61875
G1 X228.925 Y193.008 E1824.62523
G1 X228.128 Y193.008 E1824.64081
G1 X222.21 Y198.925 E1824.80433
G1 X225.514 Y198.925 E1824.86889
G1 X217.664 Y191.075 E1825.08582
G1 X212.335 Y191.075 E1825.18995
G1 X204.485 Y198.925 E1825.40688
G1 X207.788 Y198.925 E1825.47142
G1 X201.871 Y193.008 E1825.63493
G1 X201.075 Y193.008 E1825.65049
G1 X201.075 Y192.676 E1825.65698
G1 X201.871 Y192.676 E1825.67253
G1 X203.472 Y191.075 E1825.71677
G1 X208.801 Y191.075 E1825.8209
G1 X216.651 Y198.925 E1826.03783
G1 X213.348 Y198.925 E1826.10237
G1 X221.198 Y191.075 E1826.3193
G1 X228.925 Y191.075 E1826.47029
G1 X229.03 Y191.075
G1 F2400 E1820.47029
G0 F15000 X200.89 Y199.11
G0 X200.63 Y199.37
M204 S1250
;TYPE:WALL-INNER
G1 F2400 E1826.47029
G1 F7821.3 X229.37 Y199.37 E1826.97213
G1 X229.37 Y190.63 E1827.12475
G1 X200.63 Y190.63 E1827.62659
G1 X200.63 Y199.37 E1827.77921
M204 S2500
G0 F15000 X200.21 Y199.79
M204 S1250
;TYPE:WALL-OUTER
G1 F7500 X229.79 Y199.79 E1828.29572
G1 X229.79 Y190.21 E1828.463
G1 X200.21 Y190.21 E1828.97952
G1 X200.21 Y199.79 E1829.1468
M204 S2500
G0 F15000 X200.41 Y199.79
G0 X201.116 Y198.76
G1 F2400 E1823.1468
G0 F15000 X225.513 Y199.56
G0 X225.513 Y200.665
G0 X225.513 Y229.335
G0 X225.513 Y230.44
G0 X225.513 Y231.075
;TYPE:FILL
G1 F2400 E1829.1468
G1 F8142.6 X217.662 Y238.925 E1829.36374
G1 X212.336 Y238.925 E1829.46781
G1 X204.486 Y231.075 E1829.68474
G1 X207.787 Y231.075 E1829.74924
G1 X201.871 Y236.991 E1829.91273
G1 X201.075 Y236.991 E1829.92828
G1 X201.075 Y237.323 E1829.93477
G1 X201.871 Y237.323 E1829.95032
G1 X203.474 Y238.925 E1829.99461
G1 X208.799 Y238.925 E1830.09866
G1 X216.65 Y231.075 E1830.3156
G1 X213.349 Y231.075 E1830.3801
G1 X221.199 Y238.925 E1830.59703
G1 X226.525 Y238.925 E1830.7011
G1 X228.127 Y237.323 E1830.74537
G1 X228.925 Y237.323 E1830.76097
G1 X228.925 Y236.991 E1830.76746
G1 X228.128 Y236.991 E1830.78303
G1 X222.212 Y231.075 E1830.94651
G1 X228.925 Y231.075 E1831.07769
G1 X229.03 Y231.075
G1 F2400 E1825.07769
G0 F15000 X200.89 Y230.89
G0 X200.63 Y230.63
M204 S1250
;TYPE:WALL-INNER
G1 F2400 E1831.07769
G1 F7821.3 X200.63 Y239.37 E1831.2303
G1 X229.37 Y239.37 E1831.73215
G1 X229.37 Y230.63 E1831.88476
G1 X200.63 Y230.63 E1832.38661
M204 S2500
G0 F15000 X200.21 Y230.21
M204 S1250
;TYPE:WALL-OUTER
G1 F7500 X200.21 Y239.79 E1832.55389
G1 X229.79 Y239.79 E1833.0704
G1 X229.79 Y230.21 E1833.23768
G1 X200.21 Y230.21 E1833.7542
M204 S2500
G0 F15000 X200.21 Y230.41
G0 X201.24 Y231.116
G1 F2400 E1827.7542
;MESH:NONMESH
G0 F600 X201.24 Y231.116 Z7.9
G0 F15000 X226.527 Y230.44
G0 X226.527 Y229.335
G0 X226.527 Y200.665
G0 X226.527 Y199.56
G0 X226.527 Y191.075
;TIME_ELAPSED:1311.920107
;LAYER:76
;note -- min layer time used
;TYPE:FILL
;MESH:table_soft_spacer_30x30-Body.stl
G1 F2400 E1833.7542
G1 F8142.6 X228.127 Y192.676 E1833.79843
G1 X228.925 Y192.676 E1833.81402
G1 X228.925 Y193.008 E1833.82051
G1 X228.128 Y193.008 E1833.83608
G1 X222.21 Y198.925 E1833.9996
G1 X225.514 Y198.925 E1834.06417
G1 X217.664 Y191.075 E1834.28109
G1 X212.335 Y191.075 E1834.38522
G1 X204.485 Y198.925 E1834.60215
G1 X207.788 Y198.925 E1834.66669
G1 X201.871 Y193.008 E1834.83021
G1 X201.075 Y193.008 E1834.84576
G1 X201.075 Y192.676 E1834.85225
G1 X201.871 Y192.676 E1834.8678
G1 X203.472 Y191.075 E1834.91204
G1 X208.801 Y191.075 E1835.01617
G1 X216.651 Y198.925 E1835.2331
G1 X213.348 Y198.925 E1835.29765
G1 X221.198 Y191.075 E1835.51457
G1 X228.925 Y191.075 E1835.66556
G1 X229.03 Y191.075
G1 F2400 E1829.66556
G0 F15000 X200.89 Y199.11
G0 X200.63 Y199.37
M204 S1250
;TYPE:WALL-INNER
G1 F2400 E1835.66556
G1 F7821.3 X229.37 Y199.37 E1836.16741
G1 X229.37 Y190.63 E1836.32002
G1 X200.63 Y190.63 E1836.82187
G1 X200.63 Y199.37 E1836.97448
M204 S2500
G0 F15000 X200.21 Y199.79
M204 S1250
;TYPE:WALL-OUTER
G1 F7500 X229.79 Y199.79 E1837.49099
G1 X229.79 Y190.21 E1837.65828
G1 X200.21 Y190.21 E1838.17479
G1 X200.21 Y199.79 E1838.34207
M204 S2500
G0 F15000 X200.41 Y199.79
G0 X201.116 Y198.76
G1 F2400 E1832.34207
G0 F15000 X225.513 Y199.56
G0 X225.513 Y200.665
G0 X225.513 Y229.335
G0 X225.513 Y230.44
G0 X225.513 Y231.075
;TYPE:FILL
G1 F2400 E1838.34207
G1 F8142.6 X217.662 Y238.925 E1838.55901
G1 X212.336 Y238.925 E1838.66309
G1 X204.486 Y231.075 E1838.88001
G1 X207.787 Y231.075 E1838.94452
G1 X201.871 Y236.991 E1839.108
G1 X201.075 Y236.991 E1839.12355
G1 X201.075 Y237.323 E1839.13004
G1 X201.871 Y237.323 E1839.1456
G1 X203.474 Y238.925 E1839.18988
G1 X208.799 Y238.925 E1839.29393
G1 X216.65 Y231.075 E1839.51087
G1 X213.349 Y231.075 E1839.57538
G1 X221.199 Y238.925 E1839.79231
G1 X226.525 Y238.925 E1839.89638
G1 X228.127 Y237.323 E1839.94065
G1 X228.925 Y237.323 E1839.95624
G1 X228.925 Y236.991 E1839.96273
G1 X228.128 Y236.991 E1839.9783
G1 X222.212 Y231.075 E1840.14179
G1 X228.925 Y231.075 E1840.27296
G1 X229.03 Y231.075
G1 F2400 E1834.27296
G0 F15000 X200.89 Y230.89
G0 X200.63 Y230.63
M204 S1250
;TYPE:WALL-INNER
G1 F2400 E1840.27296
G1 F7821.3 X200.63 Y239.37 E1840.42557
G1 X229.37 Y239.37 E1840.92742
G1 X229.37 Y230.63 E1841.08003
G1 X200.63 Y230.63 E1841.58188
M204 S2500
G0 F15000 X200.21 Y230.21
M204 S1250
;TYPE:WALL-OUTER
G1 F7500 X200.21 Y239.79 E1841.74916
G1 X229.79 Y239.79 E1842.26567
G1 X229.79 Y230.21 E1842.43296
G1 X200.21 Y230.21 E1842.94947
M204 S2500
G0 F15000 X200.21 Y230.41
G0 X201.24 Y231.116
G1 F2400 E1836.94947
;MESH:NONMESH
G0 F600 X201.24 Y231.116 Z8
G0 F15000 X226.527 Y230.44
G0 X226.527 Y229.335
G0 X226.527 Y200.665
G0 X226.527 Y199.56
G0 X226.527 Y191.075
;TIME_ELAPSED:1321.617192
;LAYER:77
;note -- min layer time used
;TYPE:FILL
;MESH:table_soft_spacer_30x30-Body.stl
G1 F2400 E1842.94947
G1 F8142.6 X228.127 Y192.676 E1842.9937
G1 X228.925 Y192.676 E1843.00929
G1 X228.925 Y193.008 E1843.01578
G1 X228.128 Y193.008 E1843.03135
G1 X222.21 Y198.925 E1843.19488
G1 X225.514 Y198.925 E1843.25944
G1 X217.664 Y191.075 E1843.47637
G1 X212.335 Y191.075 E1843.5805
G1 X204.485 Y198.925 E1843.79743
G1 X207.788 Y198.925 E1843.86197
G1 X201.871 Y193.008 E1844.02548
G1 X201.075 Y193.008 E1844.04103
G1 X201.075 Y192.676 E1844.04752
G1 X201.871 Y192.676 E1844.06307
G1 X203.472 Y191.075 E1844.10732
G1 X208.801 Y191.075 E1844.21145
G1 X216.651 Y198.925 E1844.42838
G1 X213.348 Y198.925 E1844.49292
G1 X221.198 Y191.075 E1844.70985
G1 X228.925 Y191.075 E1844.86083
G1 X229.03 Y191.075
G1 F2400 E1838.86083
G0 F15000 X200.89 Y199.11
G0 X200.63 Y199.37
M204 S1250
;TYPE:WALL-INNER
G1 F2400 E1844.86083
G1 F7821.3 X229.37 Y199.37 E1845.36268
G1 X229.37 Y190.63 E1845.51529
G1 X200.63 Y190.63 E1846.01714
G1 X200.63 Y199.37 E1846.16975
M204 S2500
G0 F15000 X200.21 Y199.79
M204 S1250
;TYPE:WALL-OUTER
G1 F7500 X229.79 Y199.79 E1846.68627
G1 X229.79 Y190.21 E1846.85355
G1 X200.21 Y190.21 E1847.37006
G1 X200.21 Y199.79 E1847.53734
M204 S2500
G0 F15000 X200.41 Y199.79
G0 X201.116 Y198.76
G1 F2400 E1841.53734
G0 F15000 X225.513 Y199.56
G0 X225.513 Y200.665
G0 X225.513 Y229.335
G0 X225.513 Y230.44
G0 X225.513 Y231.075
;TYPE:FILL
G1 F2400 E1847.53734
G1 F8142.6 X217.662 Y238.925 E1847.75429
G1 X212.336 Y238.925 E1847.85836
G1 X204.486 Y231.075 E1848.07529
G1 X207.787 Y231.075 E1848.13979
G1 X201.871 Y236.991 E1848.30327
G1 X201.075 Y236.991 E1848.31883
G1 X201.075 Y237.323 E1848.32531
G1 X201.871 Y237.323 E1848.34087
G1 X203.474 Y238.925 E1848.38515
G1 X208.799 Y238.925 E1848.4892
G1 X216.65 Y231.075 E1848.70615
G1 X213.349 Y231.075 E1848.77065
G1 X221.199 Y238.925 E1848.98758
G1 X226.525 Y238.925 E1849.09165
G1 X228.127 Y237.323 E1849.13592
G1 X228.925 Y237.323 E1849.15151
G1 X228.925 Y236.991 E1849.158
G1 X228.128 Y236.991 E1849.17357
G1 X222.212 Y231.075 E1849.33706
G1 X228.925 Y231.075 E1849.46823
G1 X229.03 Y231.075
G1 F2400 E1843.46823
G0 F15000 X200.89 Y230.89
G0 X200.63 Y230.63
M204 S1250
;TYPE:WALL-INNER
G1 F2400 E1849.46823
G1 F7821.3 X200.63 Y239.37 E1849.62085
G1 X229.37 Y239.37 E1850.12269
G1 X229.37 Y230.63 E1850.27531
G1 X200.63 Y230.63 E1850.77715
M204 S2500
G0 F15000 X200.21 Y230.21
M204 S1250
;TYPE:WALL-OUTER
G1 F7500 X200.21 Y239.79 E1850.94443
G1 X229.79 Y239.79 E1851.46095
G1 X229.79 Y230.21 E1851.62823
G1 X200.21 Y230.21 E1852.14474
M204 S2500
G0 F15000 X200.21 Y230.41
G0 X201.24 Y231.116
G1 F2400 E1846.14474
;MESH:NONMESH
G0 F600 X201.24 Y231.116 Z8.1
G0 F15000 X226.527 Y230.44
G0 X226.527 Y229.335
G0 X226.527 Y200.665
G0 X226.527 Y199.56
G0 X226.527 Y191.075
;TIME_ELAPSED:1331.314277
;LAYER:78
;note -- min layer time used
;TYPE:FILL
;MESH:table_soft_spacer_30x30-Body.stl
G1 F2400 E1852.14474
G1 F8142.6 X228.127 Y192.676 E1852.18897
G1 X228.925 Y192.676 E1852.20456
G1 X228.925 Y193.008 E1852.21105
G1 X228.128 Y193.008 E1852.22662
G1 X222.21 Y198.925 E1852.39015
G1 X225.514 Y198.925 E1852.45471
G1 X217.664 Y191.075 E1852.67164
G1 X212.335 Y191.075 E1852.77577
G1 X204.485 Y198.925 E1852.9927
G1 X207.788 Y198.925 E1853.05724
G1 X201.871 Y193.008 E1853.22075
G1 X201.075 Y193.008 E1853.23631
G1 X201.075 Y192.676 E1853.24279
G1 X201.871 Y192.676 E1853.25835
G1 X203.472 Y191.075 E1853.30259
G1 X208.801 Y191.075 E1853.40672
G1 X216.651 Y198.925 E1853.62365
G1 X213.348 Y198.925 E1853.68819
G1 X221.198 Y191.075 E1853.90512
G1 X228.925 Y191.075 E1854.05611
G1 X229.03 Y191.075
G1 F2400 E1848.05611
G0 F15000 X200.89 Y199.11
G0 X200.63 Y199.37
M204 S1250
;TYPE:WALL-INNER
G1 F2400 E1854.05611
G1 F7821.3 X229.37 Y199.37 E1854.55795
G1 X229.37 Y190.63 E1854.71057
G1 X200.63 Y190.63 E1855.21241
G1 X200.63 Y199.37 E1855.36503
M204 S2500
G0 F15000 X200.21 Y199.79
M204 S1250
;TYPE:WALL-OUTER
G1 F7500 X229.79 Y199.79 E1855.88154
G1 X229.79 Y190.21 E1856.04882
G1 X200.21 Y190.21 E1856.56533
G1 X200.21 Y199.79 E1856.73262
M204 S2500
G0 F15000 X200.41 Y199.79
G0 X201.116 Y198.76
G1 F2400 E1850.73262
G0 F15000 X225.513 Y199.56
G0 X225.513 Y200.665
G0 X225.513 Y229.335
G0 X225.513 Y230.44
G0 X225.513 Y231.075
;TYPE:FILL
G1 F2400 E1856.73262
G1 F8142.6 X217.662 Y238.925 E1856.94956
G1 X212.336 Y238.925 E1857.05363
G1 X204.486 Y231.075 E1857.27056
G1 X207.787 Y231.075 E1857.33506
G1 X201.871 Y236.991 E1857.49855
G1 X201.075 Y236.991 E1857.5141
G1 X201.075 Y237.323 E1857.52059
G1 X201.871 Y237.323 E1857.53614
G1 X203.474 Y238.925 E1857.58042
G1 X208.799 Y238.925 E1857.68448
G1 X216.65 Y231.075 E1857.90142
G1 X213.349 Y231.075 E1857.96592
G1 X221.199 Y238.925 E1858.18285
G1 X226.525 Y238.925 E1858.28692
G1 X228.127 Y237.323 E1858.33119
G1 X228.925 Y237.323 E1858.34679
G1 X228.925 Y236.991 E1858.35327
G1 X228.128 Y236.991 E1858.36885
G1 X222.212 Y231.075 E1858.53233
G1 X228.925 Y231.075 E1858.6635
G1 X229.03 Y231.075
G1 F2400 E1852.6635
G0 F15000 X200.89 Y230.89
G0 X200.63 Y230.63
M204 S1250
;TYPE:WALL-INNER
G1 F2400 E1858.6635
G1 F7821.3 X200.63 Y239.37 E1858.81612
G1 X229.37 Y239.37 E1859.31796
G1 X229.37 Y230.63 E1859.47058
G1 X200.63 Y230.63 E1859.97242
M204 S2500
G0 F15000 X200.21 Y230.21
M204 S1250
;TYPE:WALL-OUTER
G1 F7500 X200.21 Y239.79 E1860.13971
G1 X229.79 Y239.79 E1860.65622
G1 X229.79 Y230.21 E1860.8235
G1 X200.21 Y230.21 E1861.34001
M204 S2500
G0 F15000 X200.21 Y230.41
G0 X201.24 Y231.116
G1 F2400 E1855.34001
;MESH:NONMESH
G0 F600 X201.24 Y231.116 Z8.2
G0 F15000 X226.527 Y230.44
G0 X226.527 Y229.335
G0 X226.527 Y200.665
G0 X226.527 Y199.56
G0 X226.527 Y191.075
;TIME_ELAPSED:1341.011361
;LAYER:79
;note -- min layer time used
;TYPE:FILL
;MESH:table_soft_spacer_30x30-Body.stl
G1 F2400 E1861.34001
G1 F8142.6 X228.127 Y192.676 E1861.38424
G1 X228.925 Y192.676 E1861.39984
G1 X228.925 Y193.008 E1861.40632
G1 X228.128 Y193.008 E1861.4219
G1 X222.21 Y198.925 E1861.58542
G1 X225.514 Y198.925 E1861.64998
G1 X217.664 Y191.075 E1861.86691
G1 X212.335 Y191.075 E1861.97104
G1 X204.485 Y198.925 E1862.18797
G1 X207.788 Y198.925 E1862.25251
G1 X201.871 Y193.008 E1862.41602
G1 X201.075 Y193.008 E1862.43158
G1 X201.075 Y192.676 E1862.43807
G1 X201.871 Y192.676 E1862.45362
G1 X203.472 Y191.075 E1862.49786
G1 X208.801 Y191.075 E1862.60199
G1 X216.651 Y198.925 E1862.81892
G1 X213.348 Y198.925 E1862.88346
G1 X221.198 Y191.075 E1863.10039
G1 X228.925 Y191.075 E1863.25138
G1 X229.03 Y191.075
G1 F2400 E1857.25138
G0 F15000 X200.89 Y199.11
G0 X200.63 Y199.37
M204 S1250
;TYPE:WALL-INNER
G1 F2400 E1863.25138
G1 F7821.3 X229.37 Y199.37 E1863.75322
G1 X229.37 Y190.63 E1863.90584
G1 X200.63 Y190.63 E1864.40768
G1 X200.63 Y199.37 E1864.5603
M204 S2500
G0 F15000 X200.21 Y199.79
M204 S1250
;TYPE:WALL-OUTER
G1 F7500 X229.79 Y199.79 E1865.07681
G1 X229.79 Y190.21 E1865.24409
G1 X200.21 Y190.21 E1865.76061
G1 X200.21 Y199.79 E1865.92789
M204 S2500
G0 F15000 X200.41 Y199.79
G0 X201.116 Y198.76
G1 F2400 E1859.92789
G0 F15000 X225.513 Y199.56
G0 X225.513 Y200.665
G0 X225.513 Y229.335
G0 X225.513 Y230.44
G0 X225.513 Y231.075
;TYPE:FILL
G1 F2400 E1865.92789
G1 F8142.6 X217.662 Y238.925 E1866.14483
G1 X212.336 Y238.925 E1866.2489
G1 X204.486 Y231.075 E1866.46583
G1 X207.787 Y231.075 E1866.53033
G1 X201.871 Y236.991 E1866.69382
G1 X201.075 Y236.991 E1866.70937
G1 X201.075 Y237.323 E1866.71586
G1 X201.871 Y237.323 E1866.73141
G1 X203.474 Y238.925 E1866.7757
G1 X208.799 Y238.925 E1866.87975
G1 X216.65 Y231.075 E1867.09669
G1 X213.349 Y231.075 E1867.16119
G1 X221.199 Y238.925 E1867.37812
G1 X226.525 Y238.925 E1867.48219
G1 X228.127 Y237.323 E1867.52646
G1 X228.925 Y237.323 E1867.54206
G1 X228.925 Y236.991 E1867.54855
G1 X228.128 Y236.991 E1867.56412
G1 X222.212 Y231.075 E1867.7276
G1 X228.925 Y231.075 E1867.85878
G1 X229.03 Y231.075
G1 F2400 E1861.85878
G0 F15000 X200.89 Y230.89
G0 X200.63 Y230.63
M204 S1250
;TYPE:WALL-INNER
G1 F2400 E1867.85878
G1 F7821.3 X200.63 Y239.37 E1868.01139
G1 X229.37 Y239.37 E1868.51324
G1 X229.37 Y230.63 E1868.66585
G1 X200.63 Y230.63 E1869.1677
M204 S2500
G0 F15000 X200.21 Y230.21
M204 S1250
;TYPE:WALL-OUTER
G1 F7500 X200.21 Y239.79 E1869.33498
G1 X229.79 Y239.79 E1869.85149
G1 X229.79 Y230.21 E1870.01877
G1 X200.21 Y230.21 E1870.53529
M204 S2500
G0 F15000 X200.21 Y230.41
G0 X201.24 Y231.116
G1 F2400 E1864.53529
;MESH:NONMESH
G0 F600 X201.24 Y231.116 Z8.3
G0 F15000 X226.527 Y230.44
G0 X226.527 Y229.335
G0 X226.527 Y200.665
G0 X226.527 Y199.56
G0 X226.527 Y191.075
;TIME_ELAPSED:1350.708446
;LAYER:80
;note -- min layer time used
;TYPE:FILL
;MESH:table_soft_spacer_30x30-Body.stl
G1 F2400 E1870.53529
G1 F8142.6 X228.127 Y192.676 E1870.57952
G1 X228.925 Y192.676 E1870.59511
G1 X228.925 Y193.008 E1870.6016
G1 X228.128 Y193.008 E1870.61717
G1 X222.21 Y198.925 E1870.78069
G1 X225.514 Y198.925 E1870.84526
G1 X217.664 Y191.075 E1871.06218
G1 X212.335 Y191.075 E1871.16631
G1 X204.485 Y198.925 E1871.38324
G1 X207.788 Y198.925 E1871.44778
G1 X201.871 Y193.008 E1871.6113
G1 X201.075 Y193.008 E1871.62685
G1 X201.075 Y192.676 E1871.63334
G1 X201.871 Y192.676 E1871.64889
G1 X203.472 Y191.075 E1871.69313
G1 X208.801 Y191.075 E1871.79726
G1 X216.651 Y198.925 E1872.01419
G1 X213.348 Y198.925 E1872.07874
G1 X221.198 Y191.075 E1872.29566
G1 X228.925 Y191.075 E1872.44665
G1 X229.03 Y191.075
G1 F2400 E1866.44665
G0 F15000 X200.89 Y199.11
G0 X200.63 Y199.37
M204 S1250
;TYPE:WALL-INNER
G1 F2400 E1872.44665
G1 F7821.3 X229.37 Y199.37 E1872.9485
G1 X229.37 Y190.63 E1873.10111
G1 X200.63 Y190.63 E1873.60296
G1 X200.63 Y199.37 E1873.75557
M204 S2500
G0 F15000 X200.21 Y199.79
M204 S1250
;TYPE:WALL-OUTER
G1 F7500 X229.79 Y199.79 E1874.27208
G1 X229.79 Y190.21 E1874.43937
G1 X200.21 Y190.21 E1874.95588
G1 X200.21 Y199.79 E1875.12316
M204 S2500
G0 F15000 X200.41 Y199.79
G0 X201.116 Y198.76
G1 F2400 E1869.12316
G0 F15000 X225.513 Y199.56
G0 X225.513 Y200.665
G0 X225.513 Y229.335
G0 X225.513 Y230.44
G0 X225.513 Y231.075
;TYPE:FILL
G1 F2400 E1875.12316
G1 F8142.6 X217.662 Y238.925 E1875.3401
G1 X212.336 Y238.925 E1875.44418
G1 X204.486 Y231.075 E1875.6611
G1 X207.787 Y231.075 E1875.72561
G1 X201.871 Y236.991 E1875.88909
G1 X201.075 Y236.991 E1875.90464
G1 X201.075 Y237.323 E1875.91113
G1 X201.871 Y237.323 E1875.92669
G1 X203.474 Y238.925 E1875.97097
G1 X208.799 Y238.925 E1876.07502
G1 X216.65 Y231.075 E1876.29196
G1 X213.349 Y231.075 E1876.35647
G1 X221.199 Y238.925 E1876.5734
G1 X226.525 Y238.925 E1876.67747
G1 X228.127 Y237.323 E1876.72174
G1 X228.925 Y237.323 E1876.73733
G1 X228.925 Y236.991 E1876.74382
G1 X228.128 Y236.991 E1876.75939
G1 X222.212 Y231.075 E1876.92288
G1 X228.925 Y231.075 E1877.05405
G1 X229.03 Y231.075
G1 F2400 E1871.05405
G0 F15000 X200.89 Y230.89
G0 X200.63 Y230.63
M204 S1250
;TYPE:WALL-INNER
G1 F2400 E1877.05405
G1 F7821.3 X200.63 Y239.37 E1877.20666
G1 X229.37 Y239.37 E1877.70851
G1 X229.37 Y230.63 E1877.86112
G1 X200.63 Y230.63 E1878.36297
M204 S2500
G0 F15000 X200.21 Y230.21
M204 S1250
;TYPE:WALL-OUTER
G1 F7500 X200.21 Y239.79 E1878.53025
G1 X229.79 Y239.79 E1879.04676
G1 X229.79 Y230.21 E1879.21405
G1 X200.21 Y230.21 E1879.73056
M204 S2500
G0 F15000 X200.21 Y230.41
G0 X201.24 Y231.116
G1 F2400 E1873.73056
;MESH:NONMESH
G0 F600 X201.24 Y231.116 Z8.4
G0 F15000 X226.527 Y230.44
G0 X226.527 Y229.335
G0 X226.527 Y200.665
G0 X226.527 Y199.56
G0 X226.527 Y191.075
;TIME_ELAPSED:1360.405531
;LAYER:81
;note -- min layer time used
;TYPE:FILL
;MESH:table_soft_spacer_30x30-Body.stl
G1 F2400 E1879.73056
G1 F8142.6 X228.127 Y192.676 E1879.77479
G1 X228.925 Y192.676 E1879.79038
G1 X228.925 Y193.008 E1879.79687
G1 X228.128 Y193.008 E1879.81244
G1 X222.21 Y198.925 E1879.97597
G1 X225.514 Y198.925 E1880.04053
G1 X217.664 Y191.075 E1880.25746
G1 X212.335 Y191.075 E1880.36159
G1 X204.485 Y198.925 E1880.57852
G1 X207.788 Y198.925 E1880.64306
G1 X201.871 Y193.008 E1880.80657
G1 X201.075 Y193.008 E1880.82212
G1 X201.075 Y192.676 E1880.82861
G1 X201.871 Y192.676 E1880.84416
G1 X203.472 Y191.075 E1880.88841
G1 X208.801 Y191.075 E1880.99254
G1 X216.651 Y198.925 E1881.20947
G1 X213.348 Y198.925 E1881.27401
G1 X221.198 Y191.075 E1881.49094
G1 X228.925 Y191.075 E1881.64192
G1 X229.03 Y191.075
G1 F2400 E1875.64192
G0 F15000 X200.89 Y199.11
G0 X200.63 Y199.37
M204 S1250
;TYPE:WALL-INNER
G1 F2400 E1881.64192
G1 F7821.3 X229.37 Y199.37 E1882.14377
G1 X229.37 Y190.63 E1882.29638
G1 X200.63 Y190.63 E1882.79823
G1 X200.63 Y199.37 E1882.95084
M204 S2500
G0 F15000 X200.21 Y199.79
M204 S1250
;TYPE:WALL-OUTER
G1 F7500 X229.79 Y199.79 E1883.46736
G1 X229.79 Y190.21 E1883.63464
G1 X200.21 Y190.21 E1884.15115
G1 X200.21 Y199.79 E1884.31843
M204 S2500
G0 F15000 X200.41 Y199.79
G0 X201.116 Y198.76
G1 F2400 E1878.31843
G0 F15000 X225.513 Y199.56
G0 X225.513 Y200.665
G0 X225.513 Y229.335
G0 X225.513 Y230.44
G0 X225.513 Y231.075
;TYPE:FILL
G1 F2400 E1884.31843
G1 F8142.6 X217.662 Y238.925 E1884.53538
G1 X212.336 Y238.925 E1884.63945
G1 X204.486 Y231.075 E1884.85638
G1 X207.787 Y231.075 E1884.92088
G1 X201.871 Y236.991 E1885.08436
G1 X201.075 Y236.991 E1885.09992
G1 X201.075 Y237.323 E1885.1064
G1 X201.871 Y237.323 E1885.12196
G1 X203.474 Y238.925 E1885.16624
G1 X208.799 Y238.925 E1885.27029
G1 X216.65 Y231.075 E1885.48724
G1 X213.349 Y231.075 E1885.55174
G1 X221.199 Y238.925 E1885.76867
G1 X226.525 Y238.925 E1885.87274
G1 X228.127 Y237.323 E1885.91701
G1 X228.925 Y237.323 E1885.9326
G1 X228.925 Y236.991 E1885.93909
G1 X228.128 Y236.991 E1885.95466
G1 X222.212 Y231.075 E1886.11815
G1 X228.925 Y231.075 E1886.24932
G1 X229.03 Y231.075
G1 F2400 E1880.24932
G0 F15000 X200.89 Y230.89
G0 X200.63 Y230.63
M204 S1250
;TYPE:WALL-INNER
G1 F2400 E1886.24932
G1 F7821.3 X200.63 Y239.37 E1886.40194
G1 X229.37 Y239.37 E1886.90378
G1 X229.37 Y230.63 E1887.0564
G1 X200.63 Y230.63 E1887.55824
M204 S2500
G0 F15000 X200.21 Y230.21
M204 S1250
;TYPE:WALL-OUTER
G1 F7500 X200.21 Y239.79 E1887.72552
G1 X229.79 Y239.79 E1888.24204
G1 X229.79 Y230.21 E1888.40932
G1 X200.21 Y230.21 E1888.92583
M204 S2500
G0 F15000 X200.21 Y230.41
G0 X201.24 Y231.116
G1 F2400 E1882.92583
;MESH:NONMESH
G0 F600 X201.24 Y231.116 Z8.5
G0 F15000 X226.527 Y230.44
G0 X226.527 Y229.335
G0 X226.527 Y200.665
G0 X226.527 Y199.56
G0 X226.527 Y191.075
;TIME_ELAPSED:1370.102616
;LAYER:82
;note -- min layer time used
;TYPE:FILL
;MESH:table_soft_spacer_30x30-Body.stl
G1 F2400 E1888.92583
G1 F8142.6 X228.127 Y192.676 E1888.97006
G1 X228.925 Y192.676 E1888.98565
G1 X228.925 Y193.008 E1888.99214
G1 X228.128 Y193.008 E1889.00771
G1 X222.21 Y198.925 E1889.17124
G1 X225.514 Y198.925 E1889.2358
G1 X217.664 Y191.075 E1889.45273
G1 X212.335 Y191.075 E1889.55686
G1 X204.485 Y198.925 E1889.77379
G1 X207.788 Y198.925 E1889.83833
G1 X201.871 Y193.008 E1890.00184
G1 X201.075 Y193.008 E1890.0174
G1 X201.075 Y192.676 E1890.02388
G1 X201.871 Y192.676 E1890.03944
G1 X203.472 Y191.075 E1890.08368
G1 X208.801 Y191.075 E1890.18781
G1 X216.651 Y198.925 E1890.40474
G1 X213.348 Y198.925 E1890.46928
G1 X221.198 Y191.075 E1890.68621
G1 X228.925 Y191.075 E1890.8372
G1 X229.03 Y191.075
G1 F2400 E1884.8372
G0 F15000 X200.89 Y199.11
G0 X200.63 Y199.37
M204 S1250
;TYPE:WALL-INNER
G1 F2400 E1890.8372
G1 F7821.3 X229.37 Y199.37 E1891.33904
G1 X229.37 Y190.63 E1891.49166
G1 X200.63 Y190.63 E1891.9935
G1 X200.63 Y199.37 E1892.14612
M204 S2500
G0 F15000 X200.21 Y199.79
M204 S1250
;TYPE:WALL-OUTER
G1 F7500 X229.79 Y199.79 E1892.66263
G1 X229.79 Y190.21 E1892.82991
G1 X200.21 Y190.21 E1893.34642
G1 X200.21 Y199.79 E1893.51371
M204 S2500
G0 F15000 X200.41 Y199.79
G0 X201.116 Y198.76
G1 F2400 E1887.51371
G0 F15000 X225.513 Y199.56
G0 X225.513 Y200.665
G0 X225.513 Y229.335
G0 X225.513 Y230.44
G0 X225.513 Y231.075
;TYPE:FILL
G1 F2400 E1893.51371
G1 F8142.6 X217.662 Y238.925 E1893.73065
G1 X212.336 Y238.925 E1893.83472
G1 X204.486 Y231.075 E1894.05165
G1 X207.787 Y231.075 E1894.11615
G1 X201.871 Y236.991 E1894.27964
G1 X201.075 Y236.991 E1894.29519
G1 X201.075 Y237.323 E1894.30168
G1 X201.871 Y237.323 E1894.31723
G1 X203.474 Y238.925 E1894.36151
G1 X208.799 Y238.925 E1894.46557
G1 X216.65 Y231.075 E1894.68251
G1 X213.349 Y231.075 E1894.74701
G1 X221.199 Y238.925 E1894.96394
G1 X226.525 Y238.925 E1895.06801
G1 X228.127 Y237.323 E1895.11228
G1 X228.925 Y237.323 E1895.12788
G1 X228.925 Y236.991 E1895.13436
G1 X228.128 Y236.991 E1895.14994
G1 X222.212 Y231.075 E1895.31342
G1 X228.925 Y231.075 E1895.44459
G1 X229.03 Y231.075
G1 F2400 E1889.44459
G0 F15000 X200.89 Y230.89
G0 X200.63 Y230.63
M204 S1250
;TYPE:WALL-INNER
G1 F2400 E1895.44459
G1 F7821.3 X200.63 Y239.37 E1895.59721
G1 X229.37 Y239.37 E1896.09905
G1 X229.37 Y230.63 E1896.25167
G1 X200.63 Y230.63 E1896.75351
M204 S2500
G0 F15000 X200.21 Y230.21
M204 S1250
;TYPE:WALL-OUTER
G1 F7500 X200.21 Y239.79 E1896.9208
G1 X229.79 Y239.79 E1897.43731
G1 X229.79 Y230.21 E1897.60459
G1 X200.21 Y230.21 E1898.1211
M204 S2500
G0 F15000 X200.21 Y230.41
G0 X201.24 Y231.116
G1 F2400 E1892.1211
;MESH:NONMESH
G0 F600 X201.24 Y231.116 Z8.6
G0 F15000 X226.527 Y230.44
G0 X226.527 Y229.335
G0 X226.527 Y200.665
G0 X226.527 Y199.56
G0 X226.527 Y191.075
;TIME_ELAPSED:1379.799700
;LAYER:83
;note -- min layer time used
;TYPE:FILL
;MESH:table_soft_spacer_30x30-Body.stl
G1 F2400 E1898.1211
G1 F8142.6 X228.127 Y192.676 E1898.16533
G1 X228.925 Y192.676 E1898.18093
G1 X228.925 Y193.008 E1898.18741
G1 X228.128 Y193.008 E1898.20299
G1 X222.21 Y198.925 E1898.36651
G1 X225.514 Y198.925 E1898.43107
G1 X217.664 Y191.075 E1898.648
G1 X212.335 Y191.075 E1898.75213
G1 X204.485 Y198.925 E1898.96906
G1 X207.788 Y198.925 E1899.0336
G1 X201.871 Y193.008 E1899.19711
G1 X201.075 Y193.008 E1899.21267
G1 X201.075 Y192.676 E1899.21916
G1 X201.871 Y192.676 E1899.23471
G1 X203.472 Y191.075 E1899.27895
G1 X208.801 Y191.075 E1899.38308
G1 X216.651 Y198.925 E1899.60001
G1 X213.348 Y198.925 E1899.66455
G1 X221.198 Y191.075 E1899.88148
G1 X228.925 Y191.075 E1900.03247
G1 X229.03 Y191.075
G1 F2400 E1894.03247
G0 F15000 X200.89 Y199.11
G0 X200.63 Y199.37
M204 S1250
;TYPE:WALL-INNER
G1 F2400 E1900.03247
G1 F7821.3 X229.37 Y199.37 E1900.53431
G1 X229.37 Y190.63 E1900.68693
G1 X200.63 Y190.63 E1901.18877
G1 X200.63 Y199.37 E1901.34139
M204 S2500
G0 F15000 X200.21 Y199.79
M204 S1250
;TYPE:WALL-OUTER
G1 F7500 X229.79 Y199.79 E1901.8579
G1 X229.79 Y190.21 E1902.02518
G1 X200.21 Y190.21 E1902.5417
G1 X200.21 Y199.79 E1902.70898
M204 S2500
G0 F15000 X200.41 Y199.79
G0 X201.116 Y198.76
G1 F2400 E1896.70898
G0 F15000 X225.513 Y199.56
G0 X225.513 Y200.665
G0 X225.513 Y229.335
G0 X225.513 Y230.44
G0 X225.513 Y231.075
;TYPE:FILL
G1 F2400 E1902.70898
G1 F8142.6 X217.662 Y238.925 E1902.92592
G1 X212.336 Y238.925 E1903.02999
G1 X204.486 Y231.075 E1903.24692
G1 X207.787 Y231.075 E1903.31142
G1 X201.871 Y236.991 E1903.47491
G1 X201.075 Y236.991 E1903.49046
G1 X201.075 Y237.323 E1903.49695
G1 X201.871 Y237.323 E1903.5125
G1 X203.474 Y238.925 E1903.55679
G1 X208.799 Y238.925 E1903.66084
G1 X216.65 Y231.075 E1903.87778
G1 X213.349 Y231.075 E1903.94228
G1 X221.199 Y238.925 E1904.15921
G1 X226.525 Y238.925 E1904.26328
G1 X228.127 Y237.323 E1904.30755
G1 X228.925 Y237.323 E1904.32315
G1 X228.925 Y236.991 E1904.32964
G1 X228.128 Y236.991 E1904.34521
G1 X222.212 Y231.075 E1904.50869
G1 X228.925 Y231.075 E1904.63987
G1 X229.03 Y231.075
G1 F2400 E1898.63987
G0 F15000 X200.89 Y230.89
G0 X200.63 Y230.63
M204 S1250
;TYPE:WALL-INNER
G1 F2400 E1904.63987
G1 F7821.3 X200.63 Y239.37 E1904.79248
G1 X229.37 Y239.37 E1905.29433
G1 X229.37 Y230.63 E1905.44694
G1 X200.63 Y230.63 E1905.94879
M204 S2500
G0 F15000 X200.21 Y230.21
M204 S1250
;TYPE:WALL-OUTER
G1 F7500 X200.21 Y239.79 E1906.11607
G1 X229.79 Y239.79 E1906.63258
G1 X229.79 Y230.21 E1906.79986
G1 X200.21 Y230.21 E1907.31638
M204 S2500
G0 F15000 X200.21 Y230.41
G0 X201.24 Y231.116
G1 F2400 E1901.31638
;MESH:NONMESH
G0 F600 X201.24 Y231.116 Z8.7
G0 F15000 X226.527 Y230.44
G0 X226.527 Y229.335
G0 X226.527 Y200.665
G0 X226.527 Y199.56
G0 X226.527 Y191.075
;TIME_ELAPSED:1389.496785
;LAYER:84
;note -- min layer time used
;TYPE:FILL
;MESH:table_soft_spacer_30x30-Body.stl
G1 F2400 E1907.31638
G1 F8142.6 X228.127 Y192.676 E1907.36061
G1 X228.925 Y192.676 E1907.3762
G1 X228.925 Y193.008 E1907.38269
G1 X228.128 Y193.008 E1907.39826
G1 X222.21 Y198.925 E1907.56178
G1 X225.514 Y198.925 E1907.62635
G1 X217.664 Y191.075 E1907.84327
G1 X212.335 Y191.075 E1907.9474
G1 X204.485 Y198.925 E1908.16433
G1 X207.788 Y198.925 E1908.22887
G1 X201.871 Y193.008 E1908.39239
G1 X201.075 Y193.008 E1908.40794
G1 X201.075 Y192.676 E1908.41443
G1 X201.871 Y192.676 E1908.42998
G1 X203.472 Y191.075 E1908.47422
G1 X208.801 Y191.075 E1908.57835
G1 X216.651 Y198.925 E1908.79528
G1 X213.348 Y198.925 E1908.85983
G1 X221.198 Y191.075 E1909.07675
G1 X228.925 Y191.075 E1909.22774
G1 X229.03 Y191.075
G1 F2400 E1903.22774
G0 F15000 X200.89 Y199.11
G0 X200.63 Y199.37
M204 S1250
;TYPE:WALL-INNER
G1 F2400 E1909.22774
G1 F7821.3 X229.37 Y199.37 E1909.72959
G1 X229.37 Y190.63 E1909.8822
G1 X200.63 Y190.63 E1910.38405
G1 X200.63 Y199.37 E1910.53666
M204 S2500
G0 F15000 X200.21 Y199.79
M204 S1250
;TYPE:WALL-OUTER
G1 F7500 X229.79 Y199.79 E1911.05317
G1 X229.79 Y190.21 E1911.22046
G1 X200.21 Y190.21 E1911.73697
G1 X200.21 Y199.79 E1911.90425
M204 S2500
G0 F15000 X200.41 Y199.79
G0 X201.116 Y198.76
G1 F2400 E1905.90425
G0 F15000 X225.513 Y199.56
G0 X225.513 Y200.665
G0 X225.513 Y229.335
G0 X225.513 Y230.44
G0 X225.513 Y231.075
;TYPE:FILL
G1 F2400 E1911.90425
G1 F8142.6 X217.662 Y238.925 E1912.12119
G1 X212.336 Y238.925 E1912.22527
G1 X204.486 Y231.075 E1912.44219
G1 X207.787 Y231.075 E1912.5067
G1 X201.871 Y236.991 E1912.67018
G1 X201.075 Y236.991 E1912.68573
G1 X201.075 Y237.323 E1912.69222
G1 X201.871 Y237.323 E1912.70778
G1 X203.474 Y238.925 E1912.75206
G1 X208.799 Y238.925 E1912.85611
G1 X216.65 Y231.075 E1913.07305
G1 X213.349 Y231.075 E1913.13756
G1 X221.199 Y238.925 E1913.35449
G1 X226.525 Y238.925 E1913.45856
G1 X228.127 Y237.323 E1913.50283
G1 X228.925 Y237.323 E1913.51842
G1 X228.925 Y236.991 E1913.52491
G1 X228.128 Y236.991 E1913.54048
G1 X222.212 Y231.075 E1913.70397
G1 X228.925 Y231.075 E1913.83514
G1 X229.03 Y231.075
G1 F2400 E1907.83514
G0 F15000 X200.89 Y230.89
G0 X200.63 Y230.63
M204 S1250
;TYPE:WALL-INNER
G1 F2400 E1913.83514
G1 F7821.3 X200.63 Y239.37 E1913.98775
G1 X229.37 Y239.37 E1914.4896
G1 X229.37 Y230.63 E1914.64221
G1 X200.63 Y230.63 E1915.14406
M204 S2500
G0 F15000 X200.21 Y230.21
M204 S1250
;TYPE:WALL-OUTER
G1 F7500 X200.21 Y239.79 E1915.31134
G1 X229.79 Y239.79 E1915.82785
G1 X229.79 Y230.21 E1915.99514
G1 X200.21 Y230.21 E1916.51165
M204 S2500
G0 F15000 X200.21 Y230.41
G0 X201.24 Y231.116
G1 F2400 E1910.51165
;MESH:NONMESH
G0 F600 X201.24 Y231.116 Z8.8
G0 F15000 X226.527 Y230.44
G0 X226.527 Y229.335
G0 X226.527 Y200.665
G0 X226.527 Y199.56
G0 X226.527 Y191.075
;TIME_ELAPSED:1399.193870
;LAYER:85
;note -- min layer time used
;TYPE:FILL
;MESH:table_soft_spacer_30x30-Body.stl
G1 F2400 E1916.51165
G1 F8142.6 X228.127 Y192.676 E1916.55588
G1 X228.925 Y192.676 E1916.57147
G1 X228.925 Y193.008 E1916.57796
G1 X228.128 Y193.008 E1916.59353
G1 X222.21 Y198.925 E1916.75706
G1 X225.514 Y198.925 E1916.82162
G1 X217.664 Y191.075 E1917.03855
G1 X212.335 Y191.075 E1917.14268
G1 X204.485 Y198.925 E1917.35961
G1 X207.788 Y198.925 E1917.42415
G1 X201.871 Y193.008 E1917.58766
G1 X201.075 Y193.008 E1917.60321
G1 X201.075 Y192.676 E1917.6097
G1 X201.871 Y192.676 E1917.62525
G1 X203.472 Y191.075 E1917.6695
G1 X208.801 Y191.075 E1917.77363
G1 X216.651 Y198.925 E1917.99056
G1 X213.348 Y198.925 E1918.0551
G1 X221.198 Y191.075 E1918.27203
G1 X228.925 Y191.075 E1918.42301
G1 X229.03 Y191.075
G1 F2400 E1912.42301
G0 F15000 X200.89 Y199.11
G0 X200.63 Y199.37
M204 S1250
;TYPE:WALL-INNER
G1 F2400 E1918.42301
G1 F7821.3 X229.37 Y199.37 E1918.92486
G1 X229.37 Y190.63 E1919.07747
G1 X200.63 Y190.63 E1919.57932
G1 X200.63 Y199.37 E1919.73193
M204 S2500
G0 F15000 X200.21 Y199.79
M204 S1250
;TYPE:WALL-OUTER
G1 F7500 X229.79 Y199.79 E1920.24845
G1 X229.79 Y190.21 E1920.41573
G1 X200.21 Y190.21 E1920.93224
G1 X200.21 Y199.79 E1921.09952
M204 S2500
G0 F15000 X200.41 Y199.79
G0 X201.116 Y198.76
G1 F2400 E1915.09952
G0 F15000 X225.513 Y199.56
G0 X225.513 Y200.665
G0 X225.513 Y229.335
G0 X225.513 Y230.44
G0 X225.513 Y231.075
;TYPE:FILL
G1 F2400 E1921.09952
G1 F8142.6 X217.662 Y238.925 E1921.31647
G1 X212.336 Y238.925 E1921.42054
G1 X204.486 Y231.075 E1921.63747
G1 X207.787 Y231.075 E1921.70197
G1 X201.871 Y236.991 E1921.86545
G1 X201.075 Y236.991 E1921.88101
G1 X201.075 Y237.323 E1921.88749
G1 X201.871 Y237.323 E1921.90305
G1 X203.474 Y238.925 E1921.94733
G1 X208.799 Y238.925 E1922.05138
G1 X216.65 Y231.075 E1922.26833
G1 X213.349 Y231.075 E1922.33283
G1 X221.199 Y238.925 E1922.54976
G1 X226.525 Y238.925 E1922.65383
G1 X228.127 Y237.323 E1922.6981
G1 X228.925 Y237.323 E1922.71369
G1 X228.925 Y236.991 E1922.72018
G1 X228.128 Y236.991 E1922.73575
G1 X222.212 Y231.075 E1922.89924
G1 X228.925 Y231.075 E1923.03041
G1 X229.03 Y231.075
G1 F2400 E1917.03041
G0 F15000 X200.89 Y230.89
G0 X200.63 Y230.63
M204 S1250
;TYPE:WALL-INNER
G1 F2400 E1923.03041
G1 F7821.3 X200.63 Y239.37 E1923.18303
G1 X229.37 Y239.37 E1923.68487
G1 X229.37 Y230.63 E1923.83749
G1 X200.63 Y230.63 E1924.33933
M204 S2500
G0 F15000 X200.21 Y230.21
M204 S1250
;TYPE:WALL-OUTER
G1 F7500 X200.21 Y239.79 E1924.50661
G1 X229.79 Y239.79 E1925.02313
G1 X229.79 Y230.21 E1925.19041
G1 X200.21 Y230.21 E1925.70692
M204 S2500
G0 F15000 X200.21 Y230.41
G0 X201.24 Y231.116
G1 F2400 E1919.70692
;MESH:NONMESH
G0 F600 X201.24 Y231.116 Z8.9
G0 F15000 X226.527 Y230.44
G0 X226.527 Y229.335
G0 X226.527 Y200.665
G0 X226.527 Y199.56
G0 X226.527 Y191.075
;TIME_ELAPSED:1408.890954
;LAYER:86
;note -- min layer time used
;TYPE:FILL
;MESH:table_soft_spacer_30x30-Body.stl
G1 F2400 E1925.70692
G1 F8142.6 X228.127 Y192.676 E1925.75115
G1 X228.925 Y192.676 E1925.76674
G1 X228.925 Y193.008 E1925.77323
G1 X228.128 Y193.008 E1925.7888
G1 X222.21 Y198.925 E1925.95233
G1 X225.514 Y198.925 E1926.01689
G1 X217.664 Y191.075 E1926.23382
G1 X212.335 Y191.075 E1926.33795
G1 X204.485 Y198.925 E1926.55488
G1 X207.788 Y198.925 E1926.61942
G1 X201.871 Y193.008 E1926.78293
G1 X201.075 Y193.008 E1926.79849
G1 X201.075 Y192.676 E1926.80497
G1 X201.871 Y192.676 E1926.82053
G1 X203.472 Y191.075 E1926.86477
G1 X208.801 Y191.075 E1926.9689
G1 X216.651 Y198.925 E1927.18583
G1 X213.348 Y198.925 E1927.25037
G1 X221.198 Y191.075 E1927.4673
G1 X228.925 Y191.075 E1927.61829
G1 X229.03 Y191.075
G1 F2400 E1921.61829
G0 F15000 X200.89 Y199.11
G0 X200.63 Y199.37
M204 S1250
;TYPE:WALL-INNER
G1 F2400 E1927.61829
G1 F7821.3 X229.37 Y199.37 E1928.12013
G1 X229.37 Y190.63 E1928.27275
G1 X200.63 Y190.63 E1928.77459
G1 X200.63 Y199.37 E1928.92721
M204 S2500
G0 F15000 X200.21 Y199.79
M204 S1250
;TYPE:WALL-OUTER
G1 F7500 X229.79 Y199.79 E1929.44372
G1 X229.79 Y190.21 E1929.611
G1 X200.21 Y190.21 E1930.12751
G1 X200.21 Y199.79 E1930.2948
M204 S2500
G0 F15000 X200.41 Y199.79
G0 X201.116 Y198.76
G1 F2400 E1924.2948
G0 F15000 X225.513 Y199.56
G0 X225.513 Y200.665
G0 X225.513 Y229.335
G0 X225.513 Y230.44
G0 X225.513 Y231.075
;TYPE:FILL
G1 F2400 E1930.2948
G1 F8142.6 X217.662 Y238.925 E1930.51174
G1 X212.336 Y238.925 E1930.61581
G1 X204.486 Y231.075 E1930.83274
G1 X207.787 Y231.075 E1930.89724
G1 X201.871 Y236.991 E1931.06073
G1 X201.075 Y236.991 E1931.07628
G1 X201.075 Y237.323 E1931.08277
G1 X201.871 Y237.323 E1931.09832
G1 X203.474 Y238.925 E1931.1426
G1 X208.799 Y238.925 E1931.24666
G1 X216.65 Y231.075 E1931.4636
G1 X213.349 Y231.075 E1931.5281
G1 X221.199 Y238.925 E1931.74503
G1 X226.525 Y238.925 E1931.8491
G1 X228.127 Y237.323 E1931.89337
G1 X228.925 Y237.323 E1931.90897
G1 X228.925 Y236.991 E1931.91545
G1 X228.128 Y236.991 E1931.93103
G1 X222.212 Y231.075 E1932.09451
G1 X228.925 Y231.075 E1932.22568
G1 X229.03 Y231.075
G1 F2400 E1926.22568
G0 F15000 X200.89 Y230.89
G0 X200.63 Y230.63
M204 S1250
;TYPE:WALL-INNER
G1 F2400 E1932.22568
G1 F7821.3 X200.63 Y239.37 E1932.3783
G1 X229.37 Y239.37 E1932.88014
G1 X229.37 Y230.63 E1933.03276
G1 X200.63 Y230.63 E1933.5346
M204 S2500
G0 F15000 X200.21 Y230.21
M204 S1250
;TYPE:WALL-OUTER
G1 F7500 X200.21 Y239.79 E1933.70189
G1 X229.79 Y239.79 E1934.2184
G1 X229.79 Y230.21 E1934.38568
G1 X200.21 Y230.21 E1934.90219
M204 S2500
G0 F15000 X200.21 Y230.41
G0 X201.24 Y231.116
G1 F2400 E1928.90219
;MESH:NONMESH
G0 F600 X201.24 Y231.116 Z9
G0 F15000 X226.527 Y230.44
G0 X226.527 Y229.335
G0 X226.527 Y200.665
G0 X226.527 Y199.56
G0 X226.527 Y191.075
;TIME_ELAPSED:1418.588039
;LAYER:87
;note -- min layer time used
;TYPE:FILL
;MESH:table_soft_spacer_30x30-Body.stl
G1 F2400 E1934.90219
G1 F8142.6 X228.127 Y192.676 E1934.94642
G1 X228.925 Y192.676 E1934.96202
G1 X228.925 Y193.008 E1934.9685
G1 X228.128 Y193.008 E1934.98408
G1 X222.21 Y198.925 E1935.1476
G1 X225.514 Y198.925 E1935.21216
G1 X217.664 Y191.075 E1935.42909
G1 X212.335 Y191.075 E1935.53322
G1 X204.485 Y198.925 E1935.75015
G1 X207.788 Y198.925 E1935.81469
G1 X201.871 Y193.008 E1935.9782
G1 X201.075 Y193.008 E1935.99376
G1 X201.075 Y192.676 E1936.00025
G1 X201.871 Y192.676 E1936.0158
G1 X203.472 Y191.075 E1936.06004
G1 X208.801 Y191.075 E1936.16417
G1 X216.651 Y198.925 E1936.3811
G1 X213.348 Y198.925 E1936.44564
G1 X221.198 Y191.075 E1936.66257
G1 X228.925 Y191.075 E1936.81356
G1 X229.03 Y191.075
G1 F2400 E1930.81356
G0 F15000 X200.89 Y199.11
G0 X200.63 Y199.37
M204 S1250
;TYPE:WALL-INNER
G1 F2400 E1936.81356
G1 F7821.3 X229.37 Y199.37 E1937.3154
G1 X229.37 Y190.63 E1937.46802
G1 X200.63 Y190.63 E1937.96986
G1 X200.63 Y199.37 E1938.12248
M204 S2500
G0 F15000 X200.21 Y199.79
M204 S1250
;TYPE:WALL-OUTER
G1 F7500 X229.79 Y199.79 E1938.63899
G1 X229.79 Y190.21 E1938.80627
G1 X200.21 Y190.21 E1939.32279
G1 X200.21 Y199.79 E1939.49007
M204 S2500
G0 F15000 X200.41 Y199.79
G0 X201.116 Y198.76
G1 F2400 E1933.49007
G0 F15000 X225.513 Y199.56
G0 X225.513 Y200.665
G0 X225.513 Y229.335
G0 X225.513 Y230.44
G0 X225.513 Y231.075
;TYPE:FILL
G1 F2400 E1939.49007
G1 F8142.6 X217.662 Y238.925 E1939.70701
G1 X212.336 Y238.925 E1939.81108
G1 X204.486 Y231.075 E1940.02801
G1 X207.787 Y231.075 E1940.09251
G1 X201.871 Y236.991 E1940.256
G1 X201.075 Y236.991 E1940.27155
G1 X201.075 Y237.323 E1940.27804
G1 X201.871 Y237.323 E1940.29359
G1 X203.474 Y238.925 E1940.33788
G1 X208.799 Y238.925 E1940.44193
G1 X216.65 Y231.075 E1940.65887
G1 X213.349 Y231.075 E1940.72337
G1 X221.199 Y238.925 E1940.9403
G1 X226.525 Y238.925 E1941.04437
G1 X228.127 Y237.323 E1941.08864
G1 X228.925 Y237.323 E1941.10424
G1 X228.925 Y236.991 E1941.11073
G1 X228.128 Y236.991 E1941.1263
G1 X222.212 Y231.075 E1941.28978
G1 X228.925 Y231.075 E1941.42096
G1 X229.03 Y231.075
G1 F2400 E1935.42096
G0 F15000 X200.89 Y230.89
G0 X200.63 Y230.63
M204 S1250
;TYPE:WALL-INNER
G1 F2400 E1941.42096
G1 F7821.3 X200.63 Y239.37 E1941.57357
G1 X229.37 Y239.37 E1942.07542
G1 X229.37 Y230.63 E1942.22803
G1 X200.63 Y230.63 E1942.72988
M204 S2500
G0 F15000 X200.21 Y230.21
M204 S1250
;TYPE:WALL-OUTER
G1 F7500 X200.21 Y239.79 E1942.89716
G1 X229.79 Y239.79 E1943.41367
G1 X229.79 Y230.21 E1943.58095
G1 X200.21 Y230.21 E1944.09747
M204 S2500
G0 F15000 X200.21 Y230.41
G0 X201.24 Y231.116
G1 F2400 E1938.09747
;MESH:NONMESH
G0 F600 X201.24 Y231.116 Z9.1
G0 F15000 X226.527 Y230.44
G0 X226.527 Y229.335
G0 X226.527 Y200.665
G0 X226.527 Y199.56
G0 X226.527 Y191.075
;TIME_ELAPSED:1428.285124
;LAYER:88
;note -- min layer time used
;TYPE:FILL
;MESH:table_soft_spacer_30x30-Body.stl
G1 F2400 E1944.09747
G1 F8142.6 X228.127 Y192.676 E1944.1417
G1 X228.925 Y192.676 E1944.15729
G1 X228.925 Y193.008 E1944.16378
G1 X228.128 Y193.008 E1944.17935
G1 X222.21 Y198.925 E1944.34287
G1 X225.514 Y198.925 E1944.40744
G1 X217.664 Y191.075 E1944.62436
G1 X212.335 Y191.075 E1944.72849
G1 X204.485 Y198.925 E1944.94542
G1 X207.788 Y198.925 E1945.00997
G1 X201.871 Y193.008 E1945.17348
G1 X201.075 Y193.008 E1945.18903
G1 X201.075 Y192.676 E1945.19552
G1 X201.871 Y192.676 E1945.21107
G1 X203.472 Y191.075 E1945.25531
G1 X208.801 Y191.075 E1945.35944
G1 X216.651 Y198.925 E1945.57637
G1 X213.348 Y198.925 E1945.64092
G1 X221.198 Y191.075 E1945.85784
G1 X228.925 Y191.075 E1946.00883
G1 X229.03 Y191.075
G1 F2400 E1940.00883
G0 F15000 X200.89 Y199.11
G0 X200.63 Y199.37
M204 S1250
;TYPE:WALL-INNER
G1 F2400 E1946.00883
G1 F7821.3 X229.37 Y199.37 E1946.51068
G1 X229.37 Y190.63 E1946.66329
G1 X200.63 Y190.63 E1947.16514
G1 X200.63 Y199.37 E1947.31775
M204 S2500
G0 F15000 X200.21 Y199.79
M204 S1250
;TYPE:WALL-OUTER
G1 F7500 X229.79 Y199.79 E1947.83426
G1 X229.79 Y190.21 E1948.00155
G1 X200.21 Y190.21 E1948.51806
G1 X200.21 Y199.79 E1948.68534
M204 S2500
G0 F15000 X200.41 Y199.79
G0 X201.116 Y198.76
G1 F2400 E1942.68534
G0 F15000 X225.513 Y199.56
G0 X225.513 Y200.665
G0 X225.513 Y229.335
G0 X225.513 Y230.44
G0 X225.513 Y231.075
;TYPE:FILL
G1 F2400 E1948.68534
G1 F8142.6 X217.662 Y238.925 E1948.90228
G1 X212.336 Y238.925 E1949.00636
G1 X204.486 Y231.075 E1949.22328
G1 X207.787 Y231.075 E1949.28779
G1 X201.871 Y236.991 E1949.45127
G1 X201.075 Y236.991 E1949.46682
G1 X201.075 Y237.323 E1949.47331
G1 X201.871 Y237.323 E1949.48887
G1 X203.474 Y238.925 E1949.53315
G1 X208.799 Y238.925 E1949.6372
G1 X216.65 Y231.075 E1949.85414
G1 X213.349 Y231.075 E1949.91865
G1 X221.199 Y238.925 E1950.13558
G1 X226.525 Y238.925 E1950.23965
G1 X228.127 Y237.323 E1950.28392
G1 X228.925 Y237.323 E1950.29951
G1 X228.925 Y236.991 E1950.306
G1 X228.128 Y236.991 E1950.32157
G1 X222.212 Y231.075 E1950.48506
G1 X228.925 Y231.075 E1950.61623
G1 X229.03 Y231.075
G1 F2400 E1944.61623
G0 F15000 X200.89 Y230.89
G0 X200.63 Y230.63
M204 S1250
;TYPE:WALL-INNER
G1 F2400 E1950.61623
G1 F7821.3 X200.63 Y239.37 E1950.76884
G1 X229.37 Y239.37 E1951.27069
G1 X229.37 Y230.63 E1951.4233
G1 X200.63 Y230.63 E1951.92515
M204 S2500
G0 F15000 X200.21 Y230.21
M204 S1250
;TYPE:WALL-OUTER
G1 F7500 X200.21 Y239.79 E1952.09243
G1 X229.79 Y239.79 E1952.60894
G1 X229.79 Y230.21 E1952.77623
G1 X200.21 Y230.21 E1953.29274
M204 S2500
G0 F15000 X200.21 Y230.41
G0 X201.24 Y231.116
G1 F2400 E1947.29274
;MESH:NONMESH
G0 F600 X201.24 Y231.116 Z9.2
G0 F15000 X226.527 Y230.44
G0 X226.527 Y229.335
G0 X226.527 Y200.665
G0 X226.527 Y199.56
G0 X226.527 Y191.075
;TIME_ELAPSED:1437.982208
;LAYER:89
;note -- min layer time used
;TYPE:FILL
;MESH:table_soft_spacer_30x30-Body.stl
G1 F2400 E1953.29274
G1 F8142.6 X228.127 Y192.676 E1953.33697
G1 X228.925 Y192.676 E1953.35256
G1 X228.925 Y193.008 E1953.35905
G1 X228.128 Y193.008 E1953.37462
G1 X222.21 Y198.925 E1953.53815
G1 X225.514 Y198.925 E1953.60271
G1 X217.664 Y191.075 E1953.81964
G1 X212.335 Y191.075 E1953.92377
G1 X204.485 Y198.925 E1954.1407
G1 X207.788 Y198.925 E1954.20524
G1 X201.871 Y193.008 E1954.36875
G1 X201.075 Y193.008 E1954.3843
G1 X201.075 Y192.676 E1954.39079
G1 X201.871 Y192.676 E1954.40634
G1 X203.472 Y191.075 E1954.45059
G1 X208.801 Y191.075 E1954.55472
G1 X216.651 Y198.925 E1954.77165
G1 X213.348 Y198.925 E1954.83619
G1 X221.198 Y191.075 E1955.05312
G1 X228.925 Y191.075 E1955.2041
G1 X229.03 Y191.075
G1 F2400 E1949.2041
G0 F15000 X200.89 Y199.11
G0 X200.63 Y199.37
M204 S1250
;TYPE:WALL-INNER
G1 F2400 E1955.2041
G1 F7821.3 X229.37 Y199.37 E1955.70595
G1 X229.37 Y190.63 E1955.85856
G1 X200.63 Y190.63 E1956.36041
G1 X200.63 Y199.37 E1956.51302
M204 S2500
G0 F15000 X200.21 Y199.79
M204 S1250
;TYPE:WALL-OUTER
G1 F7500 X229.79 Y199.79 E1957.02954
G1 X229.79 Y190.21 E1957.19682
G1 X200.21 Y190.21 E1957.71333
G1 X200.21 Y199.79 E1957.88061
M204 S2500
G0 F15000 X200.41 Y199.79
G0 X201.116 Y198.76
G1 F2400 E1951.88061
G0 F15000 X225.513 Y199.56
G0 X225.513 Y200.665
G0 X225.513 Y229.335
G0 X225.513 Y230.44
G0 X225.513 Y231.075
;TYPE:FILL
G1 F2400 E1957.88061
G1 F8142.6 X217.662 Y238.925 E1958.09756
G1 X212.336 Y238.925 E1958.20163
G1 X204.486 Y231.075 E1958.41856
G1 X207.787 Y231.075 E1958.48306
G1 X201.871 Y236.991 E1958.64654
G1 X201.075 Y236.991 E1958.6621
G1 X201.075 Y237.323 E1958.66858
G1 X201.871 Y237.323 E1958.68414
G1 X203.474 Y238.925 E1958.72842
G1 X208.799 Y238.925 E1958.83247
G1 X216.65 Y231.075 E1959.04942
G1 X213.349 Y231.075 E1959.11392
G1 X221.199 Y238.925 E1959.33085
G1 X226.525 Y238.925 E1959.43492
G1 X228.127 Y237.323 E1959.47919
G1 X228.925 Y237.323 E1959.49478
G1 X228.925 Y236.991 E1959.50127
G1 X228.128 Y236.991 E1959.51684
G1 X222.212 Y231.075 E1959.68033
G1 X228.925 Y231.075 E1959.8115
G1 X229.03 Y231.075
G1 F2400 E1953.8115
G0 F15000 X200.89 Y230.89
G0 X200.63 Y230.63
M204 S1250
;TYPE:WALL-INNER
G1 F2400 E1959.8115
G1 F7821.3 X200.63 Y239.37 E1959.96412
G1 X229.37 Y239.37 E1960.46596
G1 X229.37 Y230.63 E1960.61858
G1 X200.63 Y230.63 E1961.12042
M204 S2500
G0 F15000 X200.21 Y230.21
M204 S1250
;TYPE:WALL-OUTER
G1 F7500 X200.21 Y239.79 E1961.2877
G1 X229.79 Y239.79 E1961.80422
G1 X229.79 Y230.21 E1961.9715
G1 X200.21 Y230.21 E1962.48801
M204 S2500
G0 F15000 X200.21 Y230.41
G0 X201.24 Y231.116
G1 F2400 E1956.48801
;MESH:NONMESH
G0 F600 X201.24 Y231.116 Z9.3
G0 F15000 X226.527 Y230.44
G0 X226.527 Y229.335
G0 X226.527 Y200.665
G0 X226.527 Y199.56
G0 X226.527 Y191.075
;TIME_ELAPSED:1447.679293
;LAYER:90
;note -- min layer time used
;TYPE:FILL
;MESH:table_soft_spacer_30x30-Body.stl
G1 F2400 E1962.48801
G1 F8142.6 X228.127 Y192.676 E1962.53224
G1 X228.925 Y192.676 E1962.54783
G1 X228.925 Y193.008 E1962.55432
G1 X228.128 Y193.008 E1962.56989
G1 X222.21 Y198.925 E1962.73342
G1 X225.514 Y198.925 E1962.79798
G1 X217.664 Y191.075 E1963.01491
G1 X212.335 Y191.075 E1963.11904
G1 X204.485 Y198.925 E1963.33597
G1 X207.788 Y198.925 E1963.40051
G1 X201.871 Y193.008 E1963.56402
G1 X201.075 Y193.008 E1963.57958
G1 X201.075 Y192.676 E1963.58606
G1 X201.871 Y192.676 E1963.60162
G1 X203.472 Y191.075 E1963.64586
G1 X208.801 Y191.075 E1963.74999
G1 X216.651 Y198.925 E1963.96692
G1 X213.348 Y198.925 E1964.03146
G1 X221.198 Y191.075 E1964.24839
G1 X228.925 Y191.075 E1964.39938
G1 X229.03 Y191.075
G1 F2400 E1958.39938
G0 F15000 X200.89 Y199.11
G0 X200.63 Y199.37
M204 S1250
;TYPE:WALL-INNER
G1 F2400 E1964.39938
G1 F7821.3 X229.37 Y199.37 E1964.90122
G1 X229.37 Y190.63 E1965.05384
G1 X200.63 Y190.63 E1965.55568
G1 X200.63 Y199.37 E1965.7083
M204 S2500
G0 F15000 X200.21 Y199.79
M204 S1250
;TYPE:WALL-OUTER
G1 F7500 X229.79 Y199.79 E1966.22481
G1 X229.79 Y190.21 E1966.39209
G1 X200.21 Y190.21 E1966.9086
G1 X200.21 Y199.79 E1967.07589
M204 S2500
G0 F15000 X200.41 Y199.79
G0 X201.116 Y198.76
G1 F2400 E1961.07589
G0 F15000 X225.513 Y199.56
G0 X225.513 Y200.665
G0 X225.513 Y229.335
G0 X225.513 Y230.44
G0 X225.513 Y231.075
;TYPE:FILL
G1 F2400 E1967.07589
G1 F8142.6 X217.662 Y238.925 E1967.29283
G1 X212.336 Y238.925 E1967.3969
G1 X204.486 Y231.075 E1967.61383
G1 X207.787 Y231.075 E1967.67833
G1 X201.871 Y236.991 E1967.84182
G1 X201.075 Y236.991 E1967.85737
G1 X201.075 Y237.323 E1967.86386
G1 X201.871 Y237.323 E1967.87941
G1 X203.474 Y238.925 E1967.92369
G1 X208.799 Y238.925 E1968.02775
G1 X216.65 Y231.075 E1968.24469
G1 X213.349 Y231.075 E1968.30919
G1 X221.199 Y238.925 E1968.52612
G1 X226.525 Y238.925 E1968.63019
G1 X228.127 Y237.323 E1968.67446
G1 X228.925 Y237.323 E1968.69006
G1 X228.925 Y236.991 E1968.69654
G1 X228.128 Y236.991 E1968.71212
G1 X222.212 Y231.075 E1968.8756
G1 X228.925 Y231.075 E1969.00677
G1 X229.03 Y231.075
G1 F2400 E1963.00677
G0 F15000 X200.89 Y230.89
G0 X200.63 Y230.63
M204 S1250
;TYPE:WALL-INNER
G1 F2400 E1969.00677
G1 F7821.3 X200.63 Y239.37 E1969.15939
G1 X229.37 Y239.37 E1969.66123
G1 X229.37 Y230.63 E1969.81385
G1 X200.63 Y230.63 E1970.31569
M204 S2500
G0 F15000 X200.21 Y230.21
M204 S1250
;TYPE:WALL-OUTER
G1 F7500 X200.21 Y239.79 E1970.48298
G1 X229.79 Y239.79 E1970.99949
G1 X229.79 Y230.21 E1971.16677
G1 X200.21 Y230.21 E1971.68328
M204 S2500
G0 F15000 X200.21 Y230.41
G0 X201.24 Y231.116
G1 F2400 E1965.68328
;MESH:NONMESH
G0 F600 X201.24 Y231.116 Z9.4
G0 F15000 X226.527 Y230.44
G0 X226.527 Y229.335
G0 X226.527 Y200.665
G0 X226.527 Y199.56
G0 X226.527 Y191.075
;TIME_ELAPSED:1457.376378
;LAYER:91
;note -- min layer time used
;TYPE:FILL
;MESH:table_soft_spacer_30x30-Body.stl
G1 F2400 E1971.68328
G1 F8142.6 X228.127 Y192.676 E1971.72751
G1 X228.925 Y192.676 E1971.74311
G1 X228.925 Y193.008 E1971.74959
G1 X228.128 Y193.008 E1971.76517
G1 X222.21 Y198.925 E1971.92869
G1 X225.514 Y198.925 E1971.99325
G1 X217.664 Y191.075 E1972.21018
G1 X212.335 Y191.075 E1972.31431
G1 X204.485 Y198.925 E1972.53124
G1 X207.788 Y198.925 E1972.59578
G1 X201.871 Y193.008 E1972.75929
G1 X201.075 Y193.008 E1972.77485
G1 X201.075 Y192.676 E1972.78134
G1 X201.871 Y192.676 E1972.79689
G1 X203.472 Y191.075 E1972.84113
G1 X208.801 Y191.075 E1972.94526
G1 X216.651 Y198.925 E1973.16219
G1 X213.348 Y198.925 E1973.22673
G1 X221.198 Y191.075 E1973.44366
G1 X228.925 Y191.075 E1973.59465
G1 X229.03 Y191.075
G1 F2400 E1967.59465
G0 F15000 X200.89 Y199.11
G0 X200.63 Y199.37
M204 S1250
;TYPE:WALL-INNER
G1 F2400 E1973.59465
G1 F7821.3 X229.37 Y199.37 E1974.09649
G1 X229.37 Y190.63 E1974.24911
G1 X200.63 Y190.63 E1974.75095
G1 X200.63 Y199.37 E1974.90357
M204 S2500
G0 F15000 X200.21 Y199.79
M204 S1250
;TYPE:WALL-OUTER
G1 F7500 X229.79 Y199.79 E1975.42008
G1 X229.79 Y190.21 E1975.58736
G1 X200.21 Y190.21 E1976.10388
G1 X200.21 Y199.79 E1976.27116
M204 S2500
G0 F15000 X200.41 Y199.79
G0 X201.116 Y198.76
G1 F2400 E1970.27116
G0 F15000 X225.513 Y199.56
G0 X225.513 Y200.665
G0 X225.513 Y229.335
G0 X225.513 Y230.44
G0 X225.513 Y231.075
;TYPE:FILL
G1 F2400 E1976.27116
G1 F8142.6 X217.662 Y238.925 E1976.4881
G1 X212.336 Y238.925 E1976.59217
G1 X204.486 Y231.075 E1976.8091
G1 X207.787 Y231.075 E1976.8736
G1 X201.871 Y236.991 E1977.03709
G1 X201.075 Y236.991 E1977.05264
G1 X201.075 Y237.323 E1977.05913
G1 X201.871 Y237.323 E1977.07468
G1 X203.474 Y238.925 E1977.11897
G1 X208.799 Y238.925 E1977.22302
G1 X216.65 Y231.075 E1977.43996
G1 X213.349 Y231.075 E1977.50446
G1 X221.199 Y238.925 E1977.72139
G1 X226.525 Y238.925 E1977.82546
G1 X228.127 Y237.323 E1977.86973
G1 X228.925 Y237.323 E1977.88533
G1 X228.925 Y236.991 E1977.89182
G1 X228.128 Y236.991 E1977.90739
G1 X222.212 Y231.075 E1978.07087
G1 X228.925 Y231.075 E1978.20205
G1 X229.03 Y231.075
G1 F2400 E1972.20205
G0 F15000 X200.89 Y230.89
G0 X200.63 Y230.63
M204 S1250
;TYPE:WALL-INNER
G1 F2400 E1978.20205
G1 F7821.3 X200.63 Y239.37 E1978.35466
G1 X229.37 Y239.37 E1978.85651
G1 X229.37 Y230.63 E1979.00912
G1 X200.63 Y230.63 E1979.51097
M204 S2500
G0 F15000 X200.21 Y230.21
M204 S1250
;TYPE:WALL-OUTER
G1 F7500 X200.21 Y239.79 E1979.67825
G1 X229.79 Y239.79 E1980.19476
G1 X229.79 Y230.21 E1980.36204
G1 X200.21 Y230.21 E1980.87856
M204 S2500
G0 F15000 X200.21 Y230.41
G0 X201.24 Y231.116
G1 F2400 E1974.87856
;MESH:NONMESH
G0 F600 X201.24 Y231.116 Z9.5
G0 F15000 X226.527 Y230.44
G0 X226.527 Y229.335
G0 X226.527 Y200.665
G0 X226.527 Y199.56
G0 X226.527 Y191.075
;TIME_ELAPSED:1467.073462
;LAYER:92
;note -- min layer time used
;TYPE:FILL
;MESH:table_soft_spacer_30x30-Body.stl
G1 F2400 E1980.87856
G1 F8142.6 X228.127 Y192.676 E1980.92279
G1 X228.925 Y192.676 E1980.93838
G1 X228.925 Y193.008 E1980.94487
G1 X228.128 Y193.008 E1980.96044
G1 X222.21 Y198.925 E1981.12396
G1 X225.514 Y198.925 E1981.18853
G1 X217.664 Y191.075 E1981.40545
G1 X212.335 Y191.075 E1981.50958
G1 X204.485 Y198.925 E1981.72651
G1 X207.788 Y198.925 E1981.79106
G1 X201.871 Y193.008 E1981.95457
G1 X201.075 Y193.008 E1981.97012
G1 X201.075 Y192.676 E1981.97661
G1 X201.871 Y192.676 E1981.99216
G1 X203.472 Y191.075 E1982.0364
G1 X208.801 Y191.075 E1982.14053
G1 X216.651 Y198.925 E1982.35746
G1 X213.348 Y198.925 E1982.42201
G1 X221.198 Y191.075 E1982.63893
G1 X228.925 Y191.075 E1982.78992
G1 X229.03 Y191.075
G1 F2400 E1976.78992
G0 F15000 X200.89 Y199.11
G0 X200.63 Y199.37
M204 S1250
;TYPE:WALL-INNER
G1 F2400 E1982.78992
G1 F7821.3 X229.37 Y199.37 E1983.29177
G1 X229.37 Y190.63 E1983.44438
G1 X200.63 Y190.63 E1983.94623
G1 X200.63 Y199.37 E1984.09884
M204 S2500
G0 F15000 X200.21 Y199.79
M204 S1250
;TYPE:WALL-OUTER
G1 F7500 X229.79 Y199.79 E1984.61535
G1 X229.79 Y190.21 E1984.78264
G1 X200.21 Y190.21 E1985.29915
G1 X200.21 Y199.79 E1985.46643
M204 S2500
G0 F15000 X200.41 Y199.79
G0 X201.116 Y198.76
G1 F2400 E1979.46643
G0 F15000 X225.513 Y199.56
G0 X225.513 Y200.665
G0 X225.513 Y229.335
G0 X225.513 Y230.44
G0 X225.513 Y231.075
;TYPE:FILL
G1 F2400 E1985.46643
G1 F8142.6 X217.662 Y238.925 E1985.68337
G1 X212.336 Y238.925 E1985.78745
G1 X204.486 Y231.075 E1986.00437
G1 X207.787 Y231.075 E1986.06888
G1 X201.871 Y236.991 E1986.23236
G1 X201.075 Y236.991 E1986.24791
G1 X201.075 Y237.323 E1986.2544
G1 X201.871 Y237.323 E1986.26996
G1 X203.474 Y238.925 E1986.31424
G1 X208.799 Y238.925 E1986.41829
G1 X216.65 Y231.075 E1986.63523
G1 X213.349 Y231.075 E1986.69974
G1 X221.199 Y238.925 E1986.91667
G1 X226.525 Y238.925 E1987.02074
G1 X228.127 Y237.323 E1987.06501
G1 X228.925 Y237.323 E1987.0806
G1 X228.925 Y236.991 E1987.08709
G1 X228.128 Y236.991 E1987.10266
G1 X222.212 Y231.075 E1987.26615
G1 X228.925 Y231.075 E1987.39732
G1 X229.03 Y231.075
G1 F2400 E1981.39732
G0 F15000 X200.89 Y230.89
G0 X200.63 Y230.63
M204 S1250
;TYPE:WALL-INNER
G1 F2400 E1987.39732
G1 F7821.3 X200.63 Y239.37 E1987.54993
G1 X229.37 Y239.37 E1988.05178
G1 X229.37 Y230.63 E1988.20439
G1 X200.63 Y230.63 E1988.70624
M204 S2500
G0 F15000 X200.21 Y230.21
M204 S1250
;TYPE:WALL-OUTER
G1 F7500 X200.21 Y239.79 E1988.87352
G1 X229.79 Y239.79 E1989.39003
G1 X229.79 Y230.21 E1989.55732
G1 X200.21 Y230.21 E1990.07383
M204 S2500
G0 F15000 X200.21 Y230.41
G0 X201.24 Y231.116
G1 F2400 E1984.07383
;MESH:NONMESH
G0 F600 X201.24 Y231.116 Z9.6
G0 F15000 X226.527 Y230.44
G0 X226.527 Y229.335
G0 X226.527 Y200.665
G0 X226.527 Y199.56
G0 X226.527 Y191.075
;TIME_ELAPSED:1476.770547
;LAYER:93
;note -- min layer time used
;TYPE:FILL
;MESH:table_soft_spacer_30x30-Body.stl
G1 F2400 E1990.07383
G1 F8142.6 X228.127 Y192.676 E1990.11806
G1 X228.925 Y192.676 E1990.13365
G1 X228.925 Y193.008 E1990.14014
G1 X228.128 Y193.008 E1990.15571
G1 X222.21 Y198.925 E1990.31924
G1 X225.514 Y198.925 E1990.3838
G1 X217.664 Y191.075 E1990.60073
G1 X212.335 Y191.075 E1990.70486
G1 X204.485 Y198.925 E1990.92179
G1 X207.788 Y198.925 E1990.98633
G1 X201.871 Y193.008 E1991.14984
G1 X201.075 Y193.008 E1991.16539
G1 X201.075 Y192.676 E1991.17188
G1 X201.871 Y192.676 E1991.18743
G1 X203.472 Y191.075 E1991.23168
G1 X208.801 Y191.075 E1991.33581
G1 X216.651 Y198.925 E1991.55274
G1 X213.348 Y198.925 E1991.61728
G1 X221.198 Y191.075 E1991.83421
G1 X228.925 Y191.075 E1991.98519
G1 X229.03 Y191.075
G1 F2400 E1985.98519
G0 F15000 X200.89 Y199.11
G0 X200.63 Y199.37
M204 S1250
;TYPE:WALL-INNER
G1 F2400 E1991.98519
G1 F7821.3 X229.37 Y199.37 E1992.48704
G1 X229.37 Y190.63 E1992.63965
G1 X200.63 Y190.63 E1993.1415
G1 X200.63 Y199.37 E1993.29411
M204 S2500
G0 F15000 X200.21 Y199.79
M204 S1250
;TYPE:WALL-OUTER
G1 F7500 X229.79 Y199.79 E1993.81063
G1 X229.79 Y190.21 E1993.97791
G1 X200.21 Y190.21 E1994.49442
G1 X200.21 Y199.79 E1994.6617
M204 S2500
G0 F15000 X200.41 Y199.79
G0 X201.116 Y198.76
G1 F2400 E1988.6617
G0 F15000 X225.513 Y199.56
G0 X225.513 Y200.665
G0 X225.513 Y229.335
G0 X225.513 Y230.44
G0 X225.513 Y231.075
;TYPE:FILL
G1 F2400 E1994.6617
G1 F8142.6 X217.662 Y238.925 E1994.87865
G1 X212.336 Y238.925 E1994.98272
G1 X204.486 Y231.075 E1995.19965
G1 X207.787 Y231.075 E1995.26415
G1 X201.871 Y236.991 E1995.42763
G1 X201.075 Y236.991 E1995.44319
G1 X201.075 Y237.323 E1995.44967
G1 X201.871 Y237.323 E1995.46523
G1 X203.474 Y238.925 E1995.50951
G1 X208.799 Y238.925 E1995.61356
G1 X216.65 Y231.075 E1995.83051
G1 X213.349 Y231.075 E1995.89501
G1 X221.199 Y238.925 E1996.11194
G1 X226.525 Y238.925 E1996.21601
G1 X228.127 Y237.323 E1996.26028
G1 X228.925 Y237.323 E1996.27587
G1 X228.925 Y236.991 E1996.28236
G1 X228.128 Y236.991 E1996.29793
G1 X222.212 Y231.075 E1996.46142
G1 X228.925 Y231.075 E1996.59259
G1 X229.03 Y231.075
G1 F2400 E1990.59259
G0 F15000 X200.89 Y230.89
G0 X200.63 Y230.63
M204 S1250
;TYPE:WALL-INNER
G1 F2400 E1996.59259
G1 F7821.3 X200.63 Y239.37 E1996.74521
G1 X229.37 Y239.37 E1997.24705
G1 X229.37 Y230.63 E1997.39967
G1 X200.63 Y230.63 E1997.90151
M204 S2500
G0 F15000 X200.21 Y230.21
M204 S1250
;TYPE:WALL-OUTER
G1 F7500 X200.21 Y239.79 E1998.06879
G1 X229.79 Y239.79 E1998.58531
G1 X229.79 Y230.21 E1998.75259
G1 X200.21 Y230.21 E1999.2691
M204 S2500
G0 F15000 X200.21 Y230.41
G0 X201.24 Y231.116
G1 F2400 E1993.2691
;MESH:NONMESH
G0 F600 X201.24 Y231.116 Z9.7
G0 F15000 X226.527 Y230.44
G0 X226.527 Y229.335
G0 X226.527 Y200.665
G0 X226.527 Y199.56
G0 X226.527 Y191.075
;TIME_ELAPSED:1486.467632
;LAYER:94
;note -- min layer time used
;TYPE:FILL
;MESH:table_soft_spacer_30x30-Body.stl
G1 F2400 E1999.2691
G1 F8142.6 X228.127 Y192.676 E1999.31333
G1 X228.925 Y192.676 E1999.32892
G1 X228.925 Y193.008 E1999.33541
G1 X228.128 Y193.008 E1999.35098
G1 X222.21 Y198.925 E1999.51451
G1 X225.514 Y198.925 E1999.57907
G1 X217.664 Y191.075 E1999.796
G1 X212.335 Y191.075 E1999.90013
G1 X204.485 Y198.925 E2000.11706
G1 X207.788 Y198.925 E2000.1816
G1 X201.871 Y193.008 E2000.34511
G1 X201.075 Y193.008 E2000.36067
G1 X201.075 Y192.676 E2000.36715
G1 X201.871 Y192.676 E2000.38271
G1 X203.472 Y191.075 E2000.42695
G1 X208.801 Y191.075 E2000.53108
G1 X216.651 Y198.925 E2000.74801
G1 X213.348 Y198.925 E2000.81255
G1 X221.198 Y191.075 E2001.02948
G1 X228.925 Y191.075 E2001.18047
G1 X229.03 Y191.075
G1 F2400 E1995.18047
G0 F15000 X200.89 Y199.11
G0 X200.63 Y199.37
M204 S1250
;TYPE:WALL-INNER
G1 F2400 E2001.18047
G1 F7821.3 X229.37 Y199.37 E2001.68231
G1 X229.37 Y190.63 E2001.83493
G1 X200.63 Y190.63 E2002.33677
G1 X200.63 Y199.37 E2002.48939
M204 S2500
G0 F15000 X200.21 Y199.79
M204 S1250
;TYPE:WALL-OUTER
G1 F7500 X229.79 Y199.79 E2003.0059
G1 X229.79 Y190.21 E2003.17318
G1 X200.21 Y190.21 E2003.68969
G1 X200.21 Y199.79 E2003.85698
M204 S2500
G0 F15000 X200.41 Y199.79
G0 X201.116 Y198.76
G1 F2400 E1997.85698
G0 F15000 X225.513 Y199.56
G0 X225.513 Y200.665
G0 X225.513 Y229.335
G0 X225.513 Y230.44
G0 X225.513 Y231.075
;TYPE:FILL
G1 F2400 E2003.85698
G1 F8142.6 X217.662 Y238.925 E2004.07392
G1 X212.336 Y238.925 E2004.17799
G1 X204.486 Y231.075 E2004.39492
G1 X207.787 Y231.075 E2004.45942
G1 X201.871 Y236.991 E2004.62291
G1 X201.075 Y236.991 E2004.63846
G1 X201.075 Y237.323 E2004.64495
G1 X201.871 Y237.323 E2004.6605
G1 X203.474 Y238.925 E2004.70478
G1 X208.799 Y238.925 E2004.80884
G1 X216.65 Y231.075 E2005.02578
G1 X213.349 Y231.075 E2005.09028
G1 X221.199 Y238.925 E2005.30721
G1 X226.525 Y238.925 E2005.41128
G1 X228.127 Y237.323 E2005.45555
G1 X228.925 Y237.323 E2005.47115
G1 X228.925 Y236.991 E2005.47763
G1 X228.128 Y236.991 E2005.49321
G1 X222.212 Y231.075 E2005.65669
G1 X228.925 Y231.075 E2005.78786
G1 X229.03 Y231.075
G1 F2400 E1999.78786
G0 F15000 X200.89 Y230.89
G0 X200.63 Y230.63
M204 S1250
;TYPE:WALL-INNER
G1 F2400 E2005.78786
G1 F7821.3 X200.63 Y239.37 E2005.94048
G1 X229.37 Y239.37 E2006.44232
G1 X229.37 Y230.63 E2006.59494
G1 X200.63 Y230.63 E2007.09678
M204 S2500
G0 F15000 X200.21 Y230.21
M204 S1250
;TYPE:WALL-OUTER
G1 F7500 X200.21 Y239.79 E2007.26407
G1 X229.79 Y239.79 E2007.78058
G1 X229.79 Y230.21 E2007.94786
G1 X200.21 Y230.21 E2008.46437
M204 S2500
G0 F15000 X200.21 Y230.41
G0 X201.24 Y231.116
G1 F2400 E2002.46437
;MESH:NONMESH
G0 F600 X201.24 Y231.116 Z9.8
G0 F15000 X226.527 Y230.44
G0 X226.527 Y229.335
G0 X226.527 Y200.665
G0 X226.527 Y199.56
G0 X226.527 Y191.075
;TIME_ELAPSED:1496.164716
;LAYER:95
;note -- min layer time used
;TYPE:FILL
;MESH:table_soft_spacer_30x30-Body.stl
G1 F2400 E2008.46437
G1 F8142.6 X228.127 Y192.676 E2008.5086
G1 X228.925 Y192.676 E2008.5242
G1 X228.925 Y193.008 E2008.53068
G1 X228.128 Y193.008 E2008.54626
G1 X222.21 Y198.925 E2008.70978
G1 X225.514 Y198.925 E2008.77434
G1 X217.664 Y191.075 E2008.99127
G1 X212.335 Y191.075 E2009.0954
G1 X204.485 Y198.925 E2009.31233
G1 X207.788 Y198.925 E2009.37687
G1 X201.871 Y193.008 E2009.54038
G1 X201.075 Y193.008 E2009.55594
G1 X201.075 Y192.676 E2009.56243
G1 X201.871 Y192.676 E2009.57798
G1 X203.472 Y191.075 E2009.62222
G1 X208.801 Y191.075 E2009.72635
G1 X216.651 Y198.925 E2009.94328
G1 X213.348 Y198.925 E2010.00782
G1 X221.198 Y191.075 E2010.22475
G1 X228.925 Y191.075 E2010.37574
G1 X229.03 Y191.075
G1 F2400 E2004.37574
G0 F15000 X200.89 Y199.11
G0 X200.63 Y199.37
M204 S1250
;TYPE:WALL-INNER
G1 F2400 E2010.37574
G1 F7821.3 X229.37 Y199.37 E2010.87758
G1 X229.37 Y190.63 E2011.0302
G1 X200.63 Y190.63 E2011.53204
G1 X200.63 Y199.37 E2011.68466
M204 S2500
G0 F15000 X200.21 Y199.79
M204 S1250
;TYPE:WALL-OUTER
G1 F7500 X229.79 Y199.79 E2012.20117
G1 X229.79 Y190.21 E2012.36845
G1 X200.21 Y190.21 E2012.88497
G1 X200.21 Y199.79 E2013.05225
M204 S2500
G0 F15000 X200.41 Y199.79
G0 X201.116 Y198.76
G1 F2400 E2007.05225
G0 F15000 X225.513 Y199.56
G0 X225.513 Y200.665
G0 X225.513 Y229.335
G0 X225.513 Y230.44
G0 X225.513 Y231.075
;TYPE:FILL
G1 F2400 E2013.05225
G1 F8142.6 X217.662 Y238.925 E2013.26919
G1 X212.336 Y238.925 E2013.37326
G1 X204.486 Y231.075 E2013.59019
G1 X207.787 Y231.075 E2013.65469
G1 X201.871 Y236.991 E2013.81818
G1 X201.075 Y236.991 E2013.83373
G1 X201.075 Y237.323 E2013.84022
G1 X201.871 Y237.323 E2013.85577
G1 X203.474 Y238.925 E2013.90006
G1 X208.799 Y238.925 E2014.00411
G1 X216.65 Y231.075 E2014.22105
G1 X213.349 Y231.075 E2014.28555
G1 X221.199 Y238.925 E2014.50248
G1 X226.525 Y238.925 E2014.60655
G1 X228.127 Y237.323 E2014.65082
G1 X228.925 Y237.323 E2014.66642
G1 X228.925 Y236.991 E2014.67291
G1 X228.128 Y236.991 E2014.68848
G1 X222.212 Y231.075 E2014.85196
G1 X228.925 Y231.075 E2014.98314
G1 X229.03 Y231.075
G1 F2400 E2008.98314
G0 F15000 X200.89 Y230.89
G0 X200.63 Y230.63
M204 S1250
;TYPE:WALL-INNER
G1 F2400 E2014.98314
G1 F7821.3 X200.63 Y239.37 E2015.13575
G1 X229.37 Y239.37 E2015.6376
G1 X229.37 Y230.63 E2015.79021
G1 X200.63 Y230.63 E2016.29206
M204 S2500
G0 F15000 X200.21 Y230.21
M204 S1250
;TYPE:WALL-OUTER
G1 F7500 X200.21 Y239.79 E2016.45934
G1 X229.79 Y239.79 E2016.97585
G1 X229.79 Y230.21 E2017.14313
G1 X200.21 Y230.21 E2017.65965
M204 S2500
G0 F15000 X200.21 Y230.41
G0 X201.24 Y231.116
G1 F2400 E2011.65965
;MESH:NONMESH
G0 F600 X201.24 Y231.116 Z9.9
G0 F15000 X226.527 Y230.44
G0 X226.527 Y229.335
G0 X226.527 Y200.665
G0 X226.527 Y199.56
G0 X226.527 Y191.075
;TIME_ELAPSED:1505.861801
;LAYER:96
;note -- min layer time used
;TYPE:FILL
;MESH:table_soft_spacer_30x30-Body.stl
G1 F2400 E2017.65965
G1 F8142.6 X228.127 Y192.676 E2017.70388
G1 X228.925 Y192.676 E2017.71947
G1 X228.925 Y193.008 E2017.72596
G1 X228.128 Y193.008 E2017.74153
G1 X222.21 Y198.925 E2017.90505
G1 X225.514 Y198.925 E2017.96962
G1 X217.664 Y191.075 E2018.18654
G1 X212.335 Y191.075 E2018.29067
G1 X204.485 Y198.925 E2018.5076
G1 X207.788 Y198.925 E2018.57215
G1 X201.871 Y193.008 E2018.73566
G1 X201.075 Y193.008 E2018.75121
G1 X201.075 Y192.676 E2018.7577
G1 X201.871 Y192.676 E2018.77325
G1 X203.472 Y191.075 E2018.81749
G1 X208.801 Y191.075 E2018.92162
G1 X216.651 Y198.925 E2019.13855
G1 X213.348 Y198.925 E2019.2031
G1 X221.198 Y191.075 E2019.42002
G1 X228.925 Y191.075 E2019.57101
G1 X229.03 Y191.075
G1 F2400 E2013.57101
G0 F15000 X200.89 Y199.11
G0 X200.63 Y199.37
M204 S1250
;TYPE:WALL-INNER
G1 F2400 E2019.57101
G1 F7821.3 X229.37 Y199.37 E2020.07286
G1 X229.37 Y190.63 E2020.22547
G1 X200.63 Y190.63 E2020.72732
G1 X200.63 Y199.37 E2020.87993
M204 S2500
G0 F15000 X200.21 Y199.79
M204 S1250
;TYPE:WALL-OUTER
G1 F7500 X229.79 Y199.79 E2021.39644
G1 X229.79 Y190.21 E2021.56373
G1 X200.21 Y190.21 E2022.08024
G1 X200.21 Y199.79 E2022.24752
M204 S2500
G0 F15000 X200.41 Y199.79
G0 X201.116 Y198.76
G1 F2400 E2016.24752
G0 F15000 X225.513 Y199.56
G0 X225.513 Y200.665
G0 X225.513 Y229.335
G0 X225.513 Y230.44
G0 X225.513 Y231.075
;TYPE:FILL
G1 F2400 E2022.24752
G1 F8142.6 X217.662 Y238.925 E2022.46446
G1 X212.336 Y238.925 E2022.56854
G1 X204.486 Y231.075 E2022.78546
G1 X207.787 Y231.075 E2022.84997
G1 X201.871 Y236.991 E2023.01345
G1 X201.075 Y236.991 E2023.029
G1 X201.075 Y237.323 E2023.03549
G1 X201.871 Y237.323 E2023.05105
G1 X203.474 Y238.925 E2023.09533
G1 X208.799 Y238.925 E2023.19938
G1 X216.65 Y231.075 E2023.41632
G1 X213.349 Y231.075 E2023.48083
G1 X221.199 Y238.925 E2023.69776
G1 X226.525 Y238.925 E2023.80183
G1 X228.127 Y237.323 E2023.8461
G1 X228.925 Y237.323 E2023.86169
G1 X228.925 Y236.991 E2023.86818
G1 X228.128 Y236.991 E2023.88375
G1 X222.212 Y231.075 E2024.04724
G1 X228.925 Y231.075 E2024.17841
G1 X229.03 Y231.075
G1 F2400 E2018.17841
G0 F15000 X200.89 Y230.89
G0 X200.63 Y230.63
M204 S1250
;TYPE:WALL-INNER
G1 F2400 E2024.17841
G1 F7821.3 X200.63 Y239.37 E2024.33102
G1 X229.37 Y239.37 E2024.83287
G1 X229.37 Y230.63 E2024.98548
G1 X200.63 Y230.63 E2025.48733
M204 S2500
G0 F15000 X200.21 Y230.21
M204 S1250
;TYPE:WALL-OUTER
G1 F7500 X200.21 Y239.79 E2025.65461
G1 X229.79 Y239.79 E2026.17112
G1 X229.79 Y230.21 E2026.33841
G1 X200.21 Y230.21 E2026.85492
M204 S2500
G0 F15000 X200.21 Y230.41
G0 X201.24 Y231.116
G1 F2400 E2020.85492
;MESH:NONMESH
G0 F600 X201.24 Y231.116 Z10
G0 F15000 X226.527 Y230.44
G0 X226.527 Y229.335
G0 X226.527 Y200.665
G0 X226.527 Y199.56
G0 X226.527 Y191.075
;TIME_ELAPSED:1515.558886
;LAYER:97
;note -- min layer time used
;TYPE:FILL
;MESH:table_soft_spacer_30x30-Body.stl
G1 F2400 E2026.85492
G1 F8142.6 X228.127 Y192.676 E2026.89915
G1 X228.925 Y192.676 E2026.91474
G1 X228.925 Y193.008 E2026.92123
G1 X228.128 Y193.008 E2026.9368
G1 X222.21 Y198.925 E2027.10033
G1 X225.514 Y198.925 E2027.16489
G1 X217.664 Y191.075 E2027.38182
G1 X212.335 Y191.075 E2027.48595
G1 X204.485 Y198.925 E2027.70288
G1 X207.788 Y198.925 E2027.76742
G1 X201.871 Y193.008 E2027.93093
G1 X201.075 Y193.008 E2027.94648
G1 X201.075 Y192.676 E2027.95297
G1 X201.871 Y192.676 E2027.96852
G1 X203.472 Y191.075 E2028.01277
G1 X208.801 Y191.075 E2028.1169
G1 X216.651 Y198.925 E2028.33383
G1 X213.348 Y198.925 E2028.39837
G1 X221.198 Y191.075 E2028.6153
G1 X228.925 Y191.075 E2028.76628
G1 X229.03 Y191.075
G1 F2400 E2022.76628
G0 F15000 X200.89 Y199.11
G0 X200.63 Y199.37
M204 S1250
;TYPE:WALL-INNER
G1 F2400 E2028.76628
G1 F7821.3 X229.37 Y199.37 E2029.26813
G1 X229.37 Y190.63 E2029.42074
G1 X200.63 Y190.63 E2029.92259
G1 X200.63 Y199.37 E2030.0752
M204 S2500
G0 F15000 X200.21 Y199.79
M204 S1250
;TYPE:WALL-OUTER
G1 F7500 X229.79 Y199.79 E2030.59172
G1 X229.79 Y190.21 E2030.759
G1 X200.21 Y190.21 E2031.27551
G1 X200.21 Y199.79 E2031.44279
M204 S2500
G0 F15000 X200.41 Y199.79
G0 X201.116 Y198.76
G1 F2400 E2025.44279
G0 F15000 X225.513 Y199.56
G0 X225.513 Y200.665
G0 X225.513 Y229.335
G0 X225.513 Y230.44
G0 X225.513 Y231.075
;TYPE:FILL
G1 F2400 E2031.44279
G1 F8142.6 X217.662 Y238.925 E2031.65974
G1 X212.336 Y238.925 E2031.76381
G1 X204.486 Y231.075 E2031.98074
G1 X207.787 Y231.075 E2032.04524
G1 X201.871 Y236.991 E2032.20872
G1 X201.075 Y236.991 E2032.22428
G1 X201.075 Y237.323 E2032.23076
G1 X201.871 Y237.323 E2032.24632
G1 X203.474 Y238.925 E2032.2906
G1 X208.799 Y238.925 E2032.39465
G1 X216.65 Y231.075 E2032.6116
G1 X213.349 Y231.075 E2032.6761
G1 X221.199 Y238.925 E2032.89303
G1 X226.525 Y238.925 E2032.9971
G1 X228.127 Y237.323 E2033.04137
G1 X228.925 Y237.323 E2033.05696
G1 X228.925 Y236.991 E2033.06345
G1 X228.128 Y236.991 E2033.07902
G1 X222.212 Y231.075 E2033.24251
G1 X228.925 Y231.075 E2033.37368
G1 X229.03 Y231.075
G1 F2400 E2027.37368
G0 F15000 X200.89 Y230.89
G0 X200.63 Y230.63
M204 S1250
;TYPE:WALL-INNER
G1 F2400 E2033.37368
G1 F7821.3 X200.63 Y239.37 E2033.5263
G1 X229.37 Y239.37 E2034.02814
G1 X229.37 Y230.63 E2034.18076
G1 X200.63 Y230.63 E2034.6826
M204 S2500
G0 F15000 X200.21 Y230.21
M204 S1250
;TYPE:WALL-OUTER
G1 F7500 X200.21 Y239.79 E2034.84988
G1 X229.79 Y239.79 E2035.3664
G1 X229.79 Y230.21 E2035.53368
G1 X200.21 Y230.21 E2036.05019
M204 S2500
G0 F15000 X200.21 Y230.41
G0 X201.24 Y231.116
G1 F2400 E2030.05019
;MESH:NONMESH
G0 F600 X201.24 Y231.116 Z10.1
G0 F15000 X226.527 Y230.44
G0 X226.527 Y229.335
G0 X226.527 Y200.665
G0 X226.527 Y199.56
G0 X226.527 Y191.075
;TIME_ELAPSED:1525.255970
;LAYER:98
;note -- min layer time used
;TYPE:FILL
;MESH:table_soft_spacer_30x30-Body.stl
G1 F2400 E2036.05019
G1 F8142.6 X228.127 Y192.676 E2036.09442
G1 X228.925 Y192.676 E2036.11001
G1 X228.925 Y193.008 E2036.1165
G1 X228.128 Y193.008 E2036.13207
G1 X222.21 Y198.925 E2036.2956
G1 X225.514 Y198.925 E2036.36016
G1 X217.664 Y191.075 E2036.57709
G1 X212.335 Y191.075 E2036.68122
G1 X204.485 Y198.925 E2036.89815
G1 X207.788 Y198.925 E2036.96269
G1 X201.871 Y193.008 E2037.1262
G1 X201.075 Y193.008 E2037.14176
G1 X201.075 Y192.676 E2037.14824
G1 X201.871 Y192.676 E2037.1638
G1 X203.472 Y191.075 E2037.20804
G1 X208.801 Y191.075 E2037.31217
G1 X216.651 Y198.925 E2037.5291
G1 X213.348 Y198.925 E2037.59364
G1 X221.198 Y191.075 E2037.81057
G1 X228.925 Y191.075 E2037.96156
G1 X229.03 Y191.075
G1 F2400 E2031.96156
G0 F15000 X200.89 Y199.11
G0 X200.63 Y199.37
M204 S1250
;TYPE:WALL-INNER
G1 F2400 E2037.96156
G1 F7821.3 X229.37 Y199.37 E2038.4634
G1 X229.37 Y190.63 E2038.61602
G1 X200.63 Y190.63 E2039.11786
G1 X200.63 Y199.37 E2039.27048
M204 S2500
G0 F15000 X200.21 Y199.79
M204 S1250
;TYPE:WALL-OUTER
G1 F7500 X229.79 Y199.79 E2039.78699
G1 X229.79 Y190.21 E2039.95427
G1 X200.21 Y190.21 E2040.47078
G1 X200.21 Y199.79 E2040.63807
M204 S2500
G0 F15000 X200.41 Y199.79
G0 X201.116 Y198.76
G1 F2400 E2034.63807
G0 F15000 X225.513 Y199.56
G0 X225.513 Y200.665
G0 X225.513 Y229.335
G0 X225.513 Y230.44
G0 X225.513 Y231.075
;TYPE:FILL
G1 F2400 E2040.63807
G1 F8142.6 X217.662 Y238.925 E2040.85501
G1 X212.336 Y238.925 E2040.95908
G1 X204.486 Y231.075 E2041.17601
G1 X207.787 Y231.075 E2041.24051
G1 X201.871 Y236.991 E2041.404
G1 X201.075 Y236.991 E2041.41955
G1 X201.075 Y237.323 E2041.42604
G1 X201.871 Y237.323 E2041.44159
G1 X203.474 Y238.925 E2041.48587
G1 X208.799 Y238.925 E2041.58993
G1 X216.65 Y231.075 E2041.80687
G1 X213.349 Y231.075 E2041.87137
G1 X221.199 Y238.925 E2042.0883
G1 X226.525 Y238.925 E2042.19237
G1 X228.127 Y237.323 E2042.23664
G1 X228.925 Y237.323 E2042.25224
G1 X228.925 Y236.991 E2042.25872
G1 X228.128 Y236.991 E2042.2743
G1 X222.212 Y231.075 E2042.43778
G1 X228.925 Y231.075 E2042.56895
G1 X229.03 Y231.075
G1 F2400 E2036.56895
G0 F15000 X200.89 Y230.89
G0 X200.63 Y230.63
M204 S1250
;TYPE:WALL-INNER
G1 F2400 E2042.56895
G1 F7821.3 X200.63 Y239.37 E2042.72157
G1 X229.37 Y239.37 E2043.22341
G1 X229.37 Y230.63 E2043.37603
G1 X200.63 Y230.63 E2043.87787
M204 S2500
G0 F15000 X200.21 Y230.21
M204 S1250
;TYPE:WALL-OUTER
G1 F7500 X200.21 Y239.79 E2044.04516
G1 X229.79 Y239.79 E2044.56167
G1 X229.79 Y230.21 E2044.72895
G1 X200.21 Y230.21 E2045.24546
M204 S2500
G0 F15000 X200.21 Y230.41
G0 X201.24 Y231.116
G1 F2400 E2039.24546
;MESH:NONMESH
G0 F600 X201.24 Y231.116 Z10.2
G0 F15000 X226.527 Y230.44
G0 X226.527 Y229.335
G0 X226.527 Y200.665
G0 X226.527 Y199.56
G0 X226.527 Y191.075
;TIME_ELAPSED:1534.953055
;LAYER:99
;note -- min layer time used
;TYPE:FILL
;MESH:table_soft_spacer_30x30-Body.stl
G1 F2400 E2045.24546
G1 F8142.6 X228.127 Y192.676 E2045.28969
G1 X228.925 Y192.676 E2045.30529
G1 X228.925 Y193.008 E2045.31177
G1 X228.128 Y193.008 E2045.32735
G1 X222.21 Y198.925 E2045.49087
G1 X225.514 Y198.925 E2045.55543
G1 X217.664 Y191.075 E2045.77236
G1 X212.335 Y191.075 E2045.87649
G1 X204.485 Y198.925 E2046.09342
G1 X207.788 Y198.925 E2046.15796
G1 X201.871 Y193.008 E2046.32147
G1 X201.075 Y193.008 E2046.33703
G1 X201.075 Y192.676 E2046.34352
G1 X201.871 Y192.676 E2046.35907
G1 X203.472 Y191.075 E2046.40331
G1 X208.801 Y191.075 E2046.50744
G1 X216.651 Y198.925 E2046.72437
G1 X213.348 Y198.925 E2046.78891
G1 X221.198 Y191.075 E2047.00584
G1 X228.925 Y191.075 E2047.15683
G1 X229.03 Y191.075
G1 F2400 E2041.15683
G0 F15000 X200.89 Y199.11
G0 X200.63 Y199.37
M204 S1250
;TYPE:WALL-INNER
G1 F2400 E2047.15683
G1 F7821.3 X229.37 Y199.37 E2047.65867
G1 X229.37 Y190.63 E2047.81129
G1 X200.63 Y190.63 E2048.31313
G1 X200.63 Y199.37 E2048.46575
M204 S2500
G0 F15000 X200.21 Y199.79
M204 S1250
;TYPE:WALL-OUTER
G1 F7500 X229.79 Y199.79 E2048.98226
G1 X229.79 Y190.21 E2049.14954
G1 X200.21 Y190.21 E2049.66606
G1 X200.21 Y199.79 E2049.83334
M204 S2500
G0 F15000 X200.41 Y199.79
G0 X201.116 Y198.76
G1 F2400 E2043.83334
G0 F15000 X225.513 Y199.56
G0 X225.513 Y200.665
G0 X225.513 Y229.335
G0 X225.513 Y230.44
G0 X225.513 Y231.075
;TYPE:FILL
G1 F2400 E2049.83334
G1 F8142.6 X217.662 Y238.925 E2050.05028
G1 X212.336 Y238.925 E2050.15435
G1 X204.486 Y231.075 E2050.37128
G1 X207.787 Y231.075 E2050.43578
G1 X201.871 Y236.991 E2050.59927
G1 X201.075 Y236.991 E2050.61482
G1 X201.075 Y237.323 E2050.62131
G1 X201.871 Y237.323 E2050.63686
G1 X203.474 Y238.925 E2050.68115
G1 X208.799 Y238.925 E2050.7852
G1 X216.65 Y231.075 E2051.00214
G1 X213.349 Y231.075 E2051.06664
G1 X221.199 Y238.925 E2051.28357
G1 X226.525 Y238.925 E2051.38764
G1 X228.127 Y237.323 E2051.43191
G1 X228.925 Y237.323 E2051.44751
G1 X228.925 Y236.991 E2051.454
G1 X228.128 Y236.991 E2051.46957
G1 X222.212 Y231.075 E2051.63305
G1 X228.925 Y231.075 E2051.76423
G1 X229.03 Y231.075
G1 F2400 E2045.76423
G0 F15000 X200.89 Y230.89
G0 X200.63 Y230.63
M204 S1250
;TYPE:WALL-INNER
G1 F2400 E2051.76423
G1 F7821.3 X200.63 Y239.37 E2051.91684
G1 X229.37 Y239.37 E2052.41869
G1 X229.37 Y230.63 E2052.5713
G1 X200.63 Y230.63 E2053.07315
M204 S2500
G0 F15000 X200.21 Y230.21
M204 S1250
;TYPE:WALL-OUTER
G1 F7500 X200.21 Y239.79 E2053.24043
G1 X229.79 Y239.79 E2053.75694
G1 X229.79 Y230.21 E2053.92422
G1 X200.21 Y230.21 E2054.44074
M204 S2500
G0 F15000 X200.21 Y230.41
G0 X201.24 Y231.116
G1 F2400 E2048.44074
;MESH:NONMESH
G0 F600 X201.24 Y231.116 Z10.3
G0 F15000 X226.527 Y230.44
G0 X226.527 Y229.335
G0 X226.527 Y200.665
G0 X226.527 Y199.56
G0 X226.527 Y191.075
;TIME_ELAPSED:1544.650140
;LAYER:100
;note -- min layer time used
;TYPE:FILL
;MESH:table_soft_spacer_30x30-Body.stl
G1 F2400 E2054.44074
G1 F8142.6 X228.127 Y192.676 E2054.48497
G1 X228.925 Y192.676 E2054.50056
G1 X228.925 Y193.008 E2054.50705
G1 X228.128 Y193.008 E2054.52262
G1 X222.21 Y198.925 E2054.68614
G1 X225.514 Y198.925 E2054.75071
G1 X217.664 Y191.075 E2054.96763
G1 X212.335 Y191.075 E2055.07176
G1 X204.485 Y198.925 E2055.28869
G1 X207.788 Y198.925 E2055.35324
G1 X201.871 Y193.008 E2055.51675
G1 X201.075 Y193.008 E2055.5323
G1 X201.075 Y192.676 E2055.53879
G1 X201.871 Y192.676 E2055.55434
G1 X203.472 Y191.075 E2055.59858
G1 X208.801 Y191.075 E2055.70271
G1 X216.651 Y198.925 E2055.91964
G1 X213.348 Y198.925 E2055.98419
G1 X221.198 Y191.075 E2056.20111
G1 X228.925 Y191.075 E2056.3521
G1 X229.03 Y191.075
G1 F2400 E2050.3521
G0 F15000 X200.89 Y199.11
G0 X200.63 Y199.37
M204 S1250
;TYPE:WALL-INNER
G1 F2400 E2056.3521
G1 F7821.3 X229.37 Y199.37 E2056.85395
G1 X229.37 Y190.63 E2057.00656
G1 X200.63 Y190.63 E2057.50841
G1 X200.63 Y199.37 E2057.66102
M204 S2500
G0 F15000 X200.21 Y199.79
M204 S1250
;TYPE:WALL-OUTER
G1 F7500 X229.79 Y199.79 E2058.17753
G1 X229.79 Y190.21 E2058.34482
G1 X200.21 Y190.21 E2058.86133
G1 X200.21 Y199.79 E2059.02861
M204 S2500
G0 F15000 X200.41 Y199.79
G0 X201.116 Y198.76
G1 F2400 E2053.02861
G0 F15000 X225.513 Y199.56
G0 X225.513 Y200.665
G0 X225.513 Y229.335
G0 X225.513 Y230.44
G0 X225.513 Y231.075
;TYPE:FILL
G1 F2400 E2059.02861
G1 F8142.6 X217.662 Y238.925 E2059.24555
G1 X212.336 Y238.925 E2059.34963
G1 X204.486 Y231.075 E2059.56655
G1 X207.787 Y231.075 E2059.63106
G1 X201.871 Y236.991 E2059.79454
G1 X201.075 Y236.991 E2059.81009
G1 X201.075 Y237.323 E2059.81658
G1 X201.871 Y237.323 E2059.83214
G1 X203.474 Y238.925 E2059.87642
G1 X208.799 Y238.925 E2059.98047
G1 X216.65 Y231.075 E2060.19741
G1 X213.349 Y231.075 E2060.26192
G1 X221.199 Y238.925 E2060.47885
G1 X226.525 Y238.925 E2060.58292
G1 X228.127 Y237.323 E2060.62719
G1 X228.925 Y237.323 E2060.64278
G1 X228.925 Y236.991 E2060.64927
G1 X228.128 Y236.991 E2060.66484
G1 X222.212 Y231.075 E2060.82833
G1 X228.925 Y231.075 E2060.9595
G1 X229.03 Y231.075
G1 F2400 E2054.9595
G0 F15000 X200.89 Y230.89
G0 X200.63 Y230.63
M204 S1250
;TYPE:WALL-INNER
G1 F2400 E2060.9595
G1 F7821.3 X200.63 Y239.37 E2061.11211
G1 X229.37 Y239.37 E2061.61396
G1 X229.37 Y230.63 E2061.76657
G1 X200.63 Y230.63 E2062.26842
M204 S2500
G0 F15000 X200.21 Y230.21
M204 S1250
;TYPE:WALL-OUTER
G1 F7500 X200.21 Y239.79 E2062.4357
G1 X229.79 Y239.79 E2062.95221
G1 X229.79 Y230.21 E2063.1195
G1 X200.21 Y230.21 E2063.63601
M204 S2500
G0 F15000 X200.21 Y230.41
G0 X201.24 Y231.116
G1 F2400 E2057.63601
;MESH:NONMESH
G0 F600 X201.24 Y231.116 Z10.4
G0 F15000 X226.527 Y230.44
G0 X226.527 Y229.335
G0 X226.527 Y200.665
G0 X226.527 Y199.56
G0 X226.527 Y191.075
;TIME_ELAPSED:1554.347224
;LAYER:101
;note -- min layer time used
;TYPE:FILL
;MESH:table_soft_spacer_30x30-Body.stl
G1 F2400 E2063.63601
G1 F8142.6 X228.127 Y192.676 E2063.68024
G1 X228.925 Y192.676 E2063.69583
G1 X228.925 Y193.008 E2063.70232
G1 X228.128 Y193.008 E2063.71789
G1 X222.21 Y198.925 E2063.88142
G1 X225.514 Y198.925 E2063.94598
G1 X217.664 Y191.075 E2064.16291
G1 X212.335 Y191.075 E2064.26704
G1 X204.485 Y198.925 E2064.48397
G1 X207.788 Y198.925 E2064.54851
G1 X201.871 Y193.008 E2064.71202
G1 X201.075 Y193.008 E2064.72757
G1 X201.075 Y192.676 E2064.73406
G1 X201.871 Y192.676 E2064.74961
G1 X203.472 Y191.075 E2064.79386
G1 X208.801 Y191.075 E2064.89799
G1 X216.651 Y198.925 E2065.11492
G1 X213.348 Y198.925 E2065.17946
G1 X221.198 Y191.075 E2065.39639
G1 X228.925 Y191.075 E2065.54737
G1 X229.03 Y191.075
G1 F2400 E2059.54737
G0 F15000 X200.89 Y199.11
G0 X200.63 Y199.37
M204 S1250
;TYPE:WALL-INNER
G1 F2400 E2065.54737
G1 F7821.3 X229.37 Y199.37 E2066.04922
G1 X229.37 Y190.63 E2066.20183
G1 X200.63 Y190.63 E2066.70368
G1 X200.63 Y199.37 E2066.85629
M204 S2500
G0 F15000 X200.21 Y199.79
M204 S1250
;TYPE:WALL-OUTER
G1 F7500 X229.79 Y199.79 E2067.37281
G1 X229.79 Y190.21 E2067.54009
G1 X200.21 Y190.21 E2068.0566
G1 X200.21 Y199.79 E2068.22388
M204 S2500
G0 F15000 X200.41 Y199.79
G0 X201.116 Y198.76
G1 F2400 E2062.22388
G0 F15000 X225.513 Y199.56
G0 X225.513 Y200.665
G0 X225.513 Y229.335
G0 X225.513 Y230.44
G0 X225.513 Y231.075
;TYPE:FILL
G1 F2400 E2068.22388
G1 F8142.6 X217.662 Y238.925 E2068.44083
G1 X212.336 Y238.925 E2068.5449
G1 X204.486 Y231.075 E2068.76183
G1 X207.787 Y231.075 E2068.82633
G1 X201.871 Y236.991 E2068.98981
G1 X201.075 Y236.991 E2069.00537
G1 X201.075 Y237.323 E2069.01185
G1 X201.871 Y237.323 E2069.02741
G1 X203.474 Y238.925 E2069.07169
G1 X208.799 Y238.925 E2069.17574
G1 X216.65 Y231.075 E2069.39269
G1 X213.349 Y231.075 E2069.45719
G1 X221.199 Y238.925 E2069.67412
G1 X226.525 Y238.925 E2069.77819
G1 X228.127 Y237.323 E2069.82246
G1 X228.925 Y237.323 E2069.83805
G1 X228.925 Y236.991 E2069.84454
G1 X228.128 Y236.991 E2069.86011
G1 X222.212 Y231.075 E2070.0236
G1 X228.925 Y231.075 E2070.15477
G1 X229.03 Y231.075
G1 F2400 E2064.15477
G0 F15000 X200.89 Y230.89
G0 X200.63 Y230.63
M204 S1250
;TYPE:WALL-INNER
G1 F2400 E2070.15477
G1 F7821.3 X200.63 Y239.37 E2070.30739
G1 X229.37 Y239.37 E2070.80923
G1 X229.37 Y230.63 E2070.96185
G1 X200.63 Y230.63 E2071.46369
M204 S2500
G0 F15000 X200.21 Y230.21
M204 S1250
;TYPE:WALL-OUTER
G1 F7500 X200.21 Y239.79 E2071.63097
G1 X229.79 Y239.79 E2072.14749
G1 X229.79 Y230.21 E2072.31477
G1 X200.21 Y230.21 E2072.83128
M204 S2500
G0 F15000 X200.21 Y230.41
G0 X201.24 Y231.116
G1 F2400 E2066.83128
;MESH:NONMESH
G0 F600 X201.24 Y231.116 Z10.5
G0 F15000 X226.527 Y230.44
G0 X226.527 Y229.335
G0 X226.527 Y200.665
G0 X226.527 Y199.56
G0 X226.527 Y191.075
;TIME_ELAPSED:1564.044309
;LAYER:102
;note -- min layer time used
;TYPE:FILL
;MESH:table_soft_spacer_30x30-Body.stl
G1 F2400 E2072.83128
G1 F8142.6 X228.127 Y192.676 E2072.87551
G1 X228.925 Y192.676 E2072.8911
G1 X228.925 Y193.008 E2072.89759
G1 X228.128 Y193.008 E2072.91316
G1 X222.21 Y198.925 E2073.07669
G1 X225.514 Y198.925 E2073.14125
G1 X217.664 Y191.075 E2073.35818
G1 X212.335 Y191.075 E2073.46231
G1 X204.485 Y198.925 E2073.67924
G1 X207.788 Y198.925 E2073.74378
G1 X201.871 Y193.008 E2073.90729
G1 X201.075 Y193.008 E2073.92285
G1 X201.075 Y192.676 E2073.92933
G1 X201.871 Y192.676 E2073.94489
G1 X203.472 Y191.075 E2073.98913
G1 X208.801 Y191.075 E2074.09326
G1 X216.651 Y198.925 E2074.31019
G1 X213.348 Y198.925 E2074.37473
G1 X221.198 Y191.075 E2074.59166
G1 X228.925 Y191.075 E2074.74265
G1 X229.03 Y191.075
G1 F2400 E2068.74265
G0 F15000 X200.89 Y199.11
G0 X200.63 Y199.37
M204 S1250
;TYPE:WALL-INNER
G1 F2400 E2074.74265
G1 F7821.3 X229.37 Y199.37 E2075.24449
G1 X229.37 Y190.63 E2075.39711
G1 X200.63 Y190.63 E2075.89895
G1 X200.63 Y199.37 E2076.05157
M204 S2500
G0 F15000 X200.21 Y199.79
M204 S1250
;TYPE:WALL-OUTER
G1 F7500 X229.79 Y199.79 E2076.56808
G1 X229.79 Y190.21 E2076.73536
G1 X200.21 Y190.21 E2077.25187
G1 X200.21 Y199.79 E2077.41916
M204 S2500
G0 F15000 X200.41 Y199.79
G0 X201.116 Y198.76
G1 F2400 E2071.41916
G0 F15000 X225.513 Y199.56
G0 X225.513 Y200.665
G0 X225.513 Y229.335
G0 X225.513 Y230.44
G0 X225.513 Y231.075
;TYPE:FILL
G1 F2400 E2077.41916
G1 F8142.6 X217.662 Y238.925 E2077.6361
G1 X212.336 Y238.925 E2077.74017
G1 X204.486 Y231.075 E2077.9571
G1 X207.787 Y231.075 E2078.0216
G1 X201.871 Y236.991 E2078.18509
G1 X201.075 Y236.991 E2078.20064
G1 X201.075 Y237.323 E2078.20713
G1 X201.871 Y237.323 E2078.22268
G1 X203.474 Y238.925 E2078.26696
G1 X208.799 Y238.925 E2078.37102
G1 X216.65 Y231.075 E2078.58796
G1 X213.349 Y231.075 E2078.65246
G1 X221.199 Y238.925 E2078.86939
G1 X226.525 Y238.925 E2078.97346
G1 X228.127 Y237.323 E2079.01773
G1 X228.925 Y237.323 E2079.03333
G1 X228.925 Y236.991 E2079.03981
G1 X228.128 Y236.991 E2079.05539
G1 X222.212 Y231.075 E2079.21887
G1 X228.925 Y231.075 E2079.35004
G1 X229.03 Y231.075
G1 F2400 E2073.35004
G0 F15000 X200.89 Y230.89
G0 X200.63 Y230.63
M204 S1250
;TYPE:WALL-INNER
G1 F2400 E2079.35004
G1 F7821.3 X200.63 Y239.37 E2079.50266
G1 X229.37 Y239.37 E2080.0045
G1 X229.37 Y230.63 E2080.15712
G1 X200.63 Y230.63 E2080.65896
M204 S2500
G0 F15000 X200.21 Y230.21
M204 S1250
;TYPE:WALL-OUTER
G1 F7500 X200.21 Y239.79 E2080.82625
G1 X229.79 Y239.79 E2081.34276
G1 X229.79 Y230.21 E2081.51004
G1 X200.21 Y230.21 E2082.02655
M204 S2500
G0 F15000 X200.21 Y230.41
G0 X201.24 Y231.116
G1 F2400 E2076.02655
;MESH:NONMESH
G0 F600 X201.24 Y231.116 Z10.6
G0 F15000 X226.527 Y230.44
G0 X226.527 Y229.335
G0 X226.527 Y200.665
G0 X226.527 Y199.56
G0 X226.527 Y191.075
;TIME_ELAPSED:1573.741394
;LAYER:103
;note -- min layer time used
;TYPE:FILL
;MESH:table_soft_spacer_30x30-Body.stl
G1 F2400 E2082.02655
G1 F8142.6 X228.127 Y192.676 E2082.07078
G1 X228.925 Y192.676 E2082.08638
G1 X228.925 Y193.008 E2082.09286
G1 X228.128 Y193.008 E2082.10844
G1 X222.21 Y198.925 E2082.27196
G1 X225.514 Y198.925 E2082.33652
G1 X217.664 Y191.075 E2082.55345
G1 X212.335 Y191.075 E2082.65758
G1 X204.485 Y198.925 E2082.87451
G1 X207.788 Y198.925 E2082.93905
G1 X201.871 Y193.008 E2083.10256
G1 X201.075 Y193.008 E2083.11812
G1 X201.075 Y192.676 E2083.12461
G1 X201.871 Y192.676 E2083.14016
G1 X203.472 Y191.075 E2083.1844
G1 X208.801 Y191.075 E2083.28853
G1 X216.651 Y198.925 E2083.50546
G1 X213.348 Y198.925 E2083.57
G1 X221.198 Y191.075 E2083.78693
G1 X228.925 Y191.075 E2083.93792
G1 X229.03 Y191.075
G1 F2400 E2077.93792
G0 F15000 X200.89 Y199.11
G0 X200.63 Y199.37
M204 S1250
;TYPE:WALL-INNER
G1 F2400 E2083.93792
G1 F7821.3 X229.37 Y199.37 E2084.43976
G1 X229.37 Y190.63 E2084.59238
G1 X200.63 Y190.63 E2085.09422
G1 X200.63 Y199.37 E2085.24684
M204 S2500
G0 F15000 X200.21 Y199.79
M204 S1250
;TYPE:WALL-OUTER
G1 F7500 X229.79 Y199.79 E2085.76335
G1 X229.79 Y190.21 E2085.93063
G1 X200.21 Y190.21 E2086.44715
G1 X200.21 Y199.79 E2086.61443
M204 S2500
G0 F15000 X200.41 Y199.79
G0 X201.116 Y198.76
G1 F2400 E2080.61443
G0 F15000 X225.513 Y199.56
G0 X225.513 Y200.665
G0 X225.513 Y229.335
G0 X225.513 Y230.44
G0 X225.513 Y231.075
;TYPE:FILL
G1 F2400 E2086.61443
G1 F8142.6 X217.662 Y238.925 E2086.83137
G1 X212.336 Y238.925 E2086.93544
G1 X204.486 Y231.075 E2087.15237
G1 X207.787 Y231.075 E2087.21687
G1 X201.871 Y236.991 E2087.38036
G1 X201.075 Y236.991 E2087.39591
G1 X201.075 Y237.323 E2087.4024
G1 X201.871 Y237.323 E2087.41795
G1 X203.474 Y238.925 E2087.46224
G1 X208.799 Y238.925 E2087.56629
G1 X216.65 Y231.075 E2087.78323
G1 X213.349 Y231.075 E2087.84773
G1 X221.199 Y238.925 E2088.06466
G1 X226.525 Y238.925 E2088.16873
G1 X228.127 Y237.323 E2088.213
G1 X228.925 Y237.323 E2088.2286
G1 X228.925 Y236.991 E2088.23509
G1 X228.128 Y236.991 E2088.25066
G1 X222.212 Y231.075 E2088.41414
G1 X228.925 Y231.075 E2088.54532
G1 X229.03 Y231.075
G1 F2400 E2082.54532
G0 F15000 X200.89 Y230.89
G0 X200.63 Y230.63
M204 S1250
;TYPE:WALL-INNER
G1 F2400 E2088.54532
G1 F7821.3 X200.63 Y239.37 E2088.69793
G1 X229.37 Y239.37 E2089.19978
G1 X229.37 Y230.63 E2089.35239
G1 X200.63 Y230.63 E2089.85424
M204 S2500
G0 F15000 X200.21 Y230.21
M204 S1250
;TYPE:WALL-OUTER
G1 F7500 X200.21 Y239.79 E2090.02152
G1 X229.79 Y239.79 E2090.53803
G1 X229.79 Y230.21 E2090.70531
G1 X200.21 Y230.21 E2091.22183
M204 S2500
G0 F15000 X200.21 Y230.41
G0 X201.24 Y231.116
G1 F2400 E2085.22183
;MESH:NONMESH
G0 F600 X201.24 Y231.116 Z10.7
G0 F15000 X226.527 Y230.44
G0 X226.527 Y229.335
G0 X226.527 Y200.665
G0 X226.527 Y199.56
G0 X226.527 Y191.075
;TIME_ELAPSED:1583.438478
;LAYER:104
;note -- min layer time used
;TYPE:FILL
;MESH:table_soft_spacer_30x30-Body.stl
G1 F2400 E2091.22183
G1 F8142.6 X228.127 Y192.676 E2091.26606
G1 X228.925 Y192.676 E2091.28165
G1 X228.925 Y193.008 E2091.28814
G1 X228.128 Y193.008 E2091.30371
G1 X222.21 Y198.925 E2091.46723
G1 X225.514 Y198.925 E2091.5318
G1 X217.664 Y191.075 E2091.74872
G1 X212.335 Y191.075 E2091.85285
G1 X204.485 Y198.925 E2092.06978
G1 X207.788 Y198.925 E2092.13433
G1 X201.871 Y193.008 E2092.29784
G1 X201.075 Y193.008 E2092.31339
G1 X201.075 Y192.676 E2092.31988
G1 X201.871 Y192.676 E2092.33543
G1 X203.472 Y191.075 E2092.37967
G1 X208.801 Y191.075 E2092.4838
G1 X216.651 Y198.925 E2092.70073
G1 X213.348 Y198.925 E2092.76528
G1 X221.198 Y191.075 E2092.9822
G1 X228.925 Y191.075 E2093.13319
G1 X229.03 Y191.075
G1 F2400 E2087.13319
G0 F15000 X200.89 Y199.11
G0 X200.63 Y199.37
M204 S1250
;TYPE:WALL-INNER
G1 F2400 E2093.13319
G1 F7821.3 X229.37 Y199.37 E2093.63504
G1 X229.37 Y190.63 E2093.78765
G1 X200.63 Y190.63 E2094.2895
G1 X200.63 Y199.37 E2094.44211
M204 S2500
G0 F15000 X200.21 Y199.79
M204 S1250
;TYPE:WALL-OUTER
G1 F7500 X229.79 Y199.79 E2094.95862
G1 X229.79 Y190.21 E2095.12591
G1 X200.21 Y190.21 E2095.64242
G1 X200.21 Y199.79 E2095.8097
M204 S2500
G0 F15000 X200.41 Y199.79
G0 X201.116 Y198.76
G1 F2400 E2089.8097
G0 F15000 X225.513 Y199.56
G0 X225.513 Y200.665
G0 X225.513 Y229.335
G0 X225.513 Y230.44
G0 X225.513 Y231.075
;TYPE:FILL
G1 F2400 E2095.8097
G1 F8142.6 X217.662 Y238.925 E2096.02664
G1 X212.336 Y238.925 E2096.13072
G1 X204.486 Y231.075 E2096.34764
G1 X207.787 Y231.075 E2096.41215
G1 X201.871 Y236.991 E2096.57563
G1 X201.075 Y236.991 E2096.59118
G1 X201.075 Y237.323 E2096.59767
G1 X201.871 Y237.323 E2096.61323
G1 X203.474 Y238.925 E2096.65751
G1 X208.799 Y238.925 E2096.76156
G1 X216.65 Y231.075 E2096.9785
G1 X213.349 Y231.075 E2097.04301
G1 X221.199 Y238.925 E2097.25994
G1 X226.525 Y238.925 E2097.36401
G1 X228.127 Y237.323 E2097.40828
G1 X228.925 Y237.323 E2097.42387
G1 X228.925 Y236.991 E2097.43036
G1 X228.128 Y236.991 E2097.44593
G1 X222.212 Y231.075 E2097.60942
G1 X228.925 Y231.075 E2097.74059
G1 X229.03 Y231.075
G1 F2400 E2091.74059
G0 F15000 X200.89 Y230.89
G0 X200.63 Y230.63
M204 S1250
;TYPE:WALL-INNER
G1 F2400 E2097.74059
G1 F7821.3 X200.63 Y239.37 E2097.8932
G1 X229.37 Y239.37 E2098.39505
G1 X229.37 Y230.63 E2098.54766
G1 X200.63 Y230.63 E2099.04951
M204 S2500
G0 F15000 X200.21 Y230.21
M204 S1250
;TYPE:WALL-OUTER
G1 F7500 X200.21 Y239.79 E2099.21679
G1 X229.79 Y239.79 E2099.7333
G1 X229.79 Y230.21 E2099.90059
G1 X200.21 Y230.21 E2100.4171
M204 S2500
G0 F15000 X200.21 Y230.41
G0 X201.24 Y231.116
G1 F2400 E2094.4171
;MESH:NONMESH
G0 F600 X201.24 Y231.116 Z10.8
G0 F15000 X226.527 Y230.44
G0 X226.527 Y229.335
G0 X226.527 Y200.665
G0 X226.527 Y199.56
G0 X226.527 Y191.075
;TIME_ELAPSED:1593.135563
;LAYER:105
;note -- min layer time used
;TYPE:FILL
;MESH:table_soft_spacer_30x30-Body.stl
G1 F2400 E2100.4171
G1 F8142.6 X228.127 Y192.676 E2100.46133
G1 X228.925 Y192.676 E2100.47692
G1 X228.925 Y193.008 E2100.48341
G1 X228.128 Y193.008 E2100.49898
G1 X222.21 Y198.925 E2100.66251
G1 X225.514 Y198.925 E2100.72707
G1 X217.664 Y191.075 E2100.944
G1 X212.335 Y191.075 E2101.04813
G1 X204.485 Y198.925 E2101.26506
G1 X207.788 Y198.925 E2101.3296
G1 X201.871 Y193.008 E2101.49311
G1 X201.075 Y193.008 E2101.50866
G1 X201.075 Y192.676 E2101.51515
G1 X201.871 Y192.676 E2101.5307
G1 X203.472 Y191.075 E2101.57495
G1 X208.801 Y191.075 E2101.67908
G1 X216.651 Y198.925 E2101.89601
G1 X213.348 Y198.925 E2101.96055
G1 X221.198 Y191.075 E2102.17748
G1 X228.925 Y191.075 E2102.32846
G1 X229.03 Y191.075
G1 F2400 E2096.32846
G0 F15000 X200.89 Y199.11
G0 X200.63 Y199.37
M204 S1250
;TYPE:WALL-INNER
G1 F2400 E2102.32846
G1 F7821.3 X229.37 Y199.37 E2102.83031
G1 X229.37 Y190.63 E2102.98292
G1 X200.63 Y190.63 E2103.48477
G1 X200.63 Y199.37 E2103.63738
M204 S2500
G0 F15000 X200.21 Y199.79
M204 S1250
;TYPE:WALL-OUTER
G1 F7500 X229.79 Y199.79 E2104.1539
G1 X229.79 Y190.21 E2104.32118
G1 X200.21 Y190.21 E2104.83769
G1 X200.21 Y199.79 E2105.00497
M204 S2500
G0 F15000 X200.41 Y199.79
G0 X201.116 Y198.76
G1 F2400 E2099.00497
G0 F15000 X225.513 Y199.56
G0 X225.513 Y200.665
G0 X225.513 Y229.335
G0 X225.513 Y230.44
G0 X225.513 Y231.075
;TYPE:FILL
G1 F2400 E2105.00497
G1 F8142.6 X217.662 Y238.925 E2105.22192
G1 X212.336 Y238.925 E2105.32599
G1 X204.486 Y231.075 E2105.54292
G1 X207.787 Y231.075 E2105.60742
G1 X201.871 Y236.991 E2105.7709
G1 X201.075 Y236.991 E2105.78646
G1 X201.075 Y237.323 E2105.79294
G1 X201.871 Y237.323 E2105.8085
G1 X203.474 Y238.925 E2105.85278
G1 X208.799 Y238.925 E2105.95683
G1 X216.65 Y231.075 E2106.17378
G1 X213.349 Y231.075 E2106.23828
G1 X221.199 Y238.925 E2106.45521
G1 X226.525 Y238.925 E2106.55928
G1 X228.127 Y237.323 E2106.60355
G1 X228.925 Y237.323 E2106.61914
G1 X228.925 Y236.991 E2106.62563
G1 X228.128 Y236.991 E2106.6412
G1 X222.212 Y231.075 E2106.80469
G1 X228.925 Y231.075 E2106.93586
G1 X229.03 Y231.075
G1 F2400 E2100.93586
G0 F15000 X200.89 Y230.89
G0 X200.63 Y230.63
M204 S1250
;TYPE:WALL-INNER
G1 F2400 E2106.93586
G1 F7821.3 X200.63 Y239.37 E2107.08848
G1 X229.37 Y239.37 E2107.59032
G1 X229.37 Y230.63 E2107.74294
G1 X200.63 Y230.63 E2108.24478
M204 S2500
G0 F15000 X200.21 Y230.21
M204 S1250
;TYPE:WALL-OUTER
G1 F7500 X200.21 Y239.79 E2108.41206
G1 X229.79 Y239.79 E2108.92858
G1 X229.79 Y230.21 E2109.09586
G1 X200.21 Y230.21 E2109.61237
M204 S2500
G0 F15000 X200.21 Y230.41
G0 X201.24 Y231.116
G1 F2400 E2103.61237
;MESH:NONMESH
G0 F600 X201.24 Y231.116 Z10.9
G0 F15000 X226.527 Y230.44
G0 X226.527 Y229.335
G0 X226.527 Y200.665
G0 X226.527 Y199.56
G0 X226.527 Y191.075
;TIME_ELAPSED:1602.832648
;LAYER:106
;note -- min layer time used
;TYPE:FILL
;MESH:table_soft_spacer_30x30-Body.stl
G1 F2400 E2109.61237
G1 F8142.6 X228.127 Y192.676 E2109.6566
G1 X228.925 Y192.676 E2109.67219
G1 X228.925 Y193.008 E2109.67868
G1 X228.128 Y193.008 E2109.69425
G1 X222.21 Y198.925 E2109.85778
G1 X225.514 Y198.925 E2109.92234
G1 X217.664 Y191.075 E2110.13927
G1 X212.335 Y191.075 E2110.2434
G1 X204.485 Y198.925 E2110.46033
G1 X207.788 Y198.925 E2110.52487
G1 X201.871 Y193.008 E2110.68838
G1 X201.075 Y193.008 E2110.70394
G1 X201.075 Y192.676 E2110.71042
G1 X201.871 Y192.676 E2110.72598
G1 X203.472 Y191.075 E2110.77022
G1 X208.801 Y191.075 E2110.87435
G1 X216.651 Y198.925 E2111.09128
G1 X213.348 Y198.925 E2111.15582
G1 X221.198 Y191.075 E2111.37275
G1 X228.925 Y191.075 E2111.52374
G1 X229.03 Y191.075
G1 F2400 E2105.52374
G0 F15000 X200.89 Y199.11
G0 X200.63 Y199.37
M204 S1250
;TYPE:WALL-INNER
G1 F2400 E2111.52374
G1 F7821.3 X229.37 Y199.37 E2112.02558
G1 X229.37 Y190.63 E2112.1782
G1 X200.63 Y190.63 E2112.68004
G1 X200.63 Y199.37 E2112.83266
M204 S2500
G0 F15000 X200.21 Y199.79
M204 S1250
;TYPE:WALL-OUTER
G1 F7500 X229.79 Y199.79 E2113.34917
G1 X229.79 Y190.21 E2113.51645
G1 X200.21 Y190.21 E2114.03296
G1 X200.21 Y199.79 E2114.20025
M204 S2500
G0 F15000 X200.41 Y199.79
G0 X201.116 Y198.76
G1 F2400 E2108.20025
G0 F15000 X225.513 Y199.56
G0 X225.513 Y200.665
G0 X225.513 Y229.335
G0 X225.513 Y230.44
G0 X225.513 Y231.075
;TYPE:FILL
G1 F2400 E2114.20025
G1 F8142.6 X217.662 Y238.925 E2114.41719
G1 X212.336 Y238.925 E2114.52126
G1 X204.486 Y231.075 E2114.73819
G1 X207.787 Y231.075 E2114.80269
G1 X201.871 Y236.991 E2114.96618
G1 X201.075 Y236.991 E2114.98173
G1 X201.075 Y237.323 E2114.98822
G1 X201.871 Y237.323 E2115.00377
G1 X203.474 Y238.925 E2115.04805
G1 X208.799 Y238.925 E2115.15211
G1 X216.65 Y231.075 E2115.36905
G1 X213.349 Y231.075 E2115.43355
G1 X221.199 Y238.925 E2115.65048
G1 X226.525 Y238.925 E2115.75455
G1 X228.127 Y237.323 E2115.79882
G1 X228.925 Y237.323 E2115.81442
G1 X228.925 Y236.991 E2115.8209
G1 X228.128 Y236.991 E2115.83648
G1 X222.212 Y231.075 E2115.99996
G1 X228.925 Y231.075 E2116.13113
G1 X229.03 Y231.075
G1 F2400 E2110.13113
G0 F15000 X200.89 Y230.89
G0 X200.63 Y230.63
M204 S1250
;TYPE:WALL-INNER
G1 F2400 E2116.13113
G1 F7821.3 X200.63 Y239.37 E2116.28375
G1 X229.37 Y239.37 E2116.78559
G1 X229.37 Y230.63 E2116.93821
G1 X200.63 Y230.63 E2117.44005
M204 S2500
G0 F15000 X200.21 Y230.21
M204 S1250
;TYPE:WALL-OUTER
G1 F7500 X200.21 Y239.79 E2117.60734
G1 X229.79 Y239.79 E2118.12385
G1 X229.79 Y230.21 E2118.29113
G1 X200.21 Y230.21 E2118.80764
M204 S2500
G0 F15000 X200.21 Y230.41
G0 X201.24 Y231.116
G1 F2400 E2112.80764
;MESH:NONMESH
G0 F600 X201.24 Y231.116 Z11
G0 F15000 X226.527 Y230.44
G0 X226.527 Y229.335
G0 X226.527 Y200.665
G0 X226.527 Y199.56
G0 X226.527 Y191.075
;TIME_ELAPSED:1612.529733
;LAYER:107
;note -- min layer time used
;TYPE:FILL
;MESH:table_soft_spacer_30x30-Body.stl
G1 F2400 E2118.80764
G1 F8142.6 X228.127 Y192.676 E2118.85187
G1 X228.925 Y192.676 E2118.86747
G1 X228.925 Y193.008 E2118.87395
G1 X228.128 Y193.008 E2118.88953
G1 X222.21 Y198.925 E2119.05305
G1 X225.514 Y198.925 E2119.11761
G1 X217.664 Y191.075 E2119.33454
G1 X212.335 Y191.075 E2119.43867
G1 X204.485 Y198.925 E2119.6556
G1 X207.788 Y198.925 E2119.72014
G1 X201.871 Y193.008 E2119.88365
G1 X201.075 Y193.008 E2119.89921
G1 X201.075 Y192.676 E2119.9057
G1 X201.871 Y192.676 E2119.92125
G1 X203.472 Y191.075 E2119.96549
G1 X208.801 Y191.075 E2120.06962
G1 X216.651 Y198.925 E2120.28655
G1 X213.348 Y198.925 E2120.35109
G1 X221.198 Y191.075 E2120.56802
G1 X228.925 Y191.075 E2120.71901
G1 X229.03 Y191.075
G1 F2400 E2114.71901
G0 F15000 X200.89 Y199.11
G0 X200.63 Y199.37
M204 S1250
;TYPE:WALL-INNER
G1 F2400 E2120.71901
G1 F7821.3 X229.37 Y199.37 E2121.22085
G1 X229.37 Y190.63 E2121.37347
G1 X200.63 Y190.63 E2121.87531
G1 X200.63 Y199.37 E2122.02793
M204 S2500
G0 F15000 X200.21 Y199.79
M204 S1250
;TYPE:WALL-OUTER
G1 F7500 X229.79 Y199.79 E2122.54444
G1 X229.79 Y190.21 E2122.71172
G1 X200.21 Y190.21 E2123.22824
G1 X200.21 Y199.79 E2123.39552
M204 S2500
G0 F15000 X200.41 Y199.79
G0 X201.116 Y198.76
G1 F2400 E2117.39552
G0 F15000 X225.513 Y199.56
G0 X225.513 Y200.665
G0 X225.513 Y229.335
G0 X225.513 Y230.44
G0 X225.513 Y231.075
;TYPE:FILL
G1 F2400 E2123.39552
G1 F8142.6 X217.662 Y238.925 E2123.61246
G1 X212.336 Y238.925 E2123.71653
G1 X204.486 Y231.075 E2123.93346
G1 X207.787 Y231.075 E2123.99796
G1 X201.871 Y236.991 E2124.16145
G1 X201.075 Y236.991 E2124.177
G1 X201.075 Y237.323 E2124.18349
G1 X201.871 Y237.323 E2124.19904
G1 X203.474 Y238.925 E2124.24333
G1 X208.799 Y238.925 E2124.34738
G1 X216.65 Y231.075 E2124.56432
G1 X213.349 Y231.075 E2124.62882
G1 X221.199 Y238.925 E2124.84575
G1 X226.525 Y238.925 E2124.94982
G1 X228.127 Y237.323 E2124.99409
G1 X228.925 Y237.323 E2125.00969
G1 X228.925 Y236.991 E2125.01618
G1 X228.128 Y236.991 E2125.03175
G1 X222.212 Y231.075 E2125.19523
G1 X228.925 Y231.075 E2125.32641
G1 X229.03 Y231.075
G1 F2400 E2119.32641
G0 F15000 X200.89 Y230.89
G0 X200.63 Y230.63
M204 S1250
;TYPE:WALL-INNER
G1 F2400 E2125.32641
G1 F7821.3 X200.63 Y239.37 E2125.47902
G1 X229.37 Y239.37 E2125.98087
G1 X229.37 Y230.63 E2126.13348
G1 X200.63 Y230.63 E2126.63533
M204 S2500
G0 F15000 X200.21 Y230.21
M204 S1250
;TYPE:WALL-OUTER
G1 F7500 X200.21 Y239.79 E2126.80261
G1 X229.79 Y239.79 E2127.31912
G1 X229.79 Y230.21 E2127.4864
G1 X200.21 Y230.21 E2128.00292
M204 S2500
G0 F15000 X200.21 Y230.41
G0 X201.24 Y231.116
G1 F2400 E2122.00292
;MESH:NONMESH
G0 F600 X201.24 Y231.116 Z11.1
G0 F15000 X226.527 Y230.44
G0 X226.527 Y229.335
G0 X226.527 Y200.665
G0 X226.527 Y199.56
G0 X226.527 Y191.075
;TIME_ELAPSED:1622.226817
;LAYER:108
;note -- min layer time used
;TYPE:FILL
;MESH:table_soft_spacer_30x30-Body.stl
G1 F2400 E2128.00292
G1 F8142.6 X228.127 Y192.676 E2128.04715
G1 X228.925 Y192.676 E2128.06274
G1 X228.925 Y193.008 E2128.06923
G1 X228.128 Y193.008 E2128.0848
G1 X222.21 Y198.925 E2128.24832
G1 X225.514 Y198.925 E2128.31289
G1 X217.664 Y191.075 E2128.52981
G1 X212.335 Y191.075 E2128.63394
G1 X204.485 Y198.925 E2128.85087
G1 X207.788 Y198.925 E2128.91542
G1 X201.871 Y193.008 E2129.07893
G1 X201.075 Y193.008 E2129.09448
G1 X201.075 Y192.676 E2129.10097
G1 X201.871 Y192.676 E2129.11652
G1 X203.472 Y191.075 E2129.16076
G1 X208.801 Y191.075 E2129.26489
G1 X216.651 Y198.925 E2129.48182
G1 X213.348 Y198.925 E2129.54637
G1 X221.198 Y191.075 E2129.76329
G1 X228.925 Y191.075 E2129.91428
G1 X229.03 Y191.075
G1 F2400 E2123.91428
G0 F15000 X200.89 Y199.11
G0 X200.63 Y199.37
M204 S1250
;TYPE:WALL-INNER
G1 F2400 E2129.91428
G1 F7821.3 X229.37 Y199.37 E2130.41613
G1 X229.37 Y190.63 E2130.56874
G1 X200.63 Y190.63 E2131.07059
G1 X200.63 Y199.37 E2131.2232
M204 S2500
G0 F15000 X200.21 Y199.79
M204 S1250
;TYPE:WALL-OUTER
G1 F7500 X229.79 Y199.79 E2131.73971
G1 X229.79 Y190.21 E2131.907
G1 X200.21 Y190.21 E2132.42351
G1 X200.21 Y199.79 E2132.59079
M204 S2500
G0 F15000 X200.41 Y199.79
G0 X201.116 Y198.76
G1 F2400 E2126.59079
G0 F15000 X225.513 Y199.56
G0 X225.513 Y200.665
G0 X225.513 Y229.335
G0 X225.513 Y230.44
G0 X225.513 Y231.075
;TYPE:FILL
G1 F2400 E2132.59079
G1 F8142.6 X217.662 Y238.925 E2132.80773
G1 X212.336 Y238.925 E2132.91181
G1 X204.486 Y231.075 E2133.12873
G1 X207.787 Y231.075 E2133.19324
G1 X201.871 Y236.991 E2133.35672
G1 X201.075 Y236.991 E2133.37227
G1 X201.075 Y237.323 E2133.37876
G1 X201.871 Y237.323 E2133.39432
G1 X203.474 Y238.925 E2133.4386
G1 X208.799 Y238.925 E2133.54265
G1 X216.65 Y231.075 E2133.75959
G1 X213.349 Y231.075 E2133.8241
G1 X221.199 Y238.925 E2134.04103
G1 X226.525 Y238.925 E2134.1451
G1 X228.127 Y237.323 E2134.18937
G1 X228.925 Y237.323 E2134.20496
G1 X228.925 Y236.991 E2134.21145
G1 X228.128 Y236.991 E2134.22702
G1 X222.212 Y231.075 E2134.39051
G1 X228.925 Y231.075 E2134.52168
G1 X229.03 Y231.075
G1 F2400 E2128.52168
G0 F15000 X200.89 Y230.89
G0 X200.63 Y230.63
M204 S1250
;TYPE:WALL-INNER
G1 F2400 E2134.52168
G1 F7821.3 X200.63 Y239.37 E2134.67429
G1 X229.37 Y239.37 E2135.17614
G1 X229.37 Y230.63 E2135.32875
G1 X200.63 Y230.63 E2135.8306
M204 S2500
G0 F15000 X200.21 Y230.21
M204 S1250
;TYPE:WALL-OUTER
G1 F7500 X200.21 Y239.79 E2135.99788
G1 X229.79 Y239.79 E2136.51439
G1 X229.79 Y230.21 E2136.68168
G1 X200.21 Y230.21 E2137.19819
M204 S2500
G0 F15000 X200.21 Y230.41
G0 X201.24 Y231.116
G1 F2400 E2131.19819
;MESH:NONMESH
G0 F600 X201.24 Y231.116 Z11.2
G0 F15000 X226.527 Y230.44
G0 X226.527 Y229.335
G0 X226.527 Y200.665
G0 X226.527 Y199.56
G0 X226.527 Y191.075
;TIME_ELAPSED:1631.923902
;LAYER:109
;note -- min layer time used
;TYPE:FILL
;MESH:table_soft_spacer_30x30-Body.stl
G1 F2400 E2137.19819
G1 F8142.6 X228.127 Y192.676 E2137.24242
G1 X228.925 Y192.676 E2137.25801
G1 X228.925 Y193.008 E2137.2645
G1 X228.128 Y193.008 E2137.28007
G1 X222.21 Y198.925 E2137.4436
G1 X225.514 Y198.925 E2137.50816
G1 X217.664 Y191.075 E2137.72509
G1 X212.335 Y191.075 E2137.82922
G1 X204.485 Y198.925 E2138.04615
G1 X207.788 Y198.925 E2138.11069
G1 X201.871 Y193.008 E2138.2742
G1 X201.075 Y193.008 E2138.28975
G1 X201.075 Y192.676 E2138.29624
G1 X201.871 Y192.676 E2138.31179
G1 X203.472 Y191.075 E2138.35604
G1 X208.801 Y191.075 E2138.46017
G1 X216.651 Y198.925 E2138.6771
G1 X213.348 Y198.925 E2138.74164
G1 X221.198 Y191.075 E2138.95857
G1 X228.925 Y191.075 E2139.10955
G1 X229.03 Y191.075
G1 F2400 E2133.10955
G0 F15000 X200.89 Y199.11
G0 X200.63 Y199.37
M204 S1250
;TYPE:WALL-INNER
G1 F2400 E2139.10955
G1 F7821.3 X229.37 Y199.37 E2139.6114
G1 X229.37 Y190.63 E2139.76401
G1 X200.63 Y190.63 E2140.26586
G1 X200.63 Y199.37 E2140.41847
M204 S2500
G0 F15000 X200.21 Y199.79
M204 S1250
;TYPE:WALL-OUTER
G1 F7500 X229.79 Y199.79 E2140.93499
G1 X229.79 Y190.21 E2141.10227
G1 X200.21 Y190.21 E2141.61878
G1 X200.21 Y199.79 E2141.78606
M204 S2500
G0 F15000 X200.41 Y199.79
G0 X201.116 Y198.76
G1 F2400 E2135.78606
G0 F15000 X225.513 Y199.56
G0 X225.513 Y200.665
G0 X225.513 Y229.335
G0 X225.513 Y230.44
G0 X225.513 Y231.075
;TYPE:FILL
G1 F2400 E2141.78606
G1 F8142.6 X217.662 Y238.925 E2142.00301
G1 X212.336 Y238.925 E2142.10708
G1 X204.486 Y231.075 E2142.32401
G1 X207.787 Y231.075 E2142.38851
G1 X201.871 Y236.991 E2142.55199
G1 X201.075 Y236.991 E2142.56755
G1 X201.075 Y237.323 E2142.57403
G1 X201.871 Y237.323 E2142.58959
G1 X203.474 Y238.925 E2142.63387
G1 X208.799 Y238.925 E2142.73792
G1 X216.65 Y231.075 E2142.95487
G1 X213.349 Y231.075 E2143.01937
G1 X221.199 Y238.925 E2143.2363
G1 X226.525 Y238.925 E2143.34037
G1 X228.127 Y237.323 E2143.38464
G1 X228.925 Y237.323 E2143.40023
G1 X228.925 Y236.991 E2143.40672
G1 X228.128 Y236.991 E2143.42229
G1 X222.212 Y231.075 E2143.58578
G1 X228.925 Y231.075 E2143.71695
G1 X229.03 Y231.075
G1 F2400 E2137.71695
G0 F15000 X200.89 Y230.89
G0 X200.63 Y230.63
M204 S1250
;TYPE:WALL-INNER
G1 F2400 E2143.71695
G1 F7821.3 X200.63 Y239.37 E2143.86957
G1 X229.37 Y239.37 E2144.37141
G1 X229.37 Y230.63 E2144.52403
G1 X200.63 Y230.63 E2145.02587
M204 S2500
G0 F15000 X200.21 Y230.21
M204 S1250
;TYPE:WALL-OUTER
G1 F7500 X200.21 Y239.79 E2145.19315
G1 X229.79 Y239.79 E2145.70967
G1 X229.79 Y230.21 E2145.87695
G1 X200.21 Y230.21 E2146.39346
M204 S2500
G0 F15000 X200.21 Y230.41
G0 X201.24 Y231.116
G1 F2400 E2140.39346
;MESH:NONMESH
G0 F600 X201.24 Y231.116 Z11.3
G0 F15000 X226.527 Y230.44
G0 X226.527 Y229.335
G0 X226.527 Y200.665
G0 X226.527 Y199.56
G0 X226.527 Y191.075
;TIME_ELAPSED:1641.620987
;LAYER:110
;note -- min layer time used
;TYPE:FILL
;MESH:table_soft_spacer_30x30-Body.stl
G1 F2400 E2146.39346
G1 F8142.6 X228.127 Y192.676 E2146.43769
G1 X228.925 Y192.676 E2146.45328
G1 X228.925 Y193.008 E2146.45977
G1 X228.128 Y193.008 E2146.47534
G1 X222.21 Y198.925 E2146.63887
G1 X225.514 Y198.925 E2146.70343
G1 X217.664 Y191.075 E2146.92036
G1 X212.335 Y191.075 E2147.02449
G1 X204.485 Y198.925 E2147.24142
G1 X207.788 Y198.925 E2147.30596
G1 X201.871 Y193.008 E2147.46947
G1 X201.075 Y193.008 E2147.48503
G1 X201.075 Y192.676 E2147.49151
G1 X201.871 Y192.676 E2147.50707
G1 X203.472 Y191.075 E2147.55131
G1 X208.801 Y191.075 E2147.65544
G1 X216.651 Y198.925 E2147.87237
G1 X213.348 Y198.925 E2147.93691
G1 X221.198 Y191.075 E2148.15384
G1 X228.925 Y191.075 E2148.30483
G1 X229.03 Y191.075
G1 F2400 E2142.30483
G0 F15000 X200.89 Y199.11
G0 X200.63 Y199.37
M204 S1250
;TYPE:WALL-INNER
G1 F2400 E2148.30483
G1 F7821.3 X229.37 Y199.37 E2148.80667
G1 X229.37 Y190.63 E2148.95929
G1 X200.63 Y190.63 E2149.46113
G1 X200.63 Y199.37 E2149.61375
M204 S2500
G0 F15000 X200.21 Y199.79
M204 S1250
;TYPE:WALL-OUTER
G1 F7500 X229.79 Y199.79 E2150.13026
G1 X229.79 Y190.21 E2150.29754
G1 X200.21 Y190.21 E2150.81405
G1 X200.21 Y199.79 E2150.98134
M204 S2500
G0 F15000 X200.41 Y199.79
G0 X201.116 Y198.76
G1 F2400 E2144.98134
G0 F15000 X225.513 Y199.56
G0 X225.513 Y200.665
G0 X225.513 Y229.335
G0 X225.513 Y230.44
G0 X225.513 Y231.075
;TYPE:FILL
G1 F2400 E2150.98134
G1 F8142.6 X217.662 Y238.925 E2151.19828
G1 X212.336 Y238.925 E2151.30235
G1 X204.486 Y231.075 E2151.51928
G1 X207.787 Y231.075 E2151.58378
G1 X201.871 Y236.991 E2151.74727
G1 X201.075 Y236.991 E2151.76282
G1 X201.075 Y237.323 E2151.76931
G1 X201.871 Y237.323 E2151.78486
G1 X203.474 Y238.925 E2151.82914
G1 X208.799 Y238.925 E2151.9332
G1 X216.65 Y231.075 E2152.15014
G1 X213.349 Y231.075 E2152.21464
G1 X221.199 Y238.925 E2152.43157
G1 X226.525 Y238.925 E2152.53564
G1 X228.127 Y237.323 E2152.57991
G1 X228.925 Y237.323 E2152.59551
G1 X228.925 Y236.991 E2152.60199
G1 X228.128 Y236.991 E2152.61757
G1 X222.212 Y231.075 E2152.78105
G1 X228.925 Y231.075 E2152.91222
G1 X229.03 Y231.075
G1 F2400 E2146.91222
G0 F15000 X200.89 Y230.89
G0 X200.63 Y230.63
M204 S1250
;TYPE:WALL-INNER
G1 F2400 E2152.91222
G1 F7821.3 X200.63 Y239.37 E2153.06484
G1 X229.37 Y239.37 E2153.56668
G1 X229.37 Y230.63 E2153.7193
G1 X200.63 Y230.63 E2154.22114
M204 S2500
G0 F15000 X200.21 Y230.21
M204 S1250
;TYPE:WALL-OUTER
G1 F7500 X200.21 Y239.79 E2154.38843
G1 X229.79 Y239.79 E2154.90494
G1 X229.79 Y230.21 E2155.07222
G1 X200.21 Y230.21 E2155.58873
M204 S2500
G0 F15000 X200.21 Y230.41
G0 X201.24 Y231.116
G1 F2400 E2149.58873
;MESH:NONMESH
G0 F600 X201.24 Y231.116 Z11.4
G0 F15000 X226.527 Y230.44
G0 X226.527 Y229.335
G0 X226.527 Y200.665
G0 X226.527 Y199.56
G0 X226.527 Y191.075
;TIME_ELAPSED:1651.318071
;LAYER:111
;note -- min layer time used
;TYPE:FILL
;MESH:table_soft_spacer_30x30-Body.stl
G1 F2400 E2155.58873
G1 F8142.6 X228.127 Y192.676 E2155.63296
G1 X228.925 Y192.676 E2155.64856
G1 X228.925 Y193.008 E2155.65504
G1 X228.128 Y193.008 E2155.67062
G1 X222.21 Y198.925 E2155.83414
G1 X225.514 Y198.925 E2155.8987
G1 X217.664 Y191.075 E2156.11563
G1 X212.335 Y191.075 E2156.21976
G1 X204.485 Y198.925 E2156.43669
G1 X207.788 Y198.925 E2156.50123
G1 X201.871 Y193.008 E2156.66474
G1 X201.075 Y193.008 E2156.6803
G1 X201.075 Y192.676 E2156.68679
G1 X201.871 Y192.676 E2156.70234
G1 X203.472 Y191.075 E2156.74658
G1 X208.801 Y191.075 E2156.85071
G1 X216.651 Y198.925 E2157.06764
G1 X213.348 Y198.925 E2157.13218
G1 X221.198 Y191.075 E2157.34911
G1 X228.925 Y191.075 E2157.5001
G1 X229.03 Y191.075
G1 F2400 E2151.5001
G0 F15000 X200.89 Y199.11
G0 X200.63 Y199.37
M204 S1250
;TYPE:WALL-INNER
G1 F2400 E2157.5001
G1 F7821.3 X229.37 Y199.37 E2158.00194
G1 X229.37 Y190.63 E2158.15456
G1 X200.63 Y190.63 E2158.6564
G1 X200.63 Y199.37 E2158.80902
M204 S2500
G0 F15000 X200.21 Y199.79
M204 S1250
;TYPE:WALL-OUTER
G1 F7500 X229.79 Y199.79 E2159.32553
G1 X229.79 Y190.21 E2159.49281
G1 X200.21 Y190.21 E2160.00933
G1 X200.21 Y199.79 E2160.17661
M204 S2500
G0 F15000 X200.41 Y199.79
G0 X201.116 Y198.76
G1 F2400 E2154.17661
G0 F15000 X225.513 Y199.56
G0 X225.513 Y200.665
G0 X225.513 Y229.335
G0 X225.513 Y230.44
G0 X225.513 Y231.075
;TYPE:FILL
G1 F2400 E2160.17661
G1 F8142.6 X217.662 Y238.925 E2160.39355
G1 X212.336 Y238.925 E2160.49762
G1 X204.486 Y231.075 E2160.71455
G1 X207.787 Y231.075 E2160.77905
G1 X201.871 Y236.991 E2160.94254
G1 X201.075 Y236.991 E2160.95809
G1 X201.075 Y237.323 E2160.96458
G1 X201.871 Y237.323 E2160.98013
G1 X203.474 Y238.925 E2161.02442
G1 X208.799 Y238.925 E2161.12847
G1 X216.65 Y231.075 E2161.34541
G1 X213.349 Y231.075 E2161.40991
G1 X221.199 Y238.925 E2161.62684
G1 X226.525 Y238.925 E2161.73091
G1 X228.127 Y237.323 E2161.77518
G1 X228.925 Y237.323 E2161.79078
G1 X228.925 Y236.991 E2161.79727
G1 X228.128 Y236.991 E2161.81284
G1 X222.212 Y231.075 E2161.97632
G1 X228.925 Y231.075 E2162.1075
G1 X229.03 Y231.075
G1 F2400 E2156.1075
G0 F15000 X200.89 Y230.89
G0 X200.63 Y230.63
M204 S1250
;TYPE:WALL-INNER
G1 F2400 E2162.1075
G1 F7821.3 X200.63 Y239.37 E2162.26011
G1 X229.37 Y239.37 E2162.76196
G1 X229.37 Y230.63 E2162.91457
G1 X200.63 Y230.63 E2163.41642
M204 S2500
G0 F15000 X200.21 Y230.21
M204 S1250
;TYPE:WALL-OUTER
G1 F7500 X200.21 Y239.79 E2163.5837
G1 X229.79 Y239.79 E2164.10021
G1 X229.79 Y230.21 E2164.26749
G1 X200.21 Y230.21 E2164.78401
M204 S2500
G0 F15000 X200.21 Y230.41
G0 X201.24 Y231.116
G1 F2400 E2158.78401
;MESH:NONMESH
G0 F600 X201.24 Y231.116 Z11.5
G0 F15000 X226.527 Y230.44
G0 X226.527 Y229.335
G0 X226.527 Y200.665
G0 X226.527 Y199.56
G0 X226.527 Y191.075
;TIME_ELAPSED:1661.015156
;LAYER:112
;note -- min layer time used
;TYPE:FILL
;MESH:table_soft_spacer_30x30-Body.stl
G1 F2400 E2164.78401
G1 F8142.6 X228.127 Y192.676 E2164.82824
G1 X228.925 Y192.676 E2164.84383
G1 X228.925 Y193.008 E2164.85032
G1 X228.128 Y193.008 E2164.86589
G1 X222.21 Y198.925 E2165.02941
G1 X225.514 Y198.925 E2165.09398
G1 X217.664 Y191.075 E2165.3109
G1 X212.335 Y191.075 E2165.41503
G1 X204.485 Y198.925 E2165.63196
G1 X207.788 Y198.925 E2165.69651
G1 X201.871 Y193.008 E2165.86002
G1 X201.075 Y193.008 E2165.87557
G1 X201.075 Y192.676 E2165.88206
G1 X201.871 Y192.676 E2165.89761
G1 X203.472 Y191.075 E2165.94185
G1 X208.801 Y191.075 E2166.04598
G1 X216.651 Y198.925 E2166.26291
G1 X213.348 Y198.925 E2166.32746
G1 X221.198 Y191.075 E2166.54438
G1 X228.925 Y191.075 E2166.69537
G1 X229.03 Y191.075
G1 F2400 E2160.69537
G0 F15000 X200.89 Y199.11
G0 X200.63 Y199.37
M204 S1250
;TYPE:WALL-INNER
G1 F2400 E2166.69537
G1 F7821.3 X229.37 Y199.37 E2167.19722
G1 X229.37 Y190.63 E2167.34983
G1 X200.63 Y190.63 E2167.85168
G1 X200.63 Y199.37 E2168.00429
M204 S2500
G0 F15000 X200.21 Y199.79
M204 S1250
;TYPE:WALL-OUTER
G1 F7500 X229.79 Y199.79 E2168.5208
G1 X229.79 Y190.21 E2168.68809
G1 X200.21 Y190.21 E2169.2046
G1 X200.21 Y199.79 E2169.37188
M204 S2500
G0 F15000 X200.41 Y199.79
G0 X201.116 Y198.76
G1 F2400 E2163.37188
G0 F15000 X225.513 Y199.56
G0 X225.513 Y200.665
G0 X225.513 Y229.335
G0 X225.513 Y230.44
G0 X225.513 Y231.075
;TYPE:FILL
G1 F2400 E2169.37188
G1 F8142.6 X217.662 Y238.925 E2169.58882
G1 X212.336 Y238.925 E2169.6929
G1 X204.486 Y231.075 E2169.90982
G1 X207.787 Y231.075 E2169.97433
G1 X201.871 Y236.991 E2170.13781
G1 X201.075 Y236.991 E2170.15336
G1 X201.075 Y237.323 E2170.15985
G1 X201.871 Y237.323 E2170.17541
G1 X203.474 Y238.925 E2170.21969
G1 X208.799 Y238.925 E2170.32374
G1 X216.65 Y231.075 E2170.54068
G1 X213.349 Y231.075 E2170.60519
G1 X221.199 Y238.925 E2170.82212
G1 X226.525 Y238.925 E2170.92619
G1 X228.127 Y237.323 E2170.97046
G1 X228.925 Y237.323 E2170.98605
G1 X228.925 Y236.991 E2170.99254
G1 X228.128 Y236.991 E2171.00811
G1 X222.212 Y231.075 E2171.1716
G1 X228.925 Y231.075 E2171.30277
G1 X229.03 Y231.075
G1 F2400 E2165.30277
G0 F15000 X200.89 Y230.89
G0 X200.63 Y230.63
M204 S1250
;TYPE:WALL-INNER
G1 F2400 E2171.30277
G1 F7821.3 X200.63 Y239.37 E2171.45538
G1 X229.37 Y239.37 E2171.95723
G1 X229.37 Y230.63 E2172.10984
G1 X200.63 Y230.63 E2172.61169
M204 S2500
G0 F15000 X200.21 Y230.21
M204 S1250
;TYPE:WALL-OUTER
G1 F7500 X200.21 Y239.79 E2172.77897
G1 X229.79 Y239.79 E2173.29548
G1 X229.79 Y230.21 E2173.46277
G1 X200.21 Y230.21 E2173.97928
M204 S2500
G0 F15000 X200.21 Y230.41
G0 X201.24 Y231.116
G1 F2400 E2167.97928
;MESH:NONMESH
G0 F600 X201.24 Y231.116 Z11.6
G0 F15000 X226.527 Y230.44
G0 X226.527 Y229.335
G0 X226.527 Y200.665
G0 X226.527 Y199.56
G0 X226.527 Y191.075
;TIME_ELAPSED:1670.712241
;LAYER:113
;note -- min layer time used
;TYPE:FILL
;MESH:table_soft_spacer_30x30-Body.stl
G1 F2400 E2173.97928
G1 F8142.6 X228.127 Y192.676 E2174.02351
G1 X228.925 Y192.676 E2174.0391
G1 X228.925 Y193.008 E2174.04559
G1 X228.128 Y193.008 E2174.06116
G1 X222.21 Y198.925 E2174.22469
G1 X225.514 Y198.925 E2174.28925
G1 X217.664 Y191.075 E2174.50618
G1 X212.335 Y191.075 E2174.61031
G1 X204.485 Y198.925 E2174.82724
G1 X207.788 Y198.925 E2174.89178
G1 X201.871 Y193.008 E2175.05529
G1 X201.075 Y193.008 E2175.07084
G1 X201.075 Y192.676 E2175.07733
G1 X201.871 Y192.676 E2175.09288
G1 X203.472 Y191.075 E2175.13713
G1 X208.801 Y191.075 E2175.24126
G1 X216.651 Y198.925 E2175.45819
G1 X213.348 Y198.925 E2175.52273
G1 X221.198 Y191.075 E2175.73966
G1 X228.925 Y191.075 E2175.89064
G1 X229.03 Y191.075
G1 F2400 E2169.89064
G0 F15000 X200.89 Y199.11
G0 X200.63 Y199.37
M204 S1250
;TYPE:WALL-INNER
G1 F2400 E2175.89064
G1 F7821.3 X229.37 Y199.37 E2176.39249
G1 X229.37 Y190.63 E2176.5451
G1 X200.63 Y190.63 E2177.04695
G1 X200.63 Y199.37 E2177.19956
M204 S2500
G0 F15000 X200.21 Y199.79
M204 S1250
;TYPE:WALL-OUTER
G1 F7500 X229.79 Y199.79 E2177.71608
G1 X229.79 Y190.21 E2177.88336
G1 X200.21 Y190.21 E2178.39987
G1 X200.21 Y199.79 E2178.56715
M204 S2500
G0 F15000 X200.41 Y199.79
G0 X201.116 Y198.76
G1 F2400 E2172.56715
G0 F15000 X225.513 Y199.56
G0 X225.513 Y200.665
G0 X225.513 Y229.335
G0 X225.513 Y230.44
G0 X225.513 Y231.075
;TYPE:FILL
G1 F2400 E2178.56715
G1 F8142.6 X217.662 Y238.925 E2178.7841
G1 X212.336 Y238.925 E2178.88817
G1 X204.486 Y231.075 E2179.1051
G1 X207.787 Y231.075 E2179.1696
G1 X201.871 Y236.991 E2179.33308
G1 X201.075 Y236.991 E2179.34864
G1 X201.075 Y237.323 E2179.35512
G1 X201.871 Y237.323 E2179.37068
G1 X203.474 Y238.925 E2179.41496
G1 X208.799 Y238.925 E2179.51901
G1 X216.65 Y231.075 E2179.73596
G1 X213.349 Y231.075 E2179.80046
G1 X221.199 Y238.925 E2180.01739
G1 X226.525 Y238.925 E2180.12146
G1 X228.127 Y237.323 E2180.16573
G1 X228.925 Y237.323 E2180.18132
G1 X228.925 Y236.991 E2180.18781
G1 X228.128 Y236.991 E2180.20338
G1 X222.212 Y231.075 E2180.36687
G1 X228.925 Y231.075 E2180.49804
G1 X229.03 Y231.075
G1 F2400 E2174.49804
G0 F15000 X200.89 Y230.89
G0 X200.63 Y230.63
M204 S1250
;TYPE:WALL-INNER
G1 F2400 E2180.49804
G1 F7821.3 X200.63 Y239.37 E2180.65066
G1 X229.37 Y239.37 E2181.1525
G1 X229.37 Y230.63 E2181.30512
G1 X200.63 Y230.63 E2181.80696
M204 S2500
G0 F15000 X200.21 Y230.21
M204 S1250
;TYPE:WALL-OUTER
G1 F7500 X200.21 Y239.79 E2181.97424
G1 X229.79 Y239.79 E2182.49076
G1 X229.79 Y230.21 E2182.65804
G1 X200.21 Y230.21 E2183.17455
M204 S2500
G0 F15000 X200.21 Y230.41
G0 X201.24 Y231.116
G1 F2400 E2177.17455
;MESH:NONMESH
G0 F600 X201.24 Y231.116 Z11.7
G0 F15000 X226.527 Y230.44
G0 X226.527 Y229.335
G0 X226.527 Y200.665
G0 X226.527 Y199.56
G0 X226.527 Y191.075
;TIME_ELAPSED:1680.409325
;LAYER:114
;note -- min layer time used
;TYPE:FILL
;MESH:table_soft_spacer_30x30-Body.stl
G1 F2400 E2183.17455
G1 F8142.6 X228.127 Y192.676 E2183.21878
G1 X228.925 Y192.676 E2183.23437
G1 X228.925 Y193.008 E2183.24086
G1 X228.128 Y193.008 E2183.25643
G1 X222.21 Y198.925 E2183.41996
G1 X225.514 Y198.925 E2183.48452
G1 X217.664 Y191.075 E2183.70145
G1 X212.335 Y191.075 E2183.80558
G1 X204.485 Y198.925 E2184.02251
G1 X207.788 Y198.925 E2184.08705
G1 X201.871 Y193.008 E2184.25056
G1 X201.075 Y193.008 E2184.26612
G1 X201.075 Y192.676 E2184.2726
G1 X201.871 Y192.676 E2184.28816
G1 X203.472 Y191.075 E2184.3324
G1 X208.801 Y191.075 E2184.43653
G1 X216.651 Y198.925 E2184.65346
G1 X213.348 Y198.925 E2184.718
G1 X221.198 Y191.075 E2184.93493
G1 X228.925 Y191.075 E2185.08592
G1 X229.03 Y191.075
G1 F2400 E2179.08592
G0 F15000 X200.89 Y199.11
G0 X200.63 Y199.37
M204 S1250
;TYPE:WALL-INNER
G1 F2400 E2185.08592
G1 F7821.3 X229.37 Y199.37 E2185.58776
G1 X229.37 Y190.63 E2185.74038
G1 X200.63 Y190.63 E2186.24222
G1 X200.63 Y199.37 E2186.39484
M204 S2500
G0 F15000 X200.21 Y199.79
M204 S1250
;TYPE:WALL-OUTER
G1 F7500 X229.79 Y199.79 E2186.91135
G1 X229.79 Y190.21 E2187.07863
G1 X200.21 Y190.21 E2187.59514
G1 X200.21 Y199.79 E2187.76243
M204 S2500
G0 F15000 X200.41 Y199.79
G0 X201.116 Y198.76
G1 F2400 E2181.76243
G0 F15000 X225.513 Y199.56
G0 X225.513 Y200.665
G0 X225.513 Y229.335
G0 X225.513 Y230.44
G0 X225.513 Y231.075
;TYPE:FILL
G1 F2400 E2187.76243
G1 F8142.6 X217.662 Y238.925 E2187.97937
G1 X212.336 Y238.925 E2188.08344
G1 X204.486 Y231.075 E2188.30037
G1 X207.787 Y231.075 E2188.36487
G1 X201.871 Y236.991 E2188.52836
G1 X201.075 Y236.991 E2188.54391
G1 X201.075 Y237.323 E2188.5504
G1 X201.871 Y237.323 E2188.56595
G1 X203.474 Y238.925 E2188.61023
G1 X208.799 Y238.925 E2188.71429
G1 X216.65 Y231.075 E2188.93123
G1 X213.349 Y231.075 E2188.99573
G1 X221.199 Y238.925 E2189.21266
G1 X226.525 Y238.925 E2189.31673
G1 X228.127 Y237.323 E2189.361
G1 X228.925 Y237.323 E2189.3766
G1 X228.925 Y236.991 E2189.38308
G1 X228.128 Y236.991 E2189.39866
G1 X222.212 Y231.075 E2189.56214
G1 X228.925 Y231.075 E2189.69331
G1 X229.03 Y231.075
G1 F2400 E2183.69331
G0 F15000 X200.89 Y230.89
G0 X200.63 Y230.63
M204 S1250
;TYPE:WALL-INNER
G1 F2400 E2189.69331
G1 F7821.3 X200.63 Y239.37 E2189.84593
G1 X229.37 Y239.37 E2190.34777
G1 X229.37 Y230.63 E2190.50039
G1 X200.63 Y230.63 E2191.00223
M204 S2500
G0 F15000 X200.21 Y230.21
M204 S1250
;TYPE:WALL-OUTER
G1 F7500 X200.21 Y239.79 E2191.16952
G1 X229.79 Y239.79 E2191.68603
G1 X229.79 Y230.21 E2191.85331
G1 X200.21 Y230.21 E2192.36982
M204 S2500
G0 F15000 X200.21 Y230.41
G0 X201.24 Y231.116
G1 F2400 E2186.36982
;MESH:NONMESH
G0 F600 X201.24 Y231.116 Z11.8
G0 F15000 X226.527 Y230.44
G0 X226.527 Y229.335
G0 X226.527 Y200.665
G0 X226.527 Y199.56
G0 X226.527 Y191.075
;TIME_ELAPSED:1690.106410
;LAYER:115
;note -- min layer time used
;TYPE:FILL
;MESH:table_soft_spacer_30x30-Body.stl
G1 F2400 E2192.36982
G1 F8142.6 X228.127 Y192.676 E2192.41405
G1 X228.925 Y192.676 E2192.42965
G1 X228.925 Y193.008 E2192.43613
G1 X228.128 Y193.008 E2192.45171
G1 X222.21 Y198.925 E2192.61523
G1 X225.514 Y198.925 E2192.67979
G1 X217.664 Y191.075 E2192.89672
G1 X212.335 Y191.075 E2193.00085
G1 X204.485 Y198.925 E2193.21778
G1 X207.788 Y198.925 E2193.28232
G1 X201.871 Y193.008 E2193.44583
G1 X201.075 Y193.008 E2193.46139
G1 X201.075 Y192.676 E2193.46788
G1 X201.871 Y192.676 E2193.48343
G1 X203.472 Y191.075 E2193.52767
G1 X208.801 Y191.075 E2193.6318
G1 X216.651 Y198.925 E2193.84873
G1 X213.348 Y198.925 E2193.91327
G1 X221.198 Y191.075 E2194.1302
G1 X228.925 Y191.075 E2194.28119
G1 X229.03 Y191.075
G1 F2400 E2188.28119
G0 F15000 X200.89 Y199.11
G0 X200.63 Y199.37
M204 S1250
;TYPE:WALL-INNER
G1 F2400 E2194.28119
G1 F7821.3 X229.37 Y199.37 E2194.78303
G1 X229.37 Y190.63 E2194.93565
G1 X200.63 Y190.63 E2195.43749
G1 X200.63 Y199.37 E2195.59011
M204 S2500
G0 F15000 X200.21 Y199.79
M204 S1250
;TYPE:WALL-OUTER
G1 F7500 X229.79 Y199.79 E2196.10662
G1 X229.79 Y190.21 E2196.2739
G1 X200.21 Y190.21 E2196.79042
G1 X200.21 Y199.79 E2196.9577
M204 S2500
G0 F15000 X200.41 Y199.79
G0 X201.116 Y198.76
G1 F2400 E2190.9577
G0 F15000 X225.513 Y199.56
G0 X225.513 Y200.665
G0 X225.513 Y229.335
G0 X225.513 Y230.44
G0 X225.513 Y231.075
;TYPE:FILL
G1 F2400 E2196.9577
G1 F8142.6 X217.662 Y238.925 E2197.17464
G1 X212.336 Y238.925 E2197.27871
G1 X204.486 Y231.075 E2197.49564
G1 X207.787 Y231.075 E2197.56014
G1 X201.871 Y236.991 E2197.72363
G1 X201.075 Y236.991 E2197.73918
G1 X201.075 Y237.323 E2197.74567
G1 X201.871 Y237.323 E2197.76122
G1 X203.474 Y238.925 E2197.80551
G1 X208.799 Y238.925 E2197.90956
G1 X216.65 Y231.075 E2198.1265
G1 X213.349 Y231.075 E2198.191
G1 X221.199 Y238.925 E2198.40793
G1 X226.525 Y238.925 E2198.512
G1 X228.127 Y237.323 E2198.55627
G1 X228.925 Y237.323 E2198.57187
G1 X228.925 Y236.991 E2198.57836
G1 X228.128 Y236.991 E2198.59393
G1 X222.212 Y231.075 E2198.75741
G1 X228.925 Y231.075 E2198.88859
G1 X229.03 Y231.075
G1 F2400 E2192.88859
G0 F15000 X200.89 Y230.89
G0 X200.63 Y230.63
M204 S1250
;TYPE:WALL-INNER
G1 F2400 E2198.88859
G1 F7821.3 X200.63 Y239.37 E2199.0412
G1 X229.37 Y239.37 E2199.54305
G1 X229.37 Y230.63 E2199.69566
G1 X200.63 Y230.63 E2200.19751
M204 S2500
G0 F15000 X200.21 Y230.21
M204 S1250
;TYPE:WALL-OUTER
G1 F7500 X200.21 Y239.79 E2200.36479
G1 X229.79 Y239.79 E2200.8813
G1 X229.79 Y230.21 E2201.04858
G1 X200.21 Y230.21 E2201.5651
M204 S2500
G0 F15000 X200.21 Y230.41
G0 X201.24 Y231.116
G1 F2400 E2195.5651
;MESH:NONMESH
G0 F600 X201.24 Y231.116 Z11.9
G0 F15000 X226.527 Y230.44
G0 X226.527 Y229.335
G0 X226.527 Y200.665
G0 X226.527 Y199.56
G0 X226.527 Y191.075
;TIME_ELAPSED:1699.803495
;LAYER:116
;note -- min layer time used
;TYPE:FILL
;MESH:table_soft_spacer_30x30-Body.stl
G1 F2400 E2201.5651
G1 F8142.6 X228.127 Y192.676 E2201.60933
G1 X228.925 Y192.676 E2201.62492
G1 X228.925 Y193.008 E2201.63141
G1 X228.128 Y193.008 E2201.64698
G1 X222.21 Y198.925 E2201.8105
G1 X225.514 Y198.925 E2201.87507
G1 X217.664 Y191.075 E2202.09199
G1 X212.335 Y191.075 E2202.19612
G1 X204.485 Y198.925 E2202.41305
G1 X207.788 Y198.925 E2202.4776
G1 X201.871 Y193.008 E2202.64111
G1 X201.075 Y193.008 E2202.65666
G1 X201.075 Y192.676 E2202.66315
G1 X201.871 Y192.676 E2202.6787
G1 X203.472 Y191.075 E2202.72294
G1 X208.801 Y191.075 E2202.82707
G1 X216.651 Y198.925 E2203.044
G1 X213.348 Y198.925 E2203.10855
G1 X221.198 Y191.075 E2203.32547
G1 X228.925 Y191.075 E2203.47646
G1 X229.03 Y191.075
G1 F2400 E2197.47646
G0 F15000 X200.89 Y199.11
G0 X200.63 Y199.37
M204 S1250
;TYPE:WALL-INNER
G1 F2400 E2203.47646
G1 F7821.3 X229.37 Y199.37 E2203.97831
G1 X229.37 Y190.63 E2204.13092
G1 X200.63 Y190.63 E2204.63277
G1 X200.63 Y199.37 E2204.78538
M204 S2500
G0 F15000 X200.21 Y199.79
M204 S1250
;TYPE:WALL-OUTER
G1 F7500 X229.79 Y199.79 E2205.30189
G1 X229.79 Y190.21 E2205.46918
G1 X200.21 Y190.21 E2205.98569
G1 X200.21 Y199.79 E2206.15297
M204 S2500
G0 F15000 X200.41 Y199.79
G0 X201.116 Y198.76
G1 F2400 E2200.15297
G0 F15000 X225.513 Y199.56
G0 X225.513 Y200.665
G0 X225.513 Y229.335
G0 X225.513 Y230.44
G0 X225.513 Y231.075
;TYPE:FILL
G1 F2400 E2206.15297
G1 F8142.6 X217.662 Y238.925 E2206.36991
G1 X212.336 Y238.925 E2206.47399
G1 X204.486 Y231.075 E2206.69091
G1 X207.787 Y231.075 E2206.75542
G1 X201.871 Y236.991 E2206.9189
G1 X201.075 Y236.991 E2206.93445
G1 X201.075 Y237.323 E2206.94094
G1 X201.871 Y237.323 E2206.9565
G1 X203.474 Y238.925 E2207.00078
G1 X208.799 Y238.925 E2207.10483
G1 X216.65 Y231.075 E2207.32177
G1 X213.349 Y231.075 E2207.38628
G1 X221.199 Y238.925 E2207.60321
G1 X226.525 Y238.925 E2207.70728
G1 X228.127 Y237.323 E2207.75155
G1 X228.925 Y237.323 E2207.76714
G1 X228.925 Y236.991 E2207.77363
G1 X228.128 Y236.991 E2207.7892
G1 X222.212 Y231.075 E2207.95269
G1 X228.925 Y231.075 E2208.08386
G1 X229.03 Y231.075
G1 F2400 E2202.08386
G0 F15000 X200.89 Y230.89
G0 X200.63 Y230.63
M204 S1250
;TYPE:WALL-INNER
G1 F2400 E2208.08386
G1 F7821.3 X200.63 Y239.37 E2208.23647
G1 X229.37 Y239.37 E2208.73832
G1 X229.37 Y230.63 E2208.89093
G1 X200.63 Y230.63 E2209.39278
M204 S2500
G0 F15000 X200.21 Y230.21
M204 S1250
;TYPE:WALL-OUTER
G1 F7500 X200.21 Y239.79 E2209.56006
G1 X229.79 Y239.79 E2210.07657
G1 X229.79 Y230.21 E2210.24386
G1 X200.21 Y230.21 E2210.76037
M204 S2500
G0 F15000 X200.21 Y230.41
G0 X201.24 Y231.116
G1 F2400 E2204.76037
;MESH:NONMESH
G0 F600 X201.24 Y231.116 Z12
G0 F15000 X226.527 Y230.44
G0 X226.527 Y229.335
G0 X226.527 Y200.665
G0 X226.527 Y199.56
G0 X226.527 Y191.075
;TIME_ELAPSED:1709.500579
;LAYER:117
;note -- min layer time used
;TYPE:FILL
;MESH:table_soft_spacer_30x30-Body.stl
G1 F2400 E2210.76037
G1 F8142.6 X228.127 Y192.676 E2210.8046
G1 X228.925 Y192.676 E2210.82019
G1 X228.925 Y193.008 E2210.82668
G1 X228.128 Y193.008 E2210.84225
G1 X222.21 Y198.925 E2211.00578
G1 X225.514 Y198.925 E2211.07034
G1 X217.664 Y191.075 E2211.28727
G1 X212.335 Y191.075 E2211.3914
G1 X204.485 Y198.925 E2211.60833
G1 X207.788 Y198.925 E2211.67287
G1 X201.871 Y193.008 E2211.83638
G1 X201.075 Y193.008 E2211.85193
G1 X201.075 Y192.676 E2211.85842
G1 X201.871 Y192.676 E2211.87397
G1 X203.472 Y191.075 E2211.91822
G1 X208.801 Y191.075 E2212.02235
G1 X216.651 Y198.925 E2212.23928
G1 X213.348 Y198.925 E2212.30382
G1 X221.198 Y191.075 E2212.52075
G1 X228.925 Y191.075 E2212.67173
G1 X229.03 Y191.075
G1 F2400 E2206.67173
G0 F15000 X200.89 Y199.11
G0 X200.63 Y199.37
M204 S1250
;TYPE:WALL-INNER
G1 F2400 E2212.67173
G1 F7821.3 X229.37 Y199.37 E2213.17358
G1 X229.37 Y190.63 E2213.32619
G1 X200.63 Y190.63 E2213.82804
G1 X200.63 Y199.37 E2213.98065
M204 S2500
G0 F15000 X200.21 Y199.79
M204 S1250
;TYPE:WALL-OUTER
G1 F7500 X229.79 Y199.79 E2214.49717
G1 X229.79 Y190.21 E2214.66445
G1 X200.21 Y190.21 E2215.18096
G1 X200.21 Y199.79 E2215.34824
M204 S2500
G0 F15000 X200.41 Y199.79
G0 X201.116 Y198.76
G1 F2400 E2209.34824
G0 F15000 X225.513 Y199.56
G0 X225.513 Y200.665
G0 X225.513 Y229.335
G0 X225.513 Y230.44
G0 X225.513 Y231.075
;TYPE:FILL
G1 F2400 E2215.34824
G1 F8142.6 X217.662 Y238.925 E2215.56519
G1 X212.336 Y238.925 E2215.66926
G1 X204.486 Y231.075 E2215.88619
G1 X207.787 Y231.075 E2215.95069
G1 X201.871 Y236.991 E2216.11417
G1 X201.075 Y236.991 E2216.12973
G1 X201.075 Y237.323 E2216.13621
G1 X201.871 Y237.323 E2216.15177
G1 X203.474 Y238.925 E2216.19605
G1 X208.799 Y238.925 E2216.3001
G1 X216.65 Y231.075 E2216.51705
G1 X213.349 Y231.075 E2216.58155
G1 X221.199 Y238.925 E2216.79848
G1 X226.525 Y238.925 E2216.90255
G1 X228.127 Y237.323 E2216.94682
G1 X228.925 Y237.323 E2216.96241
G1 X228.925 Y236.991 E2216.9689
G1 X228.128 Y236.991 E2216.98447
G1 X222.212 Y231.075 E2217.14796
G1 X228.925 Y231.075 E2217.27913
G1 X229.03 Y231.075
G1 F2400 E2211.27913
G0 F15000 X200.89 Y230.89
G0 X200.63 Y230.63
M204 S1250
;TYPE:WALL-INNER
G1 F2400 E2217.27913
G1 F7821.3 X200.63 Y239.37 E2217.43175
G1 X229.37 Y239.37 E2217.93359
G1 X229.37 Y230.63 E2218.08621
G1 X200.63 Y230.63 E2218.58805
M204 S2500
G0 F15000 X200.21 Y230.21
M204 S1250
;TYPE:WALL-OUTER
G1 F7500 X200.21 Y239.79 E2218.75533
G1 X229.79 Y239.79 E2219.27185
G1 X229.79 Y230.21 E2219.43913
G1 X200.21 Y230.21 E2219.95564
M204 S2500
G0 F15000 X200.21 Y230.41
G0 X201.24 Y231.116
G1 F2400 E2213.95564
;MESH:NONMESH
G0 F600 X201.24 Y231.116 Z12.1
G0 F15000 X226.527 Y230.44
G0 X226.527 Y229.335
G0 X226.527 Y200.665
G0 X226.527 Y199.56
G0 X226.527 Y191.075
;TIME_ELAPSED:1719.197664
;LAYER:118
;note -- min layer time used
;TYPE:FILL
;MESH:table_soft_spacer_30x30-Body.stl
G1 F2400 E2219.95564
G1 F8142.6 X228.127 Y192.676 E2219.99987
G1 X228.925 Y192.676 E2220.01546
G1 X228.925 Y193.008 E2220.02195
G1 X228.128 Y193.008 E2220.03752
G1 X222.21 Y198.925 E2220.20105
G1 X225.514 Y198.925 E2220.26561
G1 X217.664 Y191.075 E2220.48254
G1 X212.335 Y191.075 E2220.58667
G1 X204.485 Y198.925 E2220.8036
G1 X207.788 Y198.925 E2220.86814
G1 X201.871 Y193.008 E2221.03165
G1 X201.075 Y193.008 E2221.04721
G1 X201.075 Y192.676 E2221.05369
G1 X201.871 Y192.676 E2221.06925
G1 X203.472 Y191.075 E2221.11349
G1 X208.801 Y191.075 E2221.21762
G1 X216.651 Y198.925 E2221.43455
G1 X213.348 Y198.925 E2221.49909
G1 X221.198 Y191.075 E2221.71602
G1 X228.925 Y191.075 E2221.86701
G1 X229.03 Y191.075
G1 F2400 E2215.86701
G0 F15000 X200.89 Y199.11
G0 X200.63 Y199.37
M204 S1250
;TYPE:WALL-INNER
G1 F2400 E2221.86701
G1 F7821.3 X229.37 Y199.37 E2222.36885
G1 X229.37 Y190.63 E2222.52147
G1 X200.63 Y190.63 E2223.02331
G1 X200.63 Y199.37 E2223.17593
M204 S2500
G0 F15000 X200.21 Y199.79
M204 S1250
;TYPE:WALL-OUTER
G1 F7500 X229.79 Y199.79 E2223.69244
G1 X229.79 Y190.21 E2223.85972
G1 X200.21 Y190.21 E2224.37623
G1 X200.21 Y199.79 E2224.54352
M204 S2500
G0 F15000 X200.41 Y199.79
G0 X201.116 Y198.76
G1 F2400 E2218.54352
G0 F15000 X225.513 Y199.56
G0 X225.513 Y200.665
G0 X225.513 Y229.335
G0 X225.513 Y230.44
G0 X225.513 Y231.075
;TYPE:FILL
G1 F2400 E2224.54352
G1 F8142.6 X217.662 Y238.925 E2224.76046
G1 X212.336 Y238.925 E2224.86453
G1 X204.486 Y231.075 E2225.08146
G1 X207.787 Y231.075 E2225.14596
G1 X201.871 Y236.991 E2225.30945
G1 X201.075 Y236.991 E2225.325
G1 X201.075 Y237.323 E2225.33149
G1 X201.871 Y237.323 E2225.34704
G1 X203.474 Y238.925 E2225.39132
G1 X208.799 Y238.925 E2225.49538
G1 X216.65 Y231.075 E2225.71232
G1 X213.349 Y231.075 E2225.77682
G1 X221.199 Y238.925 E2225.99375
G1 X226.525 Y238.925 E2226.09782
G1 X228.127 Y237.323 E2226.14209
G1 X228.925 Y237.323 E2226.15769
G1 X228.925 Y236.991 E2226.16417
G1 X228.128 Y236.991 E2226.17975
G1 X222.212 Y231.075 E2226.34323
G1 X228.925 Y231.075 E2226.4744
G1 X229.03 Y231.075
G1 F2400 E2220.4744
G0 F15000 X200.89 Y230.89
G0 X200.63 Y230.63
M204 S1250
;TYPE:WALL-INNER
G1 F2400 E2226.4744
G1 F7821.3 X200.63 Y239.37 E2226.62702
G1 X229.37 Y239.37 E2227.12886
G1 X229.37 Y230.63 E2227.28148
G1 X200.63 Y230.63 E2227.78332
M204 S2500
G0 F15000 X200.21 Y230.21
M204 S1250
;TYPE:WALL-OUTER
G1 F7500 X200.21 Y239.79 E2227.95061
G1 X229.79 Y239.79 E2228.46712
G1 X229.79 Y230.21 E2228.6344
G1 X200.21 Y230.21 E2229.15091
M204 S2500
G0 F15000 X200.21 Y230.41
G0 X201.24 Y231.116
G1 F2400 E2223.15091
;MESH:NONMESH
G0 F600 X201.24 Y231.116 Z12.2
G0 F15000 X226.527 Y230.44
G0 X226.527 Y229.335
G0 X226.527 Y200.665
G0 X226.527 Y199.56
G0 X226.527 Y191.075
;TIME_ELAPSED:1728.894749
;LAYER:119
;note -- min layer time used
;TYPE:FILL
;MESH:table_soft_spacer_30x30-Body.stl
G1 F2400 E2229.15091
G1 F8142.6 X228.127 Y192.676 E2229.19514
G1 X228.925 Y192.676 E2229.21074
G1 X228.925 Y193.008 E2229.21722
G1 X228.128 Y193.008 E2229.2328
G1 X222.21 Y198.925 E2229.39632
G1 X225.514 Y198.925 E2229.46088
G1 X217.664 Y191.075 E2229.67781
G1 X212.335 Y191.075 E2229.78194
G1 X204.485 Y198.925 E2229.99887
G1 X207.788 Y198.925 E2230.06341
G1 X201.871 Y193.008 E2230.22692
G1 X201.075 Y193.008 E2230.24248
G1 X201.075 Y192.676 E2230.24897
G1 X201.871 Y192.676 E2230.26452
G1 X203.472 Y191.075 E2230.30876
G1 X208.801 Y191.075 E2230.41289
G1 X216.651 Y198.925 E2230.62982
G1 X213.348 Y198.925 E2230.69436
G1 X221.198 Y191.075 E2230.91129
G1 X228.925 Y191.075 E2231.06228
G1 X229.03 Y191.075
G1 F2400 E2225.06228
G0 F15000 X200.89 Y199.11
G0 X200.63 Y199.37
M204 S1250
;TYPE:WALL-INNER
G1 F2400 E2231.06228
G1 F7821.3 X229.37 Y199.37 E2231.56412
G1 X229.37 Y190.63 E2231.71674
G1 X200.63 Y190.63 E2232.21858
G1 X200.63 Y199.37 E2232.3712
M204 S2500
G0 F15000 X200.21 Y199.79
M204 S1250
;TYPE:WALL-OUTER
G1 F7500 X229.79 Y199.79 E2232.88771
G1 X229.79 Y190.21 E2233.05499
G1 X200.21 Y190.21 E2233.57151
G1 X200.21 Y199.79 E2233.73879
M204 S2500
G0 F15000 X200.41 Y199.79
G0 X201.116 Y198.76
G1 F2400 E2227.73879
G0 F15000 X225.513 Y199.56
G0 X225.513 Y200.665
G0 X225.513 Y229.335
G0 X225.513 Y230.44
G0 X225.513 Y231.075
;TYPE:FILL
G1 F2400 E2233.73879
G1 F8142.6 X217.662 Y238.925 E2233.95573
G1 X212.336 Y238.925 E2234.0598
G1 X204.486 Y231.075 E2234.27673
G1 X207.787 Y231.075 E2234.34123
G1 X201.871 Y236.991 E2234.50472
G1 X201.075 Y236.991 E2234.52027
G1 X201.075 Y237.323 E2234.52676
G1 X201.871 Y237.323 E2234.54231
G1 X203.474 Y238.925 E2234.5866
G1 X208.799 Y238.925 E2234.69065
G1 X216.65 Y231.075 E2234.90759
G1 X213.349 Y231.075 E2234.97209
G1 X221.199 Y238.925 E2235.18902
G1 X226.525 Y238.925 E2235.29309
G1 X228.127 Y237.323 E2235.33736
G1 X228.925 Y237.323 E2235.35296
G1 X228.925 Y236.991 E2235.35945
G1 X228.128 Y236.991 E2235.37502
G1 X222.212 Y231.075 E2235.5385
G1 X228.925 Y231.075 E2235.66968
G1 X229.03 Y231.075
G1 F2400 E2229.66968
G0 F15000 X200.89 Y230.89
G0 X200.63 Y230.63
M204 S1250
;TYPE:WALL-INNER
G1 F2400 E2235.66968
G1 F7821.3 X200.63 Y239.37 E2235.82229
G1 X229.37 Y239.37 E2236.32414
G1 X229.37 Y230.63 E2236.47675
G1 X200.63 Y230.63 E2236.9786
M204 S2500
G0 F15000 X200.21 Y230.21
M204 S1250
;TYPE:WALL-OUTER
G1 F7500 X200.21 Y239.79 E2237.14588
G1 X229.79 Y239.79 E2237.66239
G1 X229.79 Y230.21 E2237.82967
G1 X200.21 Y230.21 E2238.34619
M204 S2500
G0 F15000 X200.21 Y230.41
G0 X201.24 Y231.116
G1 F2400 E2232.34619
;MESH:NONMESH
G0 F600 X201.24 Y231.116 Z12.3
G0 F15000 X226.527 Y230.44
G0 X226.527 Y229.335
G0 X226.527 Y200.665
G0 X226.527 Y199.56
G0 X226.527 Y191.075
;TIME_ELAPSED:1738.591833
;LAYER:120
;note -- min layer time used
;TYPE:FILL
;MESH:table_soft_spacer_30x30-Body.stl
G1 F2400 E2238.34619
G1 F8142.6 X228.127 Y192.676 E2238.39042
G1 X228.925 Y192.676 E2238.40601
G1 X228.925 Y193.008 E2238.4125
G1 X228.128 Y193.008 E2238.42807
G1 X222.21 Y198.925 E2238.59159
G1 X225.514 Y198.925 E2238.65616
G1 X217.664 Y191.075 E2238.87308
G1 X212.335 Y191.075 E2238.97721
G1 X204.485 Y198.925 E2239.19414
G1 X207.788 Y198.925 E2239.25869
G1 X201.871 Y193.008 E2239.4222
G1 X201.075 Y193.008 E2239.43775
G1 X201.075 Y192.676 E2239.44424
G1 X201.871 Y192.676 E2239.45979
G1 X203.472 Y191.075 E2239.50403
G1 X208.801 Y191.075 E2239.60816
G1 X216.651 Y198.925 E2239.82509
G1 X213.348 Y198.925 E2239.88964
G1 X221.198 Y191.075 E2240.10656
G1 X228.925 Y191.075 E2240.25755
G1 X229.03 Y191.075
G1 F2400 E2234.25755
G0 F15000 X200.89 Y199.11
G0 X200.63 Y199.37
M204 S1250
;TYPE:WALL-INNER
G1 F2400 E2240.25755
G1 F7821.3 X229.37 Y199.37 E2240.7594
G1 X229.37 Y190.63 E2240.91201
G1 X200.63 Y190.63 E2241.41386
G1 X200.63 Y199.37 E2241.56647
M204 S2500
G0 F15000 X200.21 Y199.79
M204 S1250
;TYPE:WALL-OUTER
G1 F7500 X229.79 Y199.79 E2242.08298
G1 X229.79 Y190.21 E2242.25027
G1 X200.21 Y190.21 E2242.76678
G1 X200.21 Y199.79 E2242.93406
M204 S2500
G0 F15000 X200.41 Y199.79
G0 X201.116 Y198.76
G1 F2400 E2236.93406
G0 F15000 X225.513 Y199.56
G0 X225.513 Y200.665
G0 X225.513 Y229.335
G0 X225.513 Y230.44
G0 X225.513 Y231.075
;TYPE:FILL
G1 F2400 E2242.93406
G1 F8142.6 X217.662 Y238.925 E2243.151
G1 X212.336 Y238.925 E2243.25508
G1 X204.486 Y231.075 E2243.472
G1 X207.787 Y231.075 E2243.53651
G1 X201.871 Y236.991 E2243.69999
G1 X201.075 Y236.991 E2243.71554
G1 X201.075 Y237.323 E2243.72203
G1 X201.871 Y237.323 E2243.73759
G1 X203.474 Y238.925 E2243.78187
G1 X208.799 Y238.925 E2243.88592
G1 X216.65 Y231.075 E2244.10286
G1 X213.349 Y231.075 E2244.16737
G1 X221.199 Y238.925 E2244.3843
G1 X226.525 Y238.925 E2244.48837
G1 X228.127 Y237.323 E2244.53264
G1 X228.925 Y237.323 E2244.54823
G1 X228.925 Y236.991 E2244.55472
G1 X228.128 Y236.991 E2244.57029
G1 X222.212 Y231.075 E2244.73378
G1 X228.925 Y231.075 E2244.86495
G1 X229.03 Y231.075
G1 F2400 E2238.86495
G0 F15000 X200.89 Y230.89
G0 X200.63 Y230.63
M204 S1250
;TYPE:WALL-INNER
G1 F2400 E2244.86495
G1 F7821.3 X200.63 Y239.37 E2245.01756
G1 X229.37 Y239.37 E2245.51941
G1 X229.37 Y230.63 E2245.67202
G1 X200.63 Y230.63 E2246.17387
M204 S2500
G0 F15000 X200.21 Y230.21
M204 S1250
;TYPE:WALL-OUTER
G1 F7500 X200.21 Y239.79 E2246.34115
G1 X229.79 Y239.79 E2246.85766
G1 X229.79 Y230.21 E2247.02495
G1 X200.21 Y230.21 E2247.54146
M204 S2500
G0 F15000 X200.21 Y230.41
G0 X201.24 Y231.116
G1 F2400 E2241.54146
;MESH:NONMESH
G0 F600 X201.24 Y231.116 Z12.4
G0 F15000 X226.527 Y230.44
G0 X226.527 Y229.335
G0 X226.527 Y200.665
G0 X226.527 Y199.56
G0 X226.527 Y191.075
;TIME_ELAPSED:1748.288918
;LAYER:121
;note -- min layer time used
;TYPE:FILL
;MESH:table_soft_spacer_30x30-Body.stl
G1 F2400 E2247.54146
G1 F8142.6 X228.127 Y192.676 E2247.58569
G1 X228.925 Y192.676 E2247.60128
G1 X228.925 Y193.008 E2247.60777
G1 X228.128 Y193.008 E2247.62334
G1 X222.21 Y198.925 E2247.78687
G1 X225.514 Y198.925 E2247.85143
G1 X217.664 Y191.075 E2248.06836
G1 X212.335 Y191.075 E2248.17249
G1 X204.485 Y198.925 E2248.38942
G1 X207.788 Y198.925 E2248.45396
G1 X201.871 Y193.008 E2248.61747
G1 X201.075 Y193.008 E2248.63302
G1 X201.075 Y192.676 E2248.63951
G1 X201.871 Y192.676 E2248.65506
G1 X203.472 Y191.075 E2248.69931
G1 X208.801 Y191.075 E2248.80344
G1 X216.651 Y198.925 E2249.02037
G1 X213.348 Y198.925 E2249.08491
G1 X221.198 Y191.075 E2249.30184
G1 X228.925 Y191.075 E2249.45282
G1 X229.03 Y191.075
G1 F2400 E2243.45282
G0 F15000 X200.89 Y199.11
G0 X200.63 Y199.37
M204 S1250
;TYPE:WALL-INNER
G1 F2400 E2249.45282
G1 F7821.3 X229.37 Y199.37 E2249.95467
G1 X229.37 Y190.63 E2250.10728
G1 X200.63 Y190.63 E2250.60913
G1 X200.63 Y199.37 E2250.76174
M204 S2500
G0 F15000 X200.21 Y199.79
M204 S1250
;TYPE:WALL-OUTER
G1 F7500 X229.79 Y199.79 E2251.27826
G1 X229.79 Y190.21 E2251.44554
G1 X200.21 Y190.21 E2251.96205
G1 X200.21 Y199.79 E2252.12933
M204 S2500
G0 F15000 X200.41 Y199.79
G0 X201.116 Y198.76
G1 F2400 E2246.12933
G0 F15000 X225.513 Y199.56
G0 X225.513 Y200.665
G0 X225.513 Y229.335
G0 X225.513 Y230.44
G0 X225.513 Y231.075
;TYPE:FILL
G1 F2400 E2252.12933
G1 F8142.6 X217.662 Y238.925 E2252.34628
G1 X212.336 Y238.925 E2252.45035
G1 X204.486 Y231.075 E2252.66728
G1 X207.787 Y231.075 E2252.73178
G1 X201.871 Y236.991 E2252.89526
G1 X201.075 Y236.991 E2252.91082
G1 X201.075 Y237.323 E2252.9173
G1 X201.871 Y237.323 E2252.93286
G1 X203.474 Y238.925 E2252.97714
G1 X208.799 Y238.925 E2253.08119
G1 X216.65 Y231.075 E2253.29814
G1 X213.349 Y231.075 E2253.36264
G1 X221.199 Y238.925 E2253.57957
G1 X226.525 Y238.925 E2253.68364
G1 X228.127 Y237.323 E2253.72791
G1 X228.925 Y237.323 E2253.7435
G1 X228.925 Y236.991 E2253.74999
G1 X228.128 Y236.991 E2253.76556
G1 X222.212 Y231.075 E2253.92905
G1 X228.925 Y231.075 E2254.06022
G1 X229.03 Y231.075
G1 F2400 E2248.06022
G0 F15000 X200.89 Y230.89
G0 X200.63 Y230.63
M204 S1250
;TYPE:WALL-INNER
G1 F2400 E2254.06022
G1 F7821.3 X200.63 Y239.37 E2254.21284
G1 X229.37 Y239.37 E2254.71468
G1 X229.37 Y230.63 E2254.8673
G1 X200.63 Y230.63 E2255.36914
M204 S2500
G0 F15000 X200.21 Y230.21
M204 S1250
;TYPE:WALL-OUTER
G1 F7500 X200.21 Y239.79 E2255.53642
G1 X229.79 Y239.79 E2256.05294
G1 X229.79 Y230.21 E2256.22022
G1 X200.21 Y230.21 E2256.73673
M204 S2500
G0 F15000 X200.21 Y230.41
G0 X201.24 Y231.116
G1 F2400 E2250.73673
;MESH:NONMESH
G0 F600 X201.24 Y231.116 Z12.5
G0 F15000 X226.527 Y230.44
G0 X226.527 Y229.335
G0 X226.527 Y200.665
G0 X226.527 Y199.56
G0 X226.527 Y191.075
;TIME_ELAPSED:1757.986003
;LAYER:122
;note -- min layer time used
;TYPE:FILL
;MESH:table_soft_spacer_30x30-Body.stl
G1 F2400 E2256.73673
G1 F8142.6 X228.127 Y192.676 E2256.78096
G1 X228.925 Y192.676 E2256.79655
G1 X228.925 Y193.008 E2256.80304
G1 X228.128 Y193.008 E2256.81861
G1 X222.21 Y198.925 E2256.98214
G1 X225.514 Y198.925 E2257.0467
G1 X217.664 Y191.075 E2257.26363
G1 X212.335 Y191.075 E2257.36776
G1 X204.485 Y198.925 E2257.58469
G1 X207.788 Y198.925 E2257.64923
G1 X201.871 Y193.008 E2257.81274
G1 X201.075 Y193.008 E2257.8283
G1 X201.075 Y192.676 E2257.83478
G1 X201.871 Y192.676 E2257.85034
G1 X203.472 Y191.075 E2257.89458
G1 X208.801 Y191.075 E2257.99871
G1 X216.651 Y198.925 E2258.21564
G1 X213.348 Y198.925 E2258.28018
G1 X221.198 Y191.075 E2258.49711
G1 X228.925 Y191.075 E2258.6481
G1 X229.03 Y191.075
G1 F2400 E2252.6481
G0 F15000 X200.89 Y199.11
G0 X200.63 Y199.37
M204 S1250
;TYPE:WALL-INNER
G1 F2400 E2258.6481
G1 F7821.3 X229.37 Y199.37 E2259.14994
G1 X229.37 Y190.63 E2259.30256
G1 X200.63 Y190.63 E2259.8044
G1 X200.63 Y199.37 E2259.95702
M204 S2500
G0 F15000 X200.21 Y199.79
M204 S1250
;TYPE:WALL-OUTER
G1 F7500 X229.79 Y199.79 E2260.47353
G1 X229.79 Y190.21 E2260.64081
G1 X200.21 Y190.21 E2261.15732
G1 X200.21 Y199.79 E2261.32461
M204 S2500
G0 F15000 X200.41 Y199.79
G0 X201.116 Y198.76
G1 F2400 E2255.32461
G0 F15000 X225.513 Y199.56
G0 X225.513 Y200.665
G0 X225.513 Y229.335
G0 X225.513 Y230.44
G0 X225.513 Y231.075
;TYPE:FILL
G1 F2400 E2261.32461
G1 F8142.6 X217.662 Y238.925 E2261.54155
G1 X212.336 Y238.925 E2261.64562
G1 X204.486 Y231.075 E2261.86255
G1 X207.787 Y231.075 E2261.92705
G1 X201.871 Y236.991 E2262.09054
G1 X201.075 Y236.991 E2262.10609
G1 X201.075 Y237.323 E2262.11258
G1 X201.871 Y237.323 E2262.12813
G1 X203.474 Y238.925 E2262.17241
G1 X208.799 Y238.925 E2262.27647
G1 X216.65 Y231.075 E2262.49341
G1 X213.349 Y231.075 E2262.55791
G1 X221.199 Y238.925 E2262.77484
G1 X226.525 Y238.925 E2262.87891
G1 X228.127 Y237.323 E2262.92318
G1 X228.925 Y237.323 E2262.93878
G1 X228.925 Y236.991 E2262.94526
G1 X228.128 Y236.991 E2262.96084
G1 X222.212 Y231.075 E2263.12432
G1 X228.925 Y231.075 E2263.25549
G1 X229.03 Y231.075
G1 F2400 E2257.25549
G0 F15000 X200.89 Y230.89
G0 X200.63 Y230.63
M204 S1250
;TYPE:WALL-INNER
G1 F2400 E2263.25549
G1 F7821.3 X200.63 Y239.37 E2263.40811
G1 X229.37 Y239.37 E2263.90995
G1 X229.37 Y230.63 E2264.06257
G1 X200.63 Y230.63 E2264.56441
M204 S2500
G0 F15000 X200.21 Y230.21
M204 S1250
;TYPE:WALL-OUTER
G1 F7500 X200.21 Y239.79 E2264.7317
G1 X229.79 Y239.79 E2265.24821
G1 X229.79 Y230.21 E2265.41549
G1 X200.21 Y230.21 E2265.932
M204 S2500
G0 F15000 X200.21 Y230.41
G0 X201.24 Y231.116
G1 F2400 E2259.932
;MESH:NONMESH
G0 F600 X201.24 Y231.116 Z12.6
G0 F15000 X226.527 Y230.44
G0 X226.527 Y229.335
G0 X226.527 Y200.665
G0 X226.527 Y199.56
G0 X226.527 Y191.075
;TIME_ELAPSED:1767.683087
;LAYER:123
;note -- min layer time used
;TYPE:FILL
;MESH:table_soft_spacer_30x30-Body.stl
G1 F2400 E2265.932
G1 F8142.6 X228.127 Y192.676 E2265.97623
G1 X228.925 Y192.676 E2265.99183
G1 X228.925 Y193.008 E2265.99831
G1 X228.128 Y193.008 E2266.01389
G1 X222.21 Y198.925 E2266.17741
G1 X225.514 Y198.925 E2266.24197
G1 X217.664 Y191.075 E2266.4589
G1 X212.335 Y191.075 E2266.56303
G1 X204.485 Y198.925 E2266.77996
G1 X207.788 Y198.925 E2266.8445
G1 X201.871 Y193.008 E2267.00801
G1 X201.075 Y193.008 E2267.02357
G1 X201.075 Y192.676 E2267.03006
G1 X201.871 Y192.676 E2267.04561
G1 X203.472 Y191.075 E2267.08985
G1 X208.801 Y191.075 E2267.19398
G1 X216.651 Y198.925 E2267.41091
G1 X213.348 Y198.925 E2267.47545
G1 X221.198 Y191.075 E2267.69238
G1 X228.925 Y191.075 E2267.84337
G1 X229.03 Y191.075
G1 F2400 E2261.84337
G0 F15000 X200.89 Y199.11
G0 X200.63 Y199.37
M204 S1250
;TYPE:WALL-INNER
G1 F2400 E2267.84337
G1 F7821.3 X229.37 Y199.37 E2268.34521
G1 X229.37 Y190.63 E2268.49783
G1 X200.63 Y190.63 E2268.99967
G1 X200.63 Y199.37 E2269.15229
M204 S2500
G0 F15000 X200.21 Y199.79
M204 S1250
;TYPE:WALL-OUTER
G1 F7500 X229.79 Y199.79 E2269.6688
G1 X229.79 Y190.21 E2269.83608
G1 X200.21 Y190.21 E2270.3526
G1 X200.21 Y199.79 E2270.51988
M204 S2500
G0 F15000 X200.41 Y199.79
G0 X201.116 Y198.76
G1 F2400 E2264.51988
G0 F15000 X225.513 Y199.56
G0 X225.513 Y200.665
G0 X225.513 Y229.335
G0 X225.513 Y230.44
G0 X225.513 Y231.075
;TYPE:FILL
G1 F2400 E2270.51988
G1 F8142.6 X217.662 Y238.925 E2270.73682
G1 X212.336 Y238.925 E2270.84089
G1 X204.486 Y231.075 E2271.05782
G1 X207.787 Y231.075 E2271.12232
G1 X201.871 Y236.991 E2271.28581
G1 X201.075 Y236.991 E2271.30136
G1 X201.075 Y237.323 E2271.30785
G1 X201.871 Y237.323 E2271.3234
G1 X203.474 Y238.925 E2271.36769
G1 X208.799 Y238.925 E2271.47174
G1 X216.65 Y231.075 E2271.68868
G1 X213.349 Y231.075 E2271.75318
G1 X221.199 Y238.925 E2271.97011
G1 X226.525 Y238.925 E2272.07418
G1 X228.127 Y237.323 E2272.11845
G1 X228.925 Y237.323 E2272.13405
G1 X228.925 Y236.991 E2272.14054
G1 X228.128 Y236.991 E2272.15611
G1 X222.212 Y231.075 E2272.31959
G1 X228.925 Y231.075 E2272.45077
G1 X229.03 Y231.075
G1 F2400 E2266.45077
G0 F15000 X200.89 Y230.89
G0 X200.63 Y230.63
M204 S1250
;TYPE:WALL-INNER
G1 F2400 E2272.45077
G1 F7821.3 X200.63 Y239.37 E2272.60338
G1 X229.37 Y239.37 E2273.10523
G1 X229.37 Y230.63 E2273.25784
G1 X200.63 Y230.63 E2273.75969
M204 S2500
G0 F15000 X200.21 Y230.21
M204 S1250
;TYPE:WALL-OUTER
G1 F7500 X200.21 Y239.79 E2273.92697
G1 X229.79 Y239.79 E2274.44348
G1 X229.79 Y230.21 E2274.61076
G1 X200.21 Y230.21 E2275.12728
M204 S2500
G0 F15000 X200.21 Y230.41
G0 X201.24 Y231.116
G1 F2400 E2269.12728
;MESH:NONMESH
G0 F600 X201.24 Y231.116 Z12.7
G0 F15000 X226.527 Y230.44
G0 X226.527 Y229.335
G0 X226.527 Y200.665
G0 X226.527 Y199.56
G0 X226.527 Y191.075
;TIME_ELAPSED:1777.380172
;LAYER:124
;note -- min layer time used
;TYPE:FILL
;MESH:table_soft_spacer_30x30-Body.stl
G1 F2400 E2275.12728
G1 F8142.6 X228.127 Y192.676 E2275.17151
G1 X228.925 Y192.676 E2275.1871
G1 X228.925 Y193.008 E2275.19359
G1 X228.128 Y193.008 E2275.20916
G1 X222.21 Y198.925 E2275.37268
G1 X225.514 Y198.925 E2275.43725
G1 X217.664 Y191.075 E2275.65417
G1 X212.335 Y191.075 E2275.7583
G1 X204.485 Y198.925 E2275.97523
G1 X207.788 Y198.925 E2276.03978
G1 X201.871 Y193.008 E2276.20329
G1 X201.075 Y193.008 E2276.21884
G1 X201.075 Y192.676 E2276.22533
G1 X201.871 Y192.676 E2276.24088
G1 X203.472 Y191.075 E2276.28512
G1 X208.801 Y191.075 E2276.38925
G1 X216.651 Y198.925 E2276.60618
G1 X213.348 Y198.925 E2276.67073
G1 X221.198 Y191.075 E2276.88765
G1 X228.925 Y191.075 E2277.03864
G1 X229.03 Y191.075
G1 F2400 E2271.03864
G0 F15000 X200.89 Y199.11
G0 X200.63 Y199.37
M204 S1250
;TYPE:WALL-INNER
G1 F2400 E2277.03864
G1 F7821.3 X229.37 Y199.37 E2277.54049
G1 X229.37 Y190.63 E2277.6931
G1 X200.63 Y190.63 E2278.19495
G1 X200.63 Y199.37 E2278.34756
M204 S2500
G0 F15000 X200.21 Y199.79
M204 S1250
;TYPE:WALL-OUTER
G1 F7500 X229.79 Y199.79 E2278.86407
G1 X229.79 Y190.21 E2279.03136
G1 X200.21 Y190.21 E2279.54787
G1 X200.21 Y199.79 E2279.71515
M204 S2500
G0 F15000 X200.41 Y199.79
G0 X201.116 Y198.76
G1 F2400 E2273.71515
G0 F15000 X225.513 Y199.56
G0 X225.513 Y200.665
G0 X225.513 Y229.335
G0 X225.513 Y230.44
G0 X225.513 Y231.075
;TYPE:FILL
G1 F2400 E2279.71515
G1 F8142.6 X217.662 Y238.925 E2279.93209
G1 X212.336 Y238.925 E2280.03617
G1 X204.486 Y231.075 E2280.25309
G1 X207.787 Y231.075 E2280.3176
G1 X201.871 Y236.991 E2280.48108
G1 X201.075 Y236.991 E2280.49663
G1 X201.075 Y237.323 E2280.50312
G1 X201.871 Y237.323 E2280.51868
G1 X203.474 Y238.925 E2280.56296
G1 X208.799 Y238.925 E2280.66701
G1 X216.65 Y231.075 E2280.88395
G1 X213.349 Y231.075 E2280.94846
G1 X221.199 Y238.925 E2281.16539
G1 X226.525 Y238.925 E2281.26946
G1 X228.127 Y237.323 E2281.31373
G1 X228.925 Y237.323 E2281.32932
G1 X228.925 Y236.991 E2281.33581
G1 X228.128 Y236.991 E2281.35138
G1 X222.212 Y231.075 E2281.51487
G1 X228.925 Y231.075 E2281.64604
G1 X229.03 Y231.075
G1 F2400 E2275.64604
G0 F15000 X200.89 Y230.89
G0 X200.63 Y230.63
M204 S1250
;TYPE:WALL-INNER
G1 F2400 E2281.64604
G1 F7821.3 X200.63 Y239.37 E2281.79865
G1 X229.37 Y239.37 E2282.3005
G1 X229.37 Y230.63 E2282.45311
G1 X200.63 Y230.63 E2282.95496
M204 S2500
G0 F15000 X200.21 Y230.21
M204 S1250
;TYPE:WALL-OUTER
G1 F7500 X200.21 Y239.79 E2283.12224
G1 X229.79 Y239.79 E2283.63875
G1 X229.79 Y230.21 E2283.80604
G1 X200.21 Y230.21 E2284.32255
M204 S2500
G0 F15000 X200.21 Y230.41
G0 X201.24 Y231.116
G1 F2400 E2278.32255
;MESH:NONMESH
G0 F600 X201.24 Y231.116 Z12.8
G0 F15000 X226.527 Y230.44
G0 X226.527 Y229.335
G0 X226.527 Y200.665
G0 X226.527 Y199.56
G0 X226.527 Y191.075
;TIME_ELAPSED:1787.077257
;LAYER:125
;note -- min layer time used
;TYPE:FILL
;MESH:table_soft_spacer_30x30-Body.stl
G1 F2400 E2284.32255
G1 F8142.6 X228.127 Y192.676 E2284.36678
G1 X228.925 Y192.676 E2284.38237
G1 X228.925 Y193.008 E2284.38886
G1 X228.128 Y193.008 E2284.40443
G1 X222.21 Y198.925 E2284.56796
G1 X225.514 Y198.925 E2284.63252
G1 X217.664 Y191.075 E2284.84945
G1 X212.335 Y191.075 E2284.95358
G1 X204.485 Y198.925 E2285.17051
G1 X207.788 Y198.925 E2285.23505
G1 X201.871 Y193.008 E2285.39856
G1 X201.075 Y193.008 E2285.41411
G1 X201.075 Y192.676 E2285.4206
G1 X201.871 Y192.676 E2285.43615
G1 X203.472 Y191.075 E2285.4804
G1 X208.801 Y191.075 E2285.58453
G1 X216.651 Y198.925 E2285.80146
G1 X213.348 Y198.925 E2285.866
G1 X221.198 Y191.075 E2286.08293
G1 X228.925 Y191.075 E2286.23391
G1 X229.03 Y191.075
G1 F2400 E2280.23391
G0 F15000 X200.89 Y199.11
G0 X200.63 Y199.37
M204 S1250
;TYPE:WALL-INNER
G1 F2400 E2286.23391
G1 F7821.3 X229.37 Y199.37 E2286.73576
G1 X229.37 Y190.63 E2286.88837
G1 X200.63 Y190.63 E2287.39022
G1 X200.63 Y199.37 E2287.54283
M204 S2500
G0 F15000 X200.21 Y199.79
M204 S1250
;TYPE:WALL-OUTER
G1 F7500 X229.79 Y199.79 E2288.05935
G1 X229.79 Y190.21 E2288.22663
G1 X200.21 Y190.21 E2288.74314
G1 X200.21 Y199.79 E2288.91042
M204 S2500
G0 F15000 X200.41 Y199.79
G0 X201.116 Y198.76
G1 F2400 E2282.91042
G0 F15000 X225.513 Y199.56
G0 X225.513 Y200.665
G0 X225.513 Y229.335
G0 X225.513 Y230.44
G0 X225.513 Y231.075
;TYPE:FILL
G1 F2400 E2288.91042
G1 F8142.6 X217.662 Y238.925 E2289.12737
G1 X212.336 Y238.925 E2289.23144
G1 X204.486 Y231.075 E2289.44837
G1 X207.787 Y231.075 E2289.51287
G1 X201.871 Y236.991 E2289.67635
G1 X201.075 Y236.991 E2289.69191
G1 X201.075 Y237.323 E2289.69839
G1 X201.871 Y237.323 E2289.71395
G1 X203.474 Y238.925 E2289.75823
G1 X208.799 Y238.925 E2289.86228
G1 X216.65 Y231.075 E2290.07923
G1 X213.349 Y231.075 E2290.14373
G1 X221.199 Y238.925 E2290.36066
G1 X226.525 Y238.925 E2290.46473
G1 X228.127 Y237.323 E2290.509
G1 X228.925 Y237.323 E2290.52459
G1 X228.925 Y236.991 E2290.53108
G1 X228.128 Y236.991 E2290.54665
G1 X222.212 Y231.075 E2290.71014
G1 X228.925 Y231.075 E2290.84131
G1 X229.03 Y231.075
G1 F2400 E2284.84131
G0 F15000 X200.89 Y230.89
G0 X200.63 Y230.63
M204 S1250
;TYPE:WALL-INNER
G1 F2400 E2290.84131
G1 F7821.3 X200.63 Y239.37 E2290.99393
G1 X229.37 Y239.37 E2291.49577
G1 X229.37 Y230.63 E2291.64839
G1 X200.63 Y230.63 E2292.15023
M204 S2500
G0 F15000 X200.21 Y230.21
M204 S1250
;TYPE:WALL-OUTER
G1 F7500 X200.21 Y239.79 E2292.31751
G1 X229.79 Y239.79 E2292.83403
G1 X229.79 Y230.21 E2293.00131
G1 X200.21 Y230.21 E2293.51782
M204 S2500
G0 F15000 X200.21 Y230.41
G0 X201.24 Y231.116
G1 F2400 E2287.51782
;MESH:NONMESH
G0 F600 X201.24 Y231.116 Z12.9
G0 F15000 X226.527 Y230.44
G0 X226.527 Y229.335
G0 X226.527 Y200.665
G0 X226.527 Y199.56
G0 X226.527 Y191.075
;TIME_ELAPSED:1796.774341
;LAYER:126
;note -- min layer time used
;TYPE:FILL
;MESH:table_soft_spacer_30x30-Body.stl
G1 F2400 E2293.51782
G1 F8142.6 X228.127 Y192.676 E2293.56205
G1 X228.925 Y192.676 E2293.57764
G1 X228.925 Y193.008 E2293.58413
G1 X228.128 Y193.008 E2293.5997
G1 X222.21 Y198.925 E2293.76323
G1 X225.514 Y198.925 E2293.82779
G1 X217.664 Y191.075 E2294.04472
G1 X212.335 Y191.075 E2294.14885
G1 X204.485 Y198.925 E2294.36578
G1 X207.788 Y198.925 E2294.43032
G1 X201.871 Y193.008 E2294.59383
G1 X201.075 Y193.008 E2294.60939
G1 X201.075 Y192.676 E2294.61587
G1 X201.871 Y192.676 E2294.63143
G1 X203.472 Y191.075 E2294.67567
G1 X208.801 Y191.075 E2294.7798
G1 X216.651 Y198.925 E2294.99673
G1 X213.348 Y198.925 E2295.06127
G1 X221.198 Y191.075 E2295.2782
G1 X228.925 Y191.075 E2295.42919
G1 X229.03 Y191.075
G1 F2400 E2289.42919
G0 F15000 X200.89 Y199.11
G0 X200.63 Y199.37
M204 S1250
;TYPE:WALL-INNER
G1 F2400 E2295.42919
G1 F7821.3 X229.37 Y199.37 E2295.93103
G1 X229.37 Y190.63 E2296.08365
G1 X200.63 Y190.63 E2296.58549
G1 X200.63 Y199.37 E2296.73811
M204 S2500
G0 F15000 X200.21 Y199.79
M204 S1250
;TYPE:WALL-OUTER
G1 F7500 X229.79 Y199.79 E2297.25462
G1 X229.79 Y190.21 E2297.4219
G1 X200.21 Y190.21 E2297.93841
G1 X200.21 Y199.79 E2298.1057
M204 S2500
G0 F15000 X200.41 Y199.79
G0 X201.116 Y198.76
G1 F2400 E2292.1057
G0 F15000 X225.513 Y199.56
G0 X225.513 Y200.665
G0 X225.513 Y229.335
G0 X225.513 Y230.44
G0 X225.513 Y231.075
;TYPE:FILL
G1 F2400 E2298.1057
G1 F8142.6 X217.662 Y238.925 E2298.32264
G1 X212.336 Y238.925 E2298.42671
G1 X204.486 Y231.075 E2298.64364
G1 X207.787 Y231.075 E2298.70814
G1 X201.871 Y236.991 E2298.87163
G1 X201.075 Y236.991 E2298.88718
G1 X201.075 Y237.323 E2298.89367
G1 X201.871 Y237.323 E2298.90922
G1 X203.474 Y238.925 E2298.9535
G1 X208.799 Y238.925 E2299.05756
G1 X216.65 Y231.075 E2299.2745
G1 X213.349 Y231.075 E2299.339
G1 X221.199 Y238.925 E2299.55593
G1 X226.525 Y238.925 E2299.66
G1 X228.127 Y237.323 E2299.70427
G1 X228.925 Y237.323 E2299.71987
G1 X228.925 Y236.991 E2299.72635
G1 X228.128 Y236.991 E2299.74193
G1 X222.212 Y231.075 E2299.90541
G1 X228.925 Y231.075 E2300.03658
G1 X229.03 Y231.075
G1 F2400 E2294.03658
G0 F15000 X200.89 Y230.89
G0 X200.63 Y230.63
M204 S1250
;TYPE:WALL-INNER
G1 F2400 E2300.03658
G1 F7821.3 X200.63 Y239.37 E2300.1892
G1 X229.37 Y239.37 E2300.69104
G1 X229.37 Y230.63 E2300.84366
G1 X200.63 Y230.63 E2301.3455
M204 S2500
G0 F15000 X200.21 Y230.21
M204 S1250
;TYPE:WALL-OUTER
G1 F7500 X200.21 Y239.79 E2301.51279
G1 X229.79 Y239.79 E2302.0293
G1 X229.79 Y230.21 E2302.19658
G1 X200.21 Y230.21 E2302.71309
M204 S2500
G0 F15000 X200.21 Y230.41
G0 X201.24 Y231.116
G1 F2400 E2296.71309
;MESH:NONMESH
G0 F600 X201.24 Y231.116 Z13
G0 F15000 X226.527 Y230.44
G0 X226.527 Y229.335
G0 X226.527 Y200.665
G0 X226.527 Y199.56
G0 X226.527 Y191.075
;TIME_ELAPSED:1806.471426
;LAYER:127
;note -- min layer time used
;TYPE:FILL
;MESH:table_soft_spacer_30x30-Body.stl
G1 F2400 E2302.71309
G1 F8142.6 X228.127 Y192.676 E2302.75732
G1 X228.925 Y192.676 E2302.77292
G1 X228.925 Y193.008 E2302.7794
G1 X228.128 Y193.008 E2302.79498
G1 X222.21 Y198.925 E2302.9585
G1 X225.514 Y198.925 E2303.02306
G1 X217.664 Y191.075 E2303.23999
G1 X212.335 Y191.075 E2303.34412
G1 X204.485 Y198.925 E2303.56105
G1 X207.788 Y198.925 E2303.62559
G1 X201.871 Y193.008 E2303.7891
G1 X201.075 Y193.008 E2303.80466
G1 X201.075 Y192.676 E2303.81115
G1 X201.871 Y192.676 E2303.8267
G1 X203.472 Y191.075 E2303.87094
G1 X208.801 Y191.075 E2303.97507
G1 X216.651 Y198.925 E2304.192
G1 X213.348 Y198.925 E2304.25654
G1 X221.198 Y191.075 E2304.47347
G1 X228.925 Y191.075 E2304.62446
G1 X229.03 Y191.075
G1 F2400 E2298.62446
G0 F15000 X200.89 Y199.11
G0 X200.63 Y199.37
M204 S1250
;TYPE:WALL-INNER
G1 F2400 E2304.62446
G1 F7821.3 X229.37 Y199.37 E2305.1263
G1 X229.37 Y190.63 E2305.27892
G1 X200.63 Y190.63 E2305.78076
G1 X200.63 Y199.37 E2305.93338
M204 S2500
G0 F15000 X200.21 Y199.79
M204 S1250
;TYPE:WALL-OUTER
G1 F7500 X229.79 Y199.79 E2306.44989
G1 X229.79 Y190.21 E2306.61717
G1 X200.21 Y190.21 E2307.13369
G1 X200.21 Y199.79 E2307.30097
M204 S2500
G0 F15000 X200.41 Y199.79
G0 X201.116 Y198.76
G1 F2400 E2301.30097
G0 F15000 X225.513 Y199.56
G0 X225.513 Y200.665
G0 X225.513 Y229.335
G0 X225.513 Y230.44
G0 X225.513 Y231.075
;TYPE:FILL
G1 F2400 E2307.30097
G1 F8142.6 X217.662 Y238.925 E2307.51791
G1 X212.336 Y238.925 E2307.62198
G1 X204.486 Y231.075 E2307.83891
G1 X207.787 Y231.075 E2307.90341
G1 X201.871 Y236.991 E2308.0669
G1 X201.075 Y236.991 E2308.08245
G1 X201.075 Y237.323 E2308.08894
G1 X201.871 Y237.323 E2308.10449
G1 X203.474 Y238.925 E2308.14878
G1 X208.799 Y238.925 E2308.25283
G1 X216.65 Y231.075 E2308.46977
G1 X213.349 Y231.075 E2308.53427
G1 X221.199 Y238.925 E2308.7512
G1 X226.525 Y238.925 E2308.85527
G1 X228.127 Y237.323 E2308.89954
G1 X228.925 Y237.323 E2308.91514
G1 X228.925 Y236.991 E2308.92163
G1 X228.128 Y236.991 E2308.9372
G1 X222.212 Y231.075 E2309.10068
G1 X228.925 Y231.075 E2309.23186
G1 X229.03 Y231.075
G1 F2400 E2303.23186
G0 F15000 X200.89 Y230.89
G0 X200.63 Y230.63
M204 S1250
;TYPE:WALL-INNER
G1 F2400 E2309.23186
G1 F7821.3 X200.63 Y239.37 E2309.38447
G1 X229.37 Y239.37 E2309.88632
G1 X229.37 Y230.63 E2310.03893
G1 X200.63 Y230.63 E2310.54078
M204 S2500
G0 F15000 X200.21 Y230.21
M204 S1250
;TYPE:WALL-OUTER
G1 F7500 X200.21 Y239.79 E2310.70806
G1 X229.79 Y239.79 E2311.22457
G1 X229.79 Y230.21 E2311.39185
G1 X200.21 Y230.21 E2311.90837
M204 S2500
G0 F15000 X200.21 Y230.41
G0 X201.24 Y231.116
G1 F2400 E2305.90837
;MESH:NONMESH
G0 F600 X201.24 Y231.116 Z13.1
G0 F15000 X226.527 Y230.44
G0 X226.527 Y229.335
G0 X226.527 Y200.665
G0 X226.527 Y199.56
G0 X226.527 Y191.075
;TIME_ELAPSED:1816.168511
;LAYER:128
;note -- min layer time used
;TYPE:FILL
;MESH:table_soft_spacer_30x30-Body.stl
G1 F2400 E2311.90837
G1 F8142.6 X228.127 Y192.676 E2311.9526
G1 X228.925 Y192.676 E2311.96819
G1 X228.925 Y193.008 E2311.97468
G1 X228.128 Y193.008 E2311.99025
G1 X222.21 Y198.925 E2312.15377
G1 X225.514 Y198.925 E2312.21834
G1 X217.664 Y191.075 E2312.43526
G1 X212.335 Y191.075 E2312.53939
G1 X204.485 Y198.925 E2312.75632
G1 X207.788 Y198.925 E2312.82087
G1 X201.871 Y193.008 E2312.98438
G1 X201.075 Y193.008 E2312.99993
G1 X201.075 Y192.676 E2313.00642
G1 X201.871 Y192.676 E2313.02197
G1 X203.472 Y191.075 E2313.06621
G1 X208.801 Y191.075 E2313.17034
G1 X216.651 Y198.925 E2313.38727
G1 X213.348 Y198.925 E2313.45182
G1 X221.198 Y191.075 E2313.66874
G1 X228.925 Y191.075 E2313.81973
G1 X229.03 Y191.075
G1 F2400 E2307.81973
G0 F15000 X200.89 Y199.11
G0 X200.63 Y199.37
M204 S1250
;TYPE:WALL-INNER
G1 F2400 E2313.81973
G1 F7821.3 X229.37 Y199.37 E2314.32158
G1 X229.37 Y190.63 E2314.47419
G1 X200.63 Y190.63 E2314.97604
G1 X200.63 Y199.37 E2315.12865
M204 S2500
G0 F15000 X200.21 Y199.79
M204 S1250
;TYPE:WALL-OUTER
G1 F7500 X229.79 Y199.79 E2315.64516
G1 X229.79 Y190.21 E2315.81245
G1 X200.21 Y190.21 E2316.32896
G1 X200.21 Y199.79 E2316.49624
M204 S2500
G0 F15000 X200.41 Y199.79
G0 X201.116 Y198.76
G1 F2400 E2310.49624
G0 F15000 X225.513 Y199.56
G0 X225.513 Y200.665
G0 X225.513 Y229.335
G0 X225.513 Y230.44
G0 X225.513 Y231.075
;TYPE:FILL
G1 F2400 E2316.49624
G1 F8142.6 X217.662 Y238.925 E2316.71318
G1 X212.336 Y238.925 E2316.81726
G1 X204.486 Y231.075 E2317.03418
G1 X207.787 Y231.075 E2317.09869
G1 X201.871 Y236.991 E2317.26217
G1 X201.075 Y236.991 E2317.27772
G1 X201.075 Y237.323 E2317.28421
G1 X201.871 Y237.323 E2317.29977
G1 X203.474 Y238.925 E2317.34405
G1 X208.799 Y238.925 E2317.4481
G1 X216.65 Y231.075 E2317.66504
G1 X213.349 Y231.075 E2317.72955
G1 X221.199 Y238.925 E2317.94648
G1 X226.525 Y238.925 E2318.05055
G1 X228.127 Y237.323 E2318.09482
G1 X228.925 Y237.323 E2318.11041
G1 X228.925 Y236.991 E2318.1169
G1 X228.128 Y236.991 E2318.13247
G1 X222.212 Y231.075 E2318.29596
G1 X228.925 Y231.075 E2318.42713
G1 X229.03 Y231.075
G1 F2400 E2312.42713
G0 F15000 X200.89 Y230.89
G0 X200.63 Y230.63
M204 S1250
;TYPE:WALL-INNER
G1 F2400 E2318.42713
G1 F7821.3 X200.63 Y239.37 E2318.57974
G1 X229.37 Y239.37 E2319.08159
G1 X229.37 Y230.63 E2319.2342
G1 X200.63 Y230.63 E2319.73605
M204 S2500
G0 F15000 X200.21 Y230.21
M204 S1250
;TYPE:WALL-OUTER
G1 F7500 X200.21 Y239.79 E2319.90333
G1 X229.79 Y239.79 E2320.41984
G1 X229.79 Y230.21 E2320.58713
G1 X200.21 Y230.21 E2321.10364
M204 S2500
G0 F15000 X200.21 Y230.41
G0 X201.24 Y231.116
G1 F2400 E2315.10364
;MESH:NONMESH
G0 F600 X201.24 Y231.116 Z13.2
G0 F15000 X226.527 Y230.44
G0 X226.527 Y229.335
G0 X226.527 Y200.665
G0 X226.527 Y199.56
G0 X226.527 Y191.075
;TIME_ELAPSED:1825.865595
;LAYER:129
;note -- min layer time used
;TYPE:FILL
;MESH:table_soft_spacer_30x30-Body.stl
G1 F2400 E2321.10364
G1 F8142.6 X228.127 Y192.676 E2321.14787
G1 X228.925 Y192.676 E2321.16346
G1 X228.925 Y193.008 E2321.16995
G1 X228.128 Y193.008 E2321.18552
G1 X222.21 Y198.925 E2321.34905
G1 X225.514 Y198.925 E2321.41361
G1 X217.664 Y191.075 E2321.63054
G1 X212.335 Y191.075 E2321.73467
G1 X204.485 Y198.925 E2321.9516
G1 X207.788 Y198.925 E2322.01614
G1 X201.871 Y193.008 E2322.17965
G1 X201.075 Y193.008 E2322.1952
G1 X201.075 Y192.676 E2322.20169
G1 X201.871 Y192.676 E2322.21724
G1 X203.472 Y191.075 E2322.26149
G1 X208.801 Y191.075 E2322.36562
G1 X216.651 Y198.925 E2322.58255
G1 X213.348 Y198.925 E2322.64709
G1 X221.198 Y191.075 E2322.86402
G1 X228.925 Y191.075 E2323.015
G1 X229.03 Y191.075
G1 F2400 E2317.015
G0 F15000 X200.89 Y199.11
G0 X200.63 Y199.37
M204 S1250
;TYPE:WALL-INNER
G1 F2400 E2323.015
G1 F7821.3 X229.37 Y199.37 E2323.51685
G1 X229.37 Y190.63 E2323.66946
G1 X200.63 Y190.63 E2324.17131
G1 X200.63 Y199.37 E2324.32392
M204 S2500
G0 F15000 X200.21 Y199.79
M204 S1250
;TYPE:WALL-OUTER
G1 F7500 X229.79 Y199.79 E2324.84044
G1 X229.79 Y190.21 E2325.00772
G1 X200.21 Y190.21 E2325.52423
G1 X200.21 Y199.79 E2325.69151
M204 S2500
G0 F15000 X200.41 Y199.79
G0 X201.116 Y198.76
G1 F2400 E2319.69151
G0 F15000 X225.513 Y199.56
G0 X225.513 Y200.665
G0 X225.513 Y229.335
G0 X225.513 Y230.44
G0 X225.513 Y231.075
;TYPE:FILL
G1 F2400 E2325.69151
G1 F8142.6 X217.662 Y238.925 E2325.90846
G1 X212.336 Y238.925 E2326.01253
G1 X204.486 Y231.075 E2326.22946
G1 X207.787 Y231.075 E2326.29396
G1 X201.871 Y236.991 E2326.45744
G1 X201.075 Y236.991 E2326.473
G1 X201.075 Y237.323 E2326.47948
G1 X201.871 Y237.323 E2326.49504
G1 X203.474 Y238.925 E2326.53932
G1 X208.799 Y238.925 E2326.64337
G1 X216.65 Y231.075 E2326.86032
G1 X213.349 Y231.075 E2326.92482
G1 X221.199 Y238.925 E2327.14175
G1 X226.525 Y238.925 E2327.24582
G1 X228.127 Y237.323 E2327.29009
G1 X228.925 Y237.323 E2327.30568
G1 X228.925 Y236.991 E2327.31217
G1 X228.128 Y236.991 E2327.32774
G1 X222.212 Y231.075 E2327.49123
G1 X228.925 Y231.075 E2327.6224
G1 X229.03 Y231.075
G1 F2400 E2321.6224
G0 F15000 X200.89 Y230.89
G0 X200.63 Y230.63
M204 S1250
;TYPE:WALL-INNER
G1 F2400 E2327.6224
G1 F7821.3 X200.63 Y239.37 E2327.77502
G1 X229.37 Y239.37 E2328.27686
G1 X229.37 Y230.63 E2328.42948
G1 X200.63 Y230.63 E2328.93132
M204 S2500
G0 F15000 X200.21 Y230.21
M204 S1250
;TYPE:WALL-OUTER
G1 F7500 X200.21 Y239.79 E2329.0986
G1 X229.79 Y239.79 E2329.61512
G1 X229.79 Y230.21 E2329.7824
G1 X200.21 Y230.21 E2330.29891
M204 S2500
G0 F15000 X200.21 Y230.41
G0 X201.24 Y231.116
G1 F2400 E2324.29891
;MESH:NONMESH
G0 F600 X201.24 Y231.116 Z13.3
G0 F15000 X226.527 Y230.44
G0 X226.527 Y229.335
G0 X226.527 Y200.665
G0 X226.527 Y199.56
G0 X226.527 Y191.075
;TIME_ELAPSED:1835.562680
;LAYER:130
;note -- min layer time used
;TYPE:FILL
;MESH:table_soft_spacer_30x30-Body.stl
G1 F2400 E2330.29891
G1 F8142.6 X228.127 Y192.676 E2330.34314
G1 X228.925 Y192.676 E2330.35873
G1 X228.925 Y193.008 E2330.36522
G1 X228.128 Y193.008 E2330.38079
G1 X222.21 Y198.925 E2330.54432
G1 X225.514 Y198.925 E2330.60888
G1 X217.664 Y191.075 E2330.82581
G1 X212.335 Y191.075 E2330.92994
G1 X204.485 Y198.925 E2331.14687
G1 X207.788 Y198.925 E2331.21141
G1 X201.871 Y193.008 E2331.37492
G1 X201.075 Y193.008 E2331.39048
G1 X201.075 Y192.676 E2331.39696
G1 X201.871 Y192.676 E2331.41252
G1 X203.472 Y191.075 E2331.45676
G1 X208.801 Y191.075 E2331.56089
G1 X216.651 Y198.925 E2331.77782
G1 X213.348 Y198.925 E2331.84236
G1 X221.198 Y191.075 E2332.05929
G1 X228.925 Y191.075 E2332.21028
G1 X229.03 Y191.075
G1 F2400 E2326.21028
G0 F15000 X200.89 Y199.11
G0 X200.63 Y199.37
M204 S1250
;TYPE:WALL-INNER
G1 F2400 E2332.21028
G1 F7821.3 X229.37 Y199.37 E2332.71212
G1 X229.37 Y190.63 E2332.86474
G1 X200.63 Y190.63 E2333.36658
G1 X200.63 Y199.37 E2333.5192
M204 S2500
G0 F15000 X200.21 Y199.79
M204 S1250
;TYPE:WALL-OUTER
G1 F7500 X229.79 Y199.79 E2334.03571
G1 X229.79 Y190.21 E2334.20299
G1 X200.21 Y190.21 E2334.7195
G1 X200.21 Y199.79 E2334.88679
M204 S2500
G0 F15000 X200.41 Y199.79
G0 X201.116 Y198.76
G1 F2400 E2328.88679
G0 F15000 X225.513 Y199.56
G0 X225.513 Y200.665
G0 X225.513 Y229.335
G0 X225.513 Y230.44
G0 X225.513 Y231.075
;TYPE:FILL
G1 F2400 E2334.88679
G1 F8142.6 X217.662 Y238.925 E2335.10373
G1 X212.336 Y238.925 E2335.2078
G1 X204.486 Y231.075 E2335.42473
G1 X207.787 Y231.075 E2335.48923
G1 X201.871 Y236.991 E2335.65272
G1 X201.075 Y236.991 E2335.66827
G1 X201.075 Y237.323 E2335.67476
G1 X201.871 Y237.323 E2335.69031
G1 X203.474 Y238.925 E2335.73459
G1 X208.799 Y238.925 E2335.83865
G1 X216.65 Y231.075 E2336.05559
G1 X213.349 Y231.075 E2336.12009
G1 X221.199 Y238.925 E2336.33702
G1 X226.525 Y238.925 E2336.44109
G1 X228.127 Y237.323 E2336.48536
G1 X228.925 Y237.323 E2336.50096
G1 X228.925 Y236.991 E2336.50744
G1 X228.128 Y236.991 E2336.52302
G1 X222.212 Y231.075 E2336.6865
G1 X228.925 Y231.075 E2336.81767
G1 X229.03 Y231.075
G1 F2400 E2330.81767
G0 F15000 X200.89 Y230.89
G0 X200.63 Y230.63
M204 S1250
;TYPE:WALL-INNER
G1 F2400 E2336.81767
G1 F7821.3 X200.63 Y239.37 E2336.97029
G1 X229.37 Y239.37 E2337.47213
G1 X229.37 Y230.63 E2337.62475
G1 X200.63 Y230.63 E2338.12659
M204 S2500
G0 F15000 X200.21 Y230.21
M204 S1250
;TYPE:WALL-OUTER
G1 F7500 X200.21 Y239.79 E2338.29388
G1 X229.79 Y239.79 E2338.81039
G1 X229.79 Y230.21 E2338.97767
G1 X200.21 Y230.21 E2339.49418
M204 S2500
G0 F15000 X200.21 Y230.41
G0 X201.24 Y231.116
G1 F2400 E2333.49418
;MESH:NONMESH
G0 F600 X201.24 Y231.116 Z13.4
G0 F15000 X226.527 Y230.44
G0 X226.527 Y229.335
G0 X226.527 Y200.665
G0 X226.527 Y199.56
G0 X226.527 Y191.075
;TIME_ELAPSED:1845.259765
;LAYER:131
;note -- min layer time used
;TYPE:FILL
;MESH:table_soft_spacer_30x30-Body.stl
G1 F2400 E2339.49418
G1 F8142.6 X228.127 Y192.676 E2339.53841
G1 X228.925 Y192.676 E2339.55401
G1 X228.925 Y193.008 E2339.56049
G1 X228.128 Y193.008 E2339.57607
G1 X222.21 Y198.925 E2339.73959
G1 X225.514 Y198.925 E2339.80415
G1 X217.664 Y191.075 E2340.02108
G1 X212.335 Y191.075 E2340.12521
G1 X204.485 Y198.925 E2340.34214
G1 X207.788 Y198.925 E2340.40668
G1 X201.871 Y193.008 E2340.57019
G1 X201.075 Y193.008 E2340.58575
G1 X201.075 Y192.676 E2340.59224
G1 X201.871 Y192.676 E2340.60779
G1 X203.472 Y191.075 E2340.65203
G1 X208.801 Y191.075 E2340.75616
G1 X216.651 Y198.925 E2340.97309
G1 X213.348 Y198.925 E2341.03763
G1 X221.198 Y191.075 E2341.25456
G1 X228.925 Y191.075 E2341.40555
G1 X229.03 Y191.075
G1 F2400 E2335.40555
G0 F15000 X200.89 Y199.11
G0 X200.63 Y199.37
M204 S1250
;TYPE:WALL-INNER
G1 F2400 E2341.40555
G1 F7821.3 X229.37 Y199.37 E2341.90739
G1 X229.37 Y190.63 E2342.06001
G1 X200.63 Y190.63 E2342.56185
G1 X200.63 Y199.37 E2342.71447
M204 S2500
G0 F15000 X200.21 Y199.79
M204 S1250
;TYPE:WALL-OUTER
G1 F7500 X229.79 Y199.79 E2343.23098
G1 X229.79 Y190.21 E2343.39826
G1 X200.21 Y190.21 E2343.91478
G1 X200.21 Y199.79 E2344.08206
M204 S2500
G0 F15000 X200.41 Y199.79
G0 X201.116 Y198.76
G1 F2400 E2338.08206
G0 F15000 X225.513 Y199.56
G0 X225.513 Y200.665
G0 X225.513 Y229.335
G0 X225.513 Y230.44
G0 X225.513 Y231.075
;TYPE:FILL
G1 F2400 E2344.08206
G1 F8142.6 X217.662 Y238.925 E2344.299
G1 X212.336 Y238.925 E2344.40307
G1 X204.486 Y231.075 E2344.62
G1 X207.787 Y231.075 E2344.6845
G1 X201.871 Y236.991 E2344.84799
G1 X201.075 Y236.991 E2344.86354
G1 X201.075 Y237.323 E2344.87003
G1 X201.871 Y237.323 E2344.88558
G1 X203.474 Y238.925 E2344.92987
G1 X208.799 Y238.925 E2345.03392
G1 X216.65 Y231.075 E2345.25086
G1 X213.349 Y231.075 E2345.31536
G1 X221.199 Y238.925 E2345.53229
G1 X226.525 Y238.925 E2345.63636
G1 X228.127 Y237.323 E2345.68063
G1 X228.925 Y237.323 E2345.69623
G1 X228.925 Y236.991 E2345.70272
G1 X228.128 Y236.991 E2345.71829
G1 X222.212 Y231.075 E2345.88177
G1 X228.925 Y231.075 E2346.01295
G1 X229.03 Y231.075
G1 F2400 E2340.01295
G0 F15000 X200.89 Y230.89
G0 X200.63 Y230.63
M204 S1250
;TYPE:WALL-INNER
G1 F2400 E2346.01295
G1 F7821.3 X200.63 Y239.37 E2346.16556
G1 X229.37 Y239.37 E2346.66741
G1 X229.37 Y230.63 E2346.82002
G1 X200.63 Y230.63 E2347.32187
M204 S2500
G0 F15000 X200.21 Y230.21
M204 S1250
;TYPE:WALL-OUTER
G1 F7500 X200.21 Y239.79 E2347.48915
G1 X229.79 Y239.79 E2348.00566
G1 X229.79 Y230.21 E2348.17294
G1 X200.21 Y230.21 E2348.68946
M204 S2500
G0 F15000 X200.21 Y230.41
G0 X201.24 Y231.116
G1 F2400 E2342.68946
;MESH:NONMESH
G0 F600 X201.24 Y231.116 Z13.5
G0 F15000 X226.527 Y230.44
G0 X226.527 Y229.335
G0 X226.527 Y200.665
G0 X226.527 Y199.56
G0 X226.527 Y191.075
;TIME_ELAPSED:1854.956850
;LAYER:132
;note -- min layer time used
;TYPE:FILL
;MESH:table_soft_spacer_30x30-Body.stl
G1 F2400 E2348.68946
G1 F8142.6 X228.127 Y192.676 E2348.73369
G1 X228.925 Y192.676 E2348.74928
G1 X228.925 Y193.008 E2348.75577
G1 X228.128 Y193.008 E2348.77134
G1 X222.21 Y198.925 E2348.93486
G1 X225.514 Y198.925 E2348.99943
G1 X217.664 Y191.075 E2349.21635
G1 X212.335 Y191.075 E2349.32048
G1 X204.485 Y198.925 E2349.53741
G1 X207.788 Y198.925 E2349.60196
G1 X201.871 Y193.008 E2349.76547
G1 X201.075 Y193.008 E2349.78102
G1 X201.075 Y192.676 E2349.78751
G1 X201.871 Y192.676 E2349.80306
G1 X203.472 Y191.075 E2349.8473
G1 X208.801 Y191.075 E2349.95144
G1 X216.651 Y198.925 E2350.16836
G1 X213.348 Y198.925 E2350.23291
G1 X221.198 Y191.075 E2350.44983
G1 X228.925 Y191.075 E2350.60082
G1 X229.03 Y191.075
G1 F2400 E2344.60082
G0 F15000 X200.89 Y199.11
G0 X200.63 Y199.37
M204 S1250
;TYPE:WALL-INNER
G1 F2400 E2350.60082
G1 F7821.3 X229.37 Y199.37 E2351.10267
G1 X229.37 Y190.63 E2351.25528
G1 X200.63 Y190.63 E2351.75713
G1 X200.63 Y199.37 E2351.90974
M204 S2500
G0 F15000 X200.21 Y199.79
M204 S1250
;TYPE:WALL-OUTER
G1 F7500 X229.79 Y199.79 E2352.42625
G1 X229.79 Y190.21 E2352.59354
G1 X200.21 Y190.21 E2353.11005
G1 X200.21 Y199.79 E2353.27733
M204 S2500
G0 F15000 X200.41 Y199.79
G0 X201.116 Y198.76
G1 F2400 E2347.27733
G0 F15000 X225.513 Y199.56
G0 X225.513 Y200.665
G0 X225.513 Y229.335
G0 X225.513 Y230.44
G0 X225.513 Y231.075
;TYPE:FILL
G1 F2400 E2353.27733
G1 F8142.6 X217.662 Y238.925 E2353.49427
G1 X212.336 Y238.925 E2353.59835
G1 X204.486 Y231.075 E2353.81527
G1 X207.787 Y231.075 E2353.87978
G1 X201.871 Y236.991 E2354.04326
G1 X201.075 Y236.991 E2354.05881
G1 X201.075 Y237.323 E2354.0653
G1 X201.871 Y237.323 E2354.08086
G1 X203.474 Y238.925 E2354.12514
G1 X208.799 Y238.925 E2354.22919
G1 X216.65 Y231.075 E2354.44613
G1 X213.349 Y231.075 E2354.51064
G1 X221.199 Y238.925 E2354.72757
G1 X226.525 Y238.925 E2354.83164
G1 X228.127 Y237.323 E2354.87591
G1 X228.925 Y237.323 E2354.8915
G1 X228.925 Y236.991 E2354.89799
G1 X228.128 Y236.991 E2354.91356
G1 X222.212 Y231.075 E2355.07705
G1 X228.925 Y231.075 E2355.20822
G1 X229.03 Y231.075
G1 F2400 E2349.20822
G0 F15000 X200.89 Y230.89
G0 X200.63 Y230.63
M204 S1250
;TYPE:WALL-INNER
G1 F2400 E2355.20822
G1 F7821.3 X200.63 Y239.37 E2355.36083
G1 X229.37 Y239.37 E2355.86268
G1 X229.37 Y230.63 E2356.01529
G1 X200.63 Y230.63 E2356.51714
M204 S2500
G0 F15000 X200.21 Y230.21
M204 S1250
;TYPE:WALL-OUTER
G1 F7500 X200.21 Y239.79 E2356.68442
G1 X229.79 Y239.79 E2357.20093
G1 X229.79 Y230.21 E2357.36822
G1 X200.21 Y230.21 E2357.88473
M204 S2500
G0 F15000 X200.21 Y230.41
G0 X201.24 Y231.116
G1 F2400 E2351.88473
;MESH:NONMESH
G0 F600 X201.24 Y231.116 Z13.6
G0 F15000 X226.527 Y230.44
G0 X226.527 Y229.335
G0 X226.527 Y200.665
G0 X226.527 Y199.56
G0 X226.527 Y191.075
;TIME_ELAPSED:1864.653934
;LAYER:133
;note -- min layer time used
;TYPE:FILL
;MESH:table_soft_spacer_30x30-Body.stl
G1 F2400 E2357.88473
G1 F8142.6 X228.127 Y192.676 E2357.92896
G1 X228.925 Y192.676 E2357.94455
G1 X228.925 Y193.008 E2357.95104
G1 X228.128 Y193.008 E2357.96661
G1 X222.21 Y198.925 E2358.13014
G1 X225.514 Y198.925 E2358.1947
G1 X217.664 Y191.075 E2358.41163
G1 X212.335 Y191.075 E2358.51576
G1 X204.485 Y198.925 E2358.73269
G1 X207.788 Y198.925 E2358.79723
G1 X201.871 Y193.008 E2358.96074
G1 X201.075 Y193.008 E2358.97629
G1 X201.075 Y192.676 E2358.98278
G1 X201.871 Y192.676 E2358.99833
G1 X203.472 Y191.075 E2359.04258
G1 X208.801 Y191.075 E2359.14671
G1 X216.651 Y198.925 E2359.36364
G1 X213.348 Y198.925 E2359.42818
G1 X221.198 Y191.075 E2359.64511
G1 X228.925 Y191.075 E2359.79609
G1 X229.03 Y191.075
G1 F2400 E2353.79609
G0 F15000 X200.89 Y199.11
G0 X200.63 Y199.37
M204 S1250
;TYPE:WALL-INNER
G1 F2400 E2359.79609
G1 F7821.3 X229.37 Y199.37 E2360.29794
G1 X229.37 Y190.63 E2360.45055
G1 X200.63 Y190.63 E2360.9524
G1 X200.63 Y199.37 E2361.10501
M204 S2500
G0 F15000 X200.21 Y199.79
M204 S1250
;TYPE:WALL-OUTER
G1 F7500 X229.79 Y199.79 E2361.62153
G1 X229.79 Y190.21 E2361.78881
G1 X200.21 Y190.21 E2362.30532
G1 X200.21 Y199.79 E2362.4726
M204 S2500
G0 F15000 X200.41 Y199.79
G0 X201.116 Y198.76
G1 F2400 E2356.4726
G0 F15000 X225.513 Y199.56
G0 X225.513 Y200.665
G0 X225.513 Y229.335
G0 X225.513 Y230.44
G0 X225.513 Y231.075
;TYPE:FILL
G1 F2400 E2362.4726
G1 F8142.6 X217.662 Y238.925 E2362.68955
G1 X212.336 Y238.925 E2362.79362
G1 X204.486 Y231.075 E2363.01055
G1 X207.787 Y231.075 E2363.07505
G1 X201.871 Y236.991 E2363.23853
G1 X201.075 Y236.991 E2363.25409
G1 X201.075 Y237.323 E2363.26057
G1 X201.871 Y237.323 E2363.27613
G1 X203.474 Y238.925 E2363.32041
G1 X208.799 Y238.925 E2363.42446
G1 X216.65 Y231.075 E2363.64141
G1 X213.349 Y231.075 E2363.70591
G1 X221.199 Y238.925 E2363.92284
G1 X226.525 Y238.925 E2364.02691
G1 X228.127 Y237.323 E2364.07118
G1 X228.925 Y237.323 E2364.08677
G1 X228.925 Y236.991 E2364.09326
G1 X228.128 Y236.991 E2364.10883
G1 X222.212 Y231.075 E2364.27232
G1 X228.925 Y231.075 E2364.40349
G1 X229.03 Y231.075
G1 F2400 E2358.40349
G0 F15000 X200.89 Y230.89
G0 X200.63 Y230.63
M204 S1250
;TYPE:WALL-INNER
G1 F2400 E2364.40349
G1 F7821.3 X200.63 Y239.37 E2364.55611
G1 X229.37 Y239.37 E2365.05795
G1 X229.37 Y230.63 E2365.21057
G1 X200.63 Y230.63 E2365.71241
M204 S2500
G0 F15000 X200.21 Y230.21
M204 S1250
;TYPE:WALL-OUTER
G1 F7500 X200.21 Y239.79 E2365.87969
G1 X229.79 Y239.79 E2366.39621
G1 X229.79 Y230.21 E2366.56349
G1 X200.21 Y230.21 E2367.08
M204 S2500
G0 F15000 X200.21 Y230.41
G0 X201.24 Y231.116
G1 F2400 E2361.08
;MESH:NONMESH
G0 F600 X201.24 Y231.116 Z13.7
G0 F15000 X226.527 Y230.44
G0 X226.527 Y229.335
G0 X226.527 Y200.665
G0 X226.527 Y199.56
G0 X226.527 Y191.075
;TIME_ELAPSED:1874.351019
;LAYER:134
;note -- min layer time used
;TYPE:FILL
;MESH:table_soft_spacer_30x30-Body.stl
G1 F2400 E2367.08
G1 F8142.6 X228.127 Y192.676 E2367.12423
G1 X228.925 Y192.676 E2367.13982
G1 X228.925 Y193.008 E2367.14631
G1 X228.128 Y193.008 E2367.16188
G1 X222.21 Y198.925 E2367.32541
G1 X225.514 Y198.925 E2367.38997
G1 X217.664 Y191.075 E2367.6069
G1 X212.335 Y191.075 E2367.71103
G1 X204.485 Y198.925 E2367.92796
G1 X207.788 Y198.925 E2367.9925
G1 X201.871 Y193.008 E2368.15601
G1 X201.075 Y193.008 E2368.17157
G1 X201.075 Y192.676 E2368.17805
G1 X201.871 Y192.676 E2368.19361
G1 X203.472 Y191.075 E2368.23785
G1 X208.801 Y191.075 E2368.34198
G1 X216.651 Y198.925 E2368.55891
G1 X213.348 Y198.925 E2368.62345
G1 X221.198 Y191.075 E2368.84038
G1 X228.925 Y191.075 E2368.99137
G1 X229.03 Y191.075
G1 F2400 E2362.99137
G0 F15000 X200.89 Y199.11
G0 X200.63 Y199.37
M204 S1250
;TYPE:WALL-INNER
G1 F2400 E2368.99137
G1 F7821.3 X229.37 Y199.37 E2369.49321
G1 X229.37 Y190.63 E2369.64583
G1 X200.63 Y190.63 E2370.14767
G1 X200.63 Y199.37 E2370.30029
M204 S2500
G0 F15000 X200.21 Y199.79
M204 S1250
;TYPE:WALL-OUTER
G1 F7500 X229.79 Y199.79 E2370.8168
G1 X229.79 Y190.21 E2370.98408
G1 X200.21 Y190.21 E2371.50059
G1 X200.21 Y199.79 E2371.66788
M204 S2500
G0 F15000 X200.41 Y199.79
G0 X201.116 Y198.76
G1 F2400 E2365.66788
G0 F15000 X225.513 Y199.56
G0 X225.513 Y200.665
G0 X225.513 Y229.335
G0 X225.513 Y230.44
G0 X225.513 Y231.075
;TYPE:FILL
G1 F2400 E2371.66788
G1 F8142.6 X217.662 Y238.925 E2371.88482
G1 X212.336 Y238.925 E2371.98889
G1 X204.486 Y231.075 E2372.20582
G1 X207.787 Y231.075 E2372.27032
G1 X201.871 Y236.991 E2372.43381
G1 X201.075 Y236.991 E2372.44936
G1 X201.075 Y237.323 E2372.45585
G1 X201.871 Y237.323 E2372.4714
G1 X203.474 Y238.925 E2372.51568
G1 X208.799 Y238.925 E2372.61974
G1 X216.65 Y231.075 E2372.83668
G1 X213.349 Y231.075 E2372.90118
G1 X221.199 Y238.925 E2373.11811
G1 X226.525 Y238.925 E2373.22218
G1 X228.127 Y237.323 E2373.26645
G1 X228.925 Y237.323 E2373.28205
G1 X228.925 Y236.991 E2373.28853
G1 X228.128 Y236.991 E2373.30411
G1 X222.212 Y231.075 E2373.46759
G1 X228.925 Y231.075 E2373.59876
G1 X229.03 Y231.075
G1 F2400 E2367.59876
G0 F15000 X200.89 Y230.89
G0 X200.63 Y230.63
M204 S1250
;TYPE:WALL-INNER
G1 F2400 E2373.59876
G1 F7821.3 X200.63 Y239.37 E2373.75138
G1 X229.37 Y239.37 E2374.25322
G1 X229.37 Y230.63 E2374.40584
G1 X200.63 Y230.63 E2374.90768
M204 S2500
G0 F15000 X200.21 Y230.21
M204 S1250
;TYPE:WALL-OUTER
G1 F7500 X200.21 Y239.79 E2375.07497
G1 X229.79 Y239.79 E2375.59148
G1 X229.79 Y230.21 E2375.75876
G1 X200.21 Y230.21 E2376.27527
M204 S2500
G0 F15000 X200.21 Y230.41
G0 X201.24 Y231.116
G1 F2400 E2370.27527
;MESH:NONMESH
G0 F600 X201.24 Y231.116 Z13.8
G0 F15000 X226.527 Y230.44
G0 X226.527 Y229.335
G0 X226.527 Y200.665
G0 X226.527 Y199.56
G0 X226.527 Y191.075
;TIME_ELAPSED:1884.048104
;LAYER:135
;note -- min layer time used
;TYPE:FILL
;MESH:table_soft_spacer_30x30-Body.stl
G1 F2400 E2376.27527
G1 F8142.6 X228.127 Y192.676 E2376.3195
G1 X228.925 Y192.676 E2376.3351
G1 X228.925 Y193.008 E2376.34158
G1 X228.128 Y193.008 E2376.35716
G1 X222.21 Y198.925 E2376.52068
G1 X225.514 Y198.925 E2376.58524
G1 X217.664 Y191.075 E2376.80217
G1 X212.335 Y191.075 E2376.9063
G1 X204.485 Y198.925 E2377.12323
G1 X207.788 Y198.925 E2377.18777
G1 X201.871 Y193.008 E2377.35128
G1 X201.075 Y193.008 E2377.36684
G1 X201.075 Y192.676 E2377.37333
G1 X201.871 Y192.676 E2377.38888
G1 X203.472 Y191.075 E2377.43312
G1 X208.801 Y191.075 E2377.53725
G1 X216.651 Y198.925 E2377.75418
G1 X213.348 Y198.925 E2377.81872
G1 X221.198 Y191.075 E2378.03565
G1 X228.925 Y191.075 E2378.18664
G1 X229.03 Y191.075
G1 F2400 E2372.18664
G0 F15000 X200.89 Y199.11
G0 X200.63 Y199.37
M204 S1250
;TYPE:WALL-INNER
G1 F2400 E2378.18664
G1 F7821.3 X229.37 Y199.37 E2378.68848
G1 X229.37 Y190.63 E2378.8411
G1 X200.63 Y190.63 E2379.34294
G1 X200.63 Y199.37 E2379.49556
M204 S2500
G0 F15000 X200.21 Y199.79
M204 S1250
;TYPE:WALL-OUTER
G1 F7500 X229.79 Y199.79 E2380.01207
G1 X229.79 Y190.21 E2380.17935
G1 X200.21 Y190.21 E2380.69587
G1 X200.21 Y199.79 E2380.86315
M204 S2500
G0 F15000 X200.41 Y199.79
G0 X201.116 Y198.76
G1 F2400 E2374.86315
G0 F15000 X225.513 Y199.56
G0 X225.513 Y200.665
G0 X225.513 Y229.335
G0 X225.513 Y230.44
G0 X225.513 Y231.075
;TYPE:FILL
G1 F2400 E2380.86315
G1 F8142.6 X217.662 Y238.925 E2381.08009
G1 X212.336 Y238.925 E2381.18416
G1 X204.486 Y231.075 E2381.40109
G1 X207.787 Y231.075 E2381.46559
G1 X201.871 Y236.991 E2381.62908
G1 X201.075 Y236.991 E2381.64463
G1 X201.075 Y237.323 E2381.65112
G1 X201.871 Y237.323 E2381.66667
G1 X203.474 Y238.925 E2381.71096
G1 X208.799 Y238.925 E2381.81501
G1 X216.65 Y231.075 E2382.03195
G1 X213.349 Y231.075 E2382.09645
G1 X221.199 Y238.925 E2382.31338
G1 X226.525 Y238.925 E2382.41745
G1 X228.127 Y237.323 E2382.46172
G1 X228.925 Y237.323 E2382.47732
G1 X228.925 Y236.991 E2382.48381
G1 X228.128 Y236.991 E2382.49938
G1 X222.212 Y231.075 E2382.66286
G1 X228.925 Y231.075 E2382.79404
G1 X229.03 Y231.075
G1 F2400 E2376.79404
G0 F15000 X200.89 Y230.89
G0 X200.63 Y230.63
M204 S1250
;TYPE:WALL-INNER
G1 F2400 E2382.79404
G1 F7821.3 X200.63 Y239.37 E2382.94665
G1 X229.37 Y239.37 E2383.4485
G1 X229.37 Y230.63 E2383.60111
G1 X200.63 Y230.63 E2384.10296
M204 S2500
G0 F15000 X200.21 Y230.21
M204 S1250
;TYPE:WALL-OUTER
G1 F7500 X200.21 Y239.79 E2384.27024
G1 X229.79 Y239.79 E2384.78675
G1 X229.79 Y230.21 E2384.95403
G1 X200.21 Y230.21 E2385.47055
M204 S2500
G0 F15000 X200.21 Y230.41
G0 X201.24 Y231.116
G1 F2400 E2379.47055
;MESH:NONMESH
G0 F600 X201.24 Y231.116 Z13.9
G0 F15000 X226.527 Y230.44
G0 X226.527 Y229.335
G0 X226.527 Y200.665
G0 X226.527 Y199.56
G0 X226.527 Y191.075
;TIME_ELAPSED:1893.745188
;LAYER:136
;note -- min layer time used
;TYPE:FILL
;MESH:table_soft_spacer_30x30-Body.stl
G1 F2400 E2385.47055
G1 F8142.6 X228.127 Y192.676 E2385.51478
G1 X228.925 Y192.676 E2385.53037
G1 X228.925 Y193.008 E2385.53686
G1 X228.128 Y193.008 E2385.55243
G1 X222.21 Y198.925 E2385.71595
G1 X225.514 Y198.925 E2385.78052
G1 X217.664 Y191.075 E2385.99744
G1 X212.335 Y191.075 E2386.10157
G1 X204.485 Y198.925 E2386.3185
G1 X207.788 Y198.925 E2386.38305
G1 X201.871 Y193.008 E2386.54656
G1 X201.075 Y193.008 E2386.56211
G1 X201.075 Y192.676 E2386.5686
G1 X201.871 Y192.676 E2386.58415
G1 X203.472 Y191.075 E2386.62839
G1 X208.801 Y191.075 E2386.73253
G1 X216.651 Y198.925 E2386.94945
G1 X213.348 Y198.925 E2387.014
G1 X221.198 Y191.075 E2387.23092
G1 X228.925 Y191.075 E2387.38191
G1 X229.03 Y191.075
G1 F2400 E2381.38191
G0 F15000 X200.89 Y199.11
G0 X200.63 Y199.37
M204 S1250
;TYPE:WALL-INNER
G1 F2400 E2387.38191
G1 F7821.3 X229.37 Y199.37 E2387.88376
G1 X229.37 Y190.63 E2388.03637
G1 X200.63 Y190.63 E2388.53822
G1 X200.63 Y199.37 E2388.69083
M204 S2500
G0 F15000 X200.21 Y199.79
M204 S1250
;TYPE:WALL-OUTER
G1 F7500 X229.79 Y199.79 E2389.20734
G1 X229.79 Y190.21 E2389.37463
G1 X200.21 Y190.21 E2389.89114
G1 X200.21 Y199.79 E2390.05842
M204 S2500
G0 F15000 X200.41 Y199.79
G0 X201.116 Y198.76
G1 F2400 E2384.05842
G0 F15000 X225.513 Y199.56
G0 X225.513 Y200.665
G0 X225.513 Y229.335
G0 X225.513 Y230.44
G0 X225.513 Y231.075
;TYPE:FILL
G1 F2400 E2390.05842
G1 F8142.6 X217.662 Y238.925 E2390.27536
G1 X212.336 Y238.925 E2390.37944
G1 X204.486 Y231.075 E2390.59636
G1 X207.787 Y231.075 E2390.66087
G1 X201.871 Y236.991 E2390.82435
G1 X201.075 Y236.991 E2390.8399
G1 X201.075 Y237.323 E2390.84639
G1 X201.871 Y237.323 E2390.86195
G1 X203.474 Y238.925 E2390.90623
G1 X208.799 Y238.925 E2391.01028
G1 X216.65 Y231.075 E2391.22722
G1 X213.349 Y231.075 E2391.29173
G1 X221.199 Y238.925 E2391.50866
G1 X226.525 Y238.925 E2391.61273
G1 X228.127 Y237.323 E2391.657
G1 X228.925 Y237.323 E2391.67259
G1 X228.925 Y236.991 E2391.67908
G1 X228.128 Y236.991 E2391.69465
G1 X222.212 Y231.075 E2391.85814
G1 X228.925 Y231.075 E2391.98931
G1 X229.03 Y231.075
G1 F2400 E2385.98931
G0 F15000 X200.89 Y230.89
G0 X200.63 Y230.63
M204 S1250
;TYPE:WALL-INNER
G1 F2400 E2391.98931
G1 F7821.3 X200.63 Y239.37 E2392.14192
G1 X229.37 Y239.37 E2392.64377
G1 X229.37 Y230.63 E2392.79638
G1 X200.63 Y230.63 E2393.29823
M204 S2500
G0 F15000 X200.21 Y230.21
M204 S1250
;TYPE:WALL-OUTER
G1 F7500 X200.21 Y239.79 E2393.46551
G1 X229.79 Y239.79 E2393.98202
G1 X229.79 Y230.21 E2394.14931
G1 X200.21 Y230.21 E2394.66582
M204 S2500
G0 F15000 X200.21 Y230.41
G0 X201.24 Y231.116
G1 F2400 E2388.66582
;MESH:NONMESH
G0 F600 X201.24 Y231.116 Z14
G0 F15000 X226.527 Y230.44
G0 X226.527 Y229.335
G0 X226.527 Y200.665
G0 X226.527 Y199.56
G0 X226.527 Y191.075
;TIME_ELAPSED:1903.442273
;LAYER:137
;note -- min layer time used
;TYPE:FILL
;MESH:table_soft_spacer_30x30-Body.stl
G1 F2400 E2394.66582
G1 F8142.6 X228.127 Y192.676 E2394.71005
G1 X228.925 Y192.676 E2394.72564
G1 X228.925 Y193.008 E2394.73213
G1 X228.128 Y193.008 E2394.7477
G1 X222.21 Y198.925 E2394.91123
G1 X225.514 Y198.925 E2394.97579
G1 X217.664 Y191.075 E2395.19272
G1 X212.335 Y191.075 E2395.29685
G1 X204.485 Y198.925 E2395.51378
G1 X207.788 Y198.925 E2395.57832
G1 X201.871 Y193.008 E2395.74183
G1 X201.075 Y193.008 E2395.75738
G1 X201.075 Y192.676 E2395.76387
G1 X201.871 Y192.676 E2395.77942
G1 X203.472 Y191.075 E2395.82367
G1 X208.801 Y191.075 E2395.9278
G1 X216.651 Y198.925 E2396.14473
G1 X213.348 Y198.925 E2396.20927
G1 X221.198 Y191.075 E2396.4262
G1 X228.925 Y191.075 E2396.57718
G1 X229.03 Y191.075
G1 F2400 E2390.57718
G0 F15000 X200.89 Y199.11
G0 X200.63 Y199.37
M204 S1250
;TYPE:WALL-INNER
G1 F2400 E2396.57718
G1 F7821.3 X229.37 Y199.37 E2397.07903
G1 X229.37 Y190.63 E2397.23164
G1 X200.63 Y190.63 E2397.73349
G1 X200.63 Y199.37 E2397.8861
M204 S2500
G0 F15000 X200.21 Y199.79
M204 S1250
;TYPE:WALL-OUTER
G1 F7500 X229.79 Y199.79 E2398.40262
G1 X229.79 Y190.21 E2398.5699
G1 X200.21 Y190.21 E2399.08641
G1 X200.21 Y199.79 E2399.25369
M204 S2500
G0 F15000 X200.41 Y199.79
G0 X201.116 Y198.76
G1 F2400 E2393.25369
G0 F15000 X225.513 Y199.56
G0 X225.513 Y200.665
G0 X225.513 Y229.335
G0 X225.513 Y230.44
G0 X225.513 Y231.075
;TYPE:FILL
G1 F2400 E2399.25369
G1 F8142.6 X217.662 Y238.925 E2399.47064
G1 X212.336 Y238.925 E2399.57471
G1 X204.486 Y231.075 E2399.79164
G1 X207.787 Y231.075 E2399.85614
G1 X201.871 Y236.991 E2400.01962
G1 X201.075 Y236.991 E2400.03518
G1 X201.075 Y237.323 E2400.04166
G1 X201.871 Y237.323 E2400.05722
G1 X203.474 Y238.925 E2400.1015
G1 X208.799 Y238.925 E2400.20555
G1 X216.65 Y231.075 E2400.4225
G1 X213.349 Y231.075 E2400.487
G1 X221.199 Y238.925 E2400.70393
G1 X226.525 Y238.925 E2400.808
G1 X228.127 Y237.323 E2400.85227
G1 X228.925 Y237.323 E2400.86786
G1 X228.925 Y236.991 E2400.87435
G1 X228.128 Y236.991 E2400.88992
G1 X222.212 Y231.075 E2401.05341
G1 X228.925 Y231.075 E2401.18458
G1 X229.03 Y231.075
G1 F2400 E2395.18458
G0 F15000 X200.89 Y230.89
G0 X200.63 Y230.63
M204 S1250
;TYPE:WALL-INNER
G1 F2400 E2401.18458
G1 F7821.3 X200.63 Y239.37 E2401.3372
G1 X229.37 Y239.37 E2401.83904
G1 X229.37 Y230.63 E2401.99166
G1 X200.63 Y230.63 E2402.4935
M204 S2500
G0 F15000 X200.21 Y230.21
M204 S1250
;TYPE:WALL-OUTER
G1 F7500 X200.21 Y239.79 E2402.66078
G1 X229.79 Y239.79 E2403.1773
G1 X229.79 Y230.21 E2403.34458
G1 X200.21 Y230.21 E2403.86109
M204 S2500
G0 F15000 X200.21 Y230.41
G0 X201.24 Y231.116
G1 F2400 E2397.86109
;MESH:NONMESH
G0 F600 X201.24 Y231.116 Z14.1
G0 F15000 X226.527 Y230.44
G0 X226.527 Y229.335
G0 X226.527 Y200.665
G0 X226.527 Y199.56
G0 X226.527 Y191.075
;TIME_ELAPSED:1913.139358
;LAYER:138
;note -- min layer time used
;TYPE:FILL
;MESH:table_soft_spacer_30x30-Body.stl
G1 F2400 E2403.86109
G1 F8142.6 X228.127 Y192.676 E2403.90532
G1 X228.925 Y192.676 E2403.92091
G1 X228.925 Y193.008 E2403.9274
G1 X228.128 Y193.008 E2403.94297
G1 X222.21 Y198.925 E2404.1065
G1 X225.514 Y198.925 E2404.17106
G1 X217.664 Y191.075 E2404.38799
G1 X212.335 Y191.075 E2404.49212
G1 X204.485 Y198.925 E2404.70905
G1 X207.788 Y198.925 E2404.77359
G1 X201.871 Y193.008 E2404.9371
G1 X201.075 Y193.008 E2404.95266
G1 X201.075 Y192.676 E2404.95914
G1 X201.871 Y192.676 E2404.9747
G1 X203.472 Y191.075 E2405.01894
G1 X208.801 Y191.075 E2405.12307
G1 X216.651 Y198.925 E2405.34
G1 X213.348 Y198.925 E2405.40454
G1 X221.198 Y191.075 E2405.62147
G1 X228.925 Y191.075 E2405.77246
G1 X229.03 Y191.075
G1 F2400 E2399.77246
G0 F15000 X200.89 Y199.11
G0 X200.63 Y199.37
M204 S1250
;TYPE:WALL-INNER
G1 F2400 E2405.77246
G1 F7821.3 X229.37 Y199.37 E2406.2743
G1 X229.37 Y190.63 E2406.42692
G1 X200.63 Y190.63 E2406.92876
G1 X200.63 Y199.37 E2407.08138
M204 S2500
G0 F15000 X200.21 Y199.79
M204 S1250
;TYPE:WALL-OUTER
G1 F7500 X229.79 Y199.79 E2407.59789
G1 X229.79 Y190.21 E2407.76517
G1 X200.21 Y190.21 E2408.28168
G1 X200.21 Y199.79 E2408.44897
M204 S2500
G0 F15000 X200.41 Y199.79
G0 X201.116 Y198.76
G1 F2400 E2402.44897
G0 F15000 X225.513 Y199.56
G0 X225.513 Y200.665
G0 X225.513 Y229.335
G0 X225.513 Y230.44
G0 X225.513 Y231.075
;TYPE:FILL
G1 F2400 E2408.44897
G1 F8142.6 X217.662 Y238.925 E2408.66591
G1 X212.336 Y238.925 E2408.76998
G1 X204.486 Y231.075 E2408.98691
G1 X207.787 Y231.075 E2409.05141
G1 X201.871 Y236.991 E2409.2149
G1 X201.075 Y236.991 E2409.23045
G1 X201.075 Y237.323 E2409.23694
G1 X201.871 Y237.323 E2409.25249
G1 X203.474 Y238.925 E2409.29677
G1 X208.799 Y238.925 E2409.40083
G1 X216.65 Y231.075 E2409.61777
G1 X213.349 Y231.075 E2409.68227
G1 X221.199 Y238.925 E2409.8992
G1 X226.525 Y238.925 E2410.00327
G1 X228.127 Y237.323 E2410.04754
G1 X228.925 Y237.323 E2410.06314
G1 X228.925 Y236.991 E2410.06962
G1 X228.128 Y236.991 E2410.0852
G1 X222.212 Y231.075 E2410.24868
G1 X228.925 Y231.075 E2410.37985
G1 X229.03 Y231.075
G1 F2400 E2404.37985
G0 F15000 X200.89 Y230.89
G0 X200.63 Y230.63
M204 S1250
;TYPE:WALL-INNER
G1 F2400 E2410.37985
G1 F7821.3 X200.63 Y239.37 E2410.53247
G1 X229.37 Y239.37 E2411.03431
G1 X229.37 Y230.63 E2411.18693
G1 X200.63 Y230.63 E2411.68877
M204 S2500
G0 F15000 X200.21 Y230.21
M204 S1250
;TYPE:WALL-OUTER
G1 F7500 X200.21 Y239.79 E2411.85606
G1 X229.79 Y239.79 E2412.37257
G1 X229.79 Y230.21 E2412.53985
G1 X200.21 Y230.21 E2413.05636
M204 S2500
G0 F15000 X200.21 Y230.41
G0 X201.24 Y231.116
G1 F2400 E2407.05636
;MESH:NONMESH
G0 F600 X201.24 Y231.116 Z14.2
G0 F15000 X226.527 Y230.44
G0 X226.527 Y229.335
G0 X226.527 Y200.665
G0 X226.527 Y199.56
G0 X226.527 Y191.075
;TIME_ELAPSED:1922.836442
;LAYER:139
;note -- min layer time used
;TYPE:FILL
;MESH:table_soft_spacer_30x30-Body.stl
G1 F2400 E2413.05636
G1 F8142.6 X228.127 Y192.676 E2413.10059
G1 X228.925 Y192.676 E2413.11619
G1 X228.925 Y193.008 E2413.12267
G1 X228.128 Y193.008 E2413.13825
G1 X222.21 Y198.925 E2413.30177
G1 X225.514 Y198.925 E2413.36633
G1 X217.664 Y191.075 E2413.58326
G1 X212.335 Y191.075 E2413.68739
G1 X204.485 Y198.925 E2413.90432
G1 X207.788 Y198.925 E2413.96886
G1 X201.871 Y193.008 E2414.13237
G1 X201.075 Y193.008 E2414.14793
G1 X201.075 Y192.676 E2414.15442
G1 X201.871 Y192.676 E2414.16997
G1 X203.472 Y191.075 E2414.21421
G1 X208.801 Y191.075 E2414.31834
G1 X216.651 Y198.925 E2414.53527
G1 X213.348 Y198.925 E2414.59981
G1 X221.198 Y191.075 E2414.81674
G1 X228.925 Y191.075 E2414.96773
G1 X229.03 Y191.075
G1 F2400 E2408.96773
G0 F15000 X200.89 Y199.11
G0 X200.63 Y199.37
M204 S1250
;TYPE:WALL-INNER
G1 F2400 E2414.96773
G1 F7821.3 X229.37 Y199.37 E2415.46957
G1 X229.37 Y190.63 E2415.62219
G1 X200.63 Y190.63 E2416.12403
G1 X200.63 Y199.37 E2416.27665
M204 S2500
G0 F15000 X200.21 Y199.79
M204 S1250
;TYPE:WALL-OUTER
G1 F7500 X229.79 Y199.79 E2416.79316
G1 X229.79 Y190.21 E2416.96044
G1 X200.21 Y190.21 E2417.47696
G1 X200.21 Y199.79 E2417.64424
M204 S2500
G0 F15000 X200.41 Y199.79
G0 X201.116 Y198.76
G1 F2400 E2411.64424
G0 F15000 X225.513 Y199.56
G0 X225.513 Y200.665
G0 X225.513 Y229.335
G0 X225.513 Y230.44
G0 X225.513 Y231.075
;TYPE:FILL
G1 F2400 E2417.64424
G1 F8142.6 X217.662 Y238.925 E2417.86118
G1 X212.336 Y238.925 E2417.96525
G1 X204.486 Y231.075 E2418.18218
G1 X207.787 Y231.075 E2418.24668
G1 X201.871 Y236.991 E2418.41017
G1 X201.075 Y236.991 E2418.42572
G1 X201.075 Y237.323 E2418.43221
G1 X201.871 Y237.323 E2418.44776
G1 X203.474 Y238.925 E2418.49205
G1 X208.799 Y238.925 E2418.5961
G1 X216.65 Y231.075 E2418.81304
G1 X213.349 Y231.075 E2418.87754
G1 X221.199 Y238.925 E2419.09447
G1 X226.525 Y238.925 E2419.19854
G1 X228.127 Y237.323 E2419.24281
G1 X228.925 Y237.323 E2419.25841
G1 X228.925 Y236.991 E2419.2649
G1 X228.128 Y236.991 E2419.28047
G1 X222.212 Y231.075 E2419.44395
G1 X228.925 Y231.075 E2419.57513
G1 X229.03 Y231.075
G1 F2400 E2413.57513
G0 F15000 X200.89 Y230.89
G0 X200.63 Y230.63
M204 S1250
;TYPE:WALL-INNER
G1 F2400 E2419.57513
G1 F7821.3 X200.63 Y239.37 E2419.72774
G1 X229.37 Y239.37 E2420.22959
G1 X229.37 Y230.63 E2420.3822
G1 X200.63 Y230.63 E2420.88405
M204 S2500
G0 F15000 X200.21 Y230.21
M204 S1250
;TYPE:WALL-OUTER
G1 F7500 X200.21 Y239.79 E2421.05133
G1 X229.79 Y239.79 E2421.56784
G1 X229.79 Y230.21 E2421.73512
G1 X200.21 Y230.21 E2422.25164
M204 S2500
G0 F15000 X200.21 Y230.41
G0 X201.24 Y231.116
G1 F2400 E2416.25164
;MESH:NONMESH
G0 F600 X201.24 Y231.116 Z14.3
G0 F15000 X226.527 Y230.44
G0 X226.527 Y229.335
G0 X226.527 Y200.665
G0 X226.527 Y199.56
G0 X226.527 Y191.075
;TIME_ELAPSED:1932.533527
;LAYER:140
;note -- min layer time used
;TYPE:FILL
;MESH:table_soft_spacer_30x30-Body.stl
G1 F2400 E2422.25164
G1 F8142.6 X228.127 Y192.676 E2422.29587
G1 X228.925 Y192.676 E2422.31146
G1 X228.925 Y193.008 E2422.31795
G1 X228.128 Y193.008 E2422.33352
G1 X222.21 Y198.925 E2422.49704
G1 X225.514 Y198.925 E2422.56161
G1 X217.664 Y191.075 E2422.77853
G1 X212.335 Y191.075 E2422.88266
G1 X204.485 Y198.925 E2423.09959
G1 X207.788 Y198.925 E2423.16414
G1 X201.871 Y193.008 E2423.32765
G1 X201.075 Y193.008 E2423.3432
G1 X201.075 Y192.676 E2423.34969
G1 X201.871 Y192.676 E2423.36524
G1 X203.472 Y191.075 E2423.40948
G1 X208.801 Y191.075 E2423.51362
G1 X216.651 Y198.925 E2423.73054
G1 X213.348 Y198.925 E2423.79509
G1 X221.198 Y191.075 E2424.01201
G1 X228.925 Y191.075 E2424.163
G1 X229.03 Y191.075
G1 F2400 E2418.163
G0 F15000 X200.89 Y199.11
G0 X200.63 Y199.37
M204 S1250
;TYPE:WALL-INNER
G1 F2400 E2424.163
G1 F7821.3 X229.37 Y199.37 E2424.66485
G1 X229.37 Y190.63 E2424.81746
G1 X200.63 Y190.63 E2425.31931
G1 X200.63 Y199.37 E2425.47192
M204 S2500
G0 F15000 X200.21 Y199.79
M204 S1250
;TYPE:WALL-OUTER
G1 F7500 X229.79 Y199.79 E2425.98843
G1 X229.79 Y190.21 E2426.15572
G1 X200.21 Y190.21 E2426.67223
G1 X200.21 Y199.79 E2426.83951
M204 S2500
G0 F15000 X200.41 Y199.79
G0 X201.116 Y198.76
G1 F2400 E2420.83951
G0 F15000 X225.513 Y199.56
G0 X225.513 Y200.665
G0 X225.513 Y229.335
G0 X225.513 Y230.44
G0 X225.513 Y231.075
;TYPE:FILL
G1 F2400 E2426.83951
G1 F8142.6 X217.662 Y238.925 E2427.05645
G1 X212.336 Y238.925 E2427.16053
G1 X204.486 Y231.075 E2427.37745
G1 X207.787 Y231.075 E2427.44196
G1 X201.871 Y236.991 E2427.60544
G1 X201.075 Y236.991 E2427.62099
G1 X201.075 Y237.323 E2427.62748
G1 X201.871 Y237.323 E2427.64304
G1 X203.474 Y238.925 E2427.68732
G1 X208.799 Y238.925 E2427.79137
G1 X216.65 Y231.075 E2428.00831
G1 X213.349 Y231.075 E2428.07282
G1 X221.199 Y238.925 E2428.28975
G1 X226.525 Y238.925 E2428.39382
G1 X228.127 Y237.323 E2428.43809
G1 X228.925 Y237.323 E2428.45368
G1 X228.925 Y236.991 E2428.46017
G1 X228.128 Y236.991 E2428.47574
G1 X222.212 Y231.075 E2428.63923
G1 X228.925 Y231.075 E2428.7704
G1 X229.03 Y231.075
G1 F2400 E2422.7704
G0 F15000 X200.89 Y230.89
G0 X200.63 Y230.63
M204 S1250
;TYPE:WALL-INNER
G1 F2400 E2428.7704
G1 F7821.3 X200.63 Y239.37 E2428.92301
G1 X229.37 Y239.37 E2429.42486
G1 X229.37 Y230.63 E2429.57747
G1 X200.63 Y230.63 E2430.07932
M204 S2500
G0 F15000 X200.21 Y230.21
M204 S1250
;TYPE:WALL-OUTER
G1 F7500 X200.21 Y239.79 E2430.2466
G1 X229.79 Y239.79 E2430.76311
G1 X229.79 Y230.21 E2430.9304
G1 X200.21 Y230.21 E2431.44691
M204 S2500
G0 F15000 X200.21 Y230.41
G0 X201.24 Y231.116
G1 F2400 E2425.44691
;MESH:NONMESH
G0 F600 X201.24 Y231.116 Z14.4
G0 F15000 X226.527 Y230.44
G0 X226.527 Y229.335
G0 X226.527 Y200.665
G0 X226.527 Y199.56
G0 X226.527 Y191.075
;TIME_ELAPSED:1942.230612
;LAYER:141
;note -- min layer time used
;TYPE:FILL
;MESH:table_soft_spacer_30x30-Body.stl
G1 F2400 E2431.44691
G1 F8142.6 X228.127 Y192.676 E2431.49114
G1 X228.925 Y192.676 E2431.50673
G1 X228.925 Y193.008 E2431.51322
G1 X228.128 Y193.008 E2431.52879
G1 X222.21 Y198.925 E2431.69232
G1 X225.514 Y198.925 E2431.75688
G1 X217.664 Y191.075 E2431.97381
G1 X212.335 Y191.075 E2432.07794
G1 X204.485 Y198.925 E2432.29487
G1 X207.788 Y198.925 E2432.35941
G1 X201.871 Y193.008 E2432.52292
G1 X201.075 Y193.008 E2432.53847
G1 X201.075 Y192.676 E2432.54496
G1 X201.871 Y192.676 E2432.56051
G1 X203.472 Y191.075 E2432.60476
G1 X208.801 Y191.075 E2432.70889
G1 X216.651 Y198.925 E2432.92582
G1 X213.348 Y198.925 E2432.99036
G1 X221.198 Y191.075 E2433.20729
G1 X228.925 Y191.075 E2433.35827
G1 X229.03 Y191.075
G1 F2400 E2427.35827
G0 F15000 X200.89 Y199.11
G0 X200.63 Y199.37
M204 S1250
;TYPE:WALL-INNER
G1 F2400 E2433.35827
G1 F7821.3 X229.37 Y199.37 E2433.86012
G1 X229.37 Y190.63 E2434.01273
G1 X200.63 Y190.63 E2434.51458
G1 X200.63 Y199.37 E2434.66719
M204 S2500
G0 F15000 X200.21 Y199.79
M204 S1250
;TYPE:WALL-OUTER
G1 F7500 X229.79 Y199.79 E2435.18371
G1 X229.79 Y190.21 E2435.35099
G1 X200.21 Y190.21 E2435.8675
G1 X200.21 Y199.79 E2436.03478
M204 S2500
G0 F15000 X200.41 Y199.79
G0 X201.116 Y198.76
G1 F2400 E2430.03478
G0 F15000 X225.513 Y199.56
G0 X225.513 Y200.665
G0 X225.513 Y229.335
G0 X225.513 Y230.44
G0 X225.513 Y231.075
;TYPE:FILL
G1 F2400 E2436.03478
G1 F8142.6 X217.662 Y238.925 E2436.25173
G1 X212.336 Y238.925 E2436.3558
G1 X204.486 Y231.075 E2436.57273
G1 X207.787 Y231.075 E2436.63723
G1 X201.871 Y236.991 E2436.80071
G1 X201.075 Y236.991 E2436.81627
G1 X201.075 Y237.323 E2436.82275
G1 X201.871 Y237.323 E2436.83831
G1 X203.474 Y238.925 E2436.88259
G1 X208.799 Y238.925 E2436.98664
G1 X216.65 Y231.075 E2437.20359
G1 X213.349 Y231.075 E2437.26809
G1 X221.199 Y238.925 E2437.48502
G1 X226.525 Y238.925 E2437.58909
G1 X228.127 Y237.323 E2437.63336
G1 X228.925 Y237.323 E2437.64895
G1 X228.925 Y236.991 E2437.65544
G1 X228.128 Y236.991 E2437.67101
G1 X222.212 Y231.075 E2437.8345
G1 X228.925 Y231.075 E2437.96567
G1 X229.03 Y231.075
G1 F2400 E2431.96567
G0 F15000 X200.89 Y230.89
G0 X200.63 Y230.63
M204 S1250
;TYPE:WALL-INNER
G1 F2400 E2437.96567
G1 F7821.3 X200.63 Y239.37 E2438.11829
G1 X229.37 Y239.37 E2438.62013
G1 X229.37 Y230.63 E2438.77275
G1 X200.63 Y230.63 E2439.27459
M204 S2500
G0 F15000 X200.21 Y230.21
M204 S1250
;TYPE:WALL-OUTER
G1 F7500 X200.21 Y239.79 E2439.44187
G1 X229.79 Y239.79 E2439.95839
G1 X229.79 Y230.21 E2440.12567
G1 X200.21 Y230.21 E2440.64218
M204 S2500
G0 F15000 X200.21 Y230.41
G0 X201.24 Y231.116
G1 F2400 E2434.64218
;MESH:NONMESH
G0 F600 X201.24 Y231.116 Z14.5
G0 F15000 X226.527 Y230.44
G0 X226.527 Y229.335
G0 X226.527 Y200.665
G0 X226.527 Y199.56
G0 X226.527 Y191.075
;TIME_ELAPSED:1951.927696
;LAYER:142
;note -- min layer time used
;TYPE:FILL
;MESH:table_soft_spacer_30x30-Body.stl
G1 F2400 E2440.64218
G1 F8142.6 X228.127 Y192.676 E2440.68641
G1 X228.925 Y192.676 E2440.702
G1 X228.925 Y193.008 E2440.70849
G1 X228.128 Y193.008 E2440.72406
G1 X222.21 Y198.925 E2440.88759
G1 X225.514 Y198.925 E2440.95215
G1 X217.664 Y191.075 E2441.16908
G1 X212.335 Y191.075 E2441.27321
G1 X204.485 Y198.925 E2441.49014
G1 X207.788 Y198.925 E2441.55468
G1 X201.871 Y193.008 E2441.71819
G1 X201.075 Y193.008 E2441.73375
G1 X201.075 Y192.676 E2441.74023
G1 X201.871 Y192.676 E2441.75579
G1 X203.472 Y191.075 E2441.80003
G1 X208.801 Y191.075 E2441.90416
G1 X216.651 Y198.925 E2442.12109
G1 X213.348 Y198.925 E2442.18563
G1 X221.198 Y191.075 E2442.40256
G1 X228.925 Y191.075 E2442.55355
G1 X229.03 Y191.075
G1 F2400 E2436.55355
G0 F15000 X200.89 Y199.11
G0 X200.63 Y199.37
M204 S1250
;TYPE:WALL-INNER
G1 F2400 E2442.55355
G1 F7821.3 X229.37 Y199.37 E2443.05539
G1 X229.37 Y190.63 E2443.20801
G1 X200.63 Y190.63 E2443.70985
G1 X200.63 Y199.37 E2443.86247
M204 S2500
G0 F15000 X200.21 Y199.79
M204 S1250
;TYPE:WALL-OUTER
G1 F7500 X229.79 Y199.79 E2444.37898
G1 X229.79 Y190.21 E2444.54626
G1 X200.21 Y190.21 E2445.06277
G1 X200.21 Y199.79 E2445.23006
M204 S2500
G0 F15000 X200.41 Y199.79
G0 X201.116 Y198.76
G1 F2400 E2439.23006
G0 F15000 X225.513 Y199.56
G0 X225.513 Y200.665
G0 X225.513 Y229.335
G0 X225.513 Y230.44
G0 X225.513 Y231.075
;TYPE:FILL
G1 F2400 E2445.23006
G1 F8142.6 X217.662 Y238.925 E2445.447
G1 X212.336 Y238.925 E2445.55107
G1 X204.486 Y231.075 E2445.768
G1 X207.787 Y231.075 E2445.8325
G1 X201.871 Y236.991 E2445.99599
G1 X201.075 Y236.991 E2446.01154
G1 X201.075 Y237.323 E2446.01803
G1 X201.871 Y237.323 E2446.03358
G1 X203.474 Y238.925 E2446.07786
G1 X208.799 Y238.925 E2446.18192
G1 X216.65 Y231.075 E2446.39886
G1 X213.349 Y231.075 E2446.46336
G1 X221.199 Y238.925 E2446.68029
G1 X226.525 Y238.925 E2446.78436
G1 X228.127 Y237.323 E2446.82863
G1 X228.925 Y237.323 E2446.84423
G1 X228.925 Y236.991 E2446.85071
G1 X228.128 Y236.991 E2446.86629
G1 X222.212 Y231.075 E2447.02977
G1 X228.925 Y231.075 E2447.16094
G1 X229.03 Y231.075
G1 F2400 E2441.16094
G0 F15000 X200.89 Y230.89
G0 X200.63 Y230.63
M204 S1250
;TYPE:WALL-INNER
G1 F2400 E2447.16094
G1 F7821.3 X200.63 Y239.37 E2447.31356
G1 X229.37 Y239.37 E2447.8154
G1 X229.37 Y230.63 E2447.96802
G1 X200.63 Y230.63 E2448.46986
M204 S2500
G0 F15000 X200.21 Y230.21
M204 S1250
;TYPE:WALL-OUTER
G1 F7500 X200.21 Y239.79 E2448.63715
G1 X229.79 Y239.79 E2449.15366
G1 X229.79 Y230.21 E2449.32094
G1 X200.21 Y230.21 E2449.83745
M204 S2500
G0 F15000 X200.21 Y230.41
G0 X201.24 Y231.116
G1 F2400 E2443.83745
;MESH:NONMESH
G0 F600 X201.24 Y231.116 Z14.6
G0 F15000 X226.527 Y230.44
G0 X226.527 Y229.335
G0 X226.527 Y200.665
G0 X226.527 Y199.56
G0 X226.527 Y191.075
;TIME_ELAPSED:1961.624781
;LAYER:143
;note -- min layer time used
;TYPE:FILL
;MESH:table_soft_spacer_30x30-Body.stl
G1 F2400 E2449.83745
G1 F8142.6 X228.127 Y192.676 E2449.88168
G1 X228.925 Y192.676 E2449.89728
G1 X228.925 Y193.008 E2449.90376
G1 X228.128 Y193.008 E2449.91934
G1 X222.21 Y198.925 E2450.08286
G1 X225.514 Y198.925 E2450.14742
G1 X217.664 Y191.075 E2450.36435
G1 X212.335 Y191.075 E2450.46848
G1 X204.485 Y198.925 E2450.68541
G1 X207.788 Y198.925 E2450.74995
G1 X201.871 Y193.008 E2450.91346
G1 X201.075 Y193.008 E2450.92902
G1 X201.075 Y192.676 E2450.93551
G1 X201.871 Y192.676 E2450.95106
G1 X203.472 Y191.075 E2450.9953
G1 X208.801 Y191.075 E2451.09943
G1 X216.651 Y198.925 E2451.31636
G1 X213.348 Y198.925 E2451.3809
G1 X221.198 Y191.075 E2451.59783
G1 X228.925 Y191.075 E2451.74882
G1 X229.03 Y191.075
G1 F2400 E2445.74882
G0 F15000 X200.89 Y199.11
G0 X200.63 Y199.37
M204 S1250
;TYPE:WALL-INNER
G1 F2400 E2451.74882
G1 F7821.3 X229.37 Y199.37 E2452.25066
G1 X229.37 Y190.63 E2452.40328
G1 X200.63 Y190.63 E2452.90512
G1 X200.63 Y199.37 E2453.05774
M204 S2500
G0 F15000 X200.21 Y199.79
M204 S1250
;TYPE:WALL-OUTER
G1 F7500 X229.79 Y199.79 E2453.57425
G1 X229.79 Y190.21 E2453.74153
G1 X200.21 Y190.21 E2454.25805
G1 X200.21 Y199.79 E2454.42533
M204 S2500
G0 F15000 X200.41 Y199.79
G0 X201.116 Y198.76
G1 F2400 E2448.42533
G0 F15000 X225.513 Y199.56
G0 X225.513 Y200.665
G0 X225.513 Y229.335
G0 X225.513 Y230.44
G0 X225.513 Y231.075
;TYPE:FILL
G1 F2400 E2454.42533
G1 F8142.6 X217.662 Y238.925 E2454.64227
G1 X212.336 Y238.925 E2454.74634
G1 X204.486 Y231.075 E2454.96327
G1 X207.787 Y231.075 E2455.02777
G1 X201.871 Y236.991 E2455.19126
G1 X201.075 Y236.991 E2455.20681
G1 X201.075 Y237.323 E2455.2133
G1 X201.871 Y237.323 E2455.22885
G1 X203.474 Y238.925 E2455.27314
G1 X208.799 Y238.925 E2455.37719
G1 X216.65 Y231.075 E2455.59413
G1 X213.349 Y231.075 E2455.65863
G1 X221.199 Y238.925 E2455.87556
G1 X226.525 Y238.925 E2455.97963
G1 X228.127 Y237.323 E2456.0239
G1 X228.925 Y237.323 E2456.0395
G1 X228.925 Y236.991 E2456.04599
G1 X228.128 Y236.991 E2456.06156
G1 X222.212 Y231.075 E2456.22504
G1 X228.925 Y231.075 E2456.35622
G1 X229.03 Y231.075
G1 F2400 E2450.35622
G0 F15000 X200.89 Y230.89
G0 X200.63 Y230.63
M204 S1250
;TYPE:WALL-INNER
G1 F2400 E2456.35622
G1 F7821.3 X200.63 Y239.37 E2456.50883
G1 X229.37 Y239.37 E2457.01068
G1 X229.37 Y230.63 E2457.16329
G1 X200.63 Y230.63 E2457.66514
M204 S2500
G0 F15000 X200.21 Y230.21
M204 S1250
;TYPE:WALL-OUTER
G1 F7500 X200.21 Y239.79 E2457.83242
G1 X229.79 Y239.79 E2458.34893
G1 X229.79 Y230.21 E2458.51621
G1 X200.21 Y230.21 E2459.03273
M204 S2500
G0 F15000 X200.21 Y230.41
G0 X201.24 Y231.116
G1 F2400 E2453.03273
;MESH:NONMESH
G0 F600 X201.24 Y231.116 Z14.7
G0 F15000 X226.527 Y230.44
G0 X226.527 Y229.335
G0 X226.527 Y200.665
G0 X226.527 Y199.56
G0 X226.527 Y191.075
;TIME_ELAPSED:1971.321866
;LAYER:144
;note -- min layer time used
;TYPE:FILL
;MESH:table_soft_spacer_30x30-Body.stl
G1 F2400 E2459.03273
G1 F8142.6 X228.127 Y192.676 E2459.07696
G1 X228.925 Y192.676 E2459.09255
G1 X228.925 Y193.008 E2459.09904
G1 X228.128 Y193.008 E2459.11461
G1 X222.21 Y198.925 E2459.27813
G1 X225.514 Y198.925 E2459.3427
G1 X217.664 Y191.075 E2459.55962
G1 X212.335 Y191.075 E2459.66375
G1 X204.485 Y198.925 E2459.88068
G1 X207.788 Y198.925 E2459.94523
G1 X201.871 Y193.008 E2460.10874
G1 X201.075 Y193.008 E2460.12429
G1 X201.075 Y192.676 E2460.13078
G1 X201.871 Y192.676 E2460.14633
G1 X203.472 Y191.075 E2460.19057
G1 X208.801 Y191.075 E2460.29471
G1 X216.651 Y198.925 E2460.51163
G1 X213.348 Y198.925 E2460.57618
G1 X221.198 Y191.075 E2460.7931
G1 X228.925 Y191.075 E2460.94409
G1 X229.03 Y191.075
G1 F2400 E2454.94409
G0 F15000 X200.89 Y199.11
G0 X200.63 Y199.37
M204 S1250
;TYPE:WALL-INNER
G1 F2400 E2460.94409
G1 F7821.3 X229.37 Y199.37 E2461.44594
G1 X229.37 Y190.63 E2461.59855
G1 X200.63 Y190.63 E2462.1004
G1 X200.63 Y199.37 E2462.25301
M204 S2500
G0 F15000 X200.21 Y199.79
M204 S1250
;TYPE:WALL-OUTER
G1 F7500 X229.79 Y199.79 E2462.76952
G1 X229.79 Y190.21 E2462.93681
G1 X200.21 Y190.21 E2463.45332
G1 X200.21 Y199.79 E2463.6206
M204 S2500
G0 F15000 X200.41 Y199.79
G0 X201.116 Y198.76
G1 F2400 E2457.6206
G0 F15000 X225.513 Y199.56
G0 X225.513 Y200.665
G0 X225.513 Y229.335
G0 X225.513 Y230.44
G0 X225.513 Y231.075
;TYPE:FILL
G1 F2400 E2463.6206
G1 F8142.6 X217.662 Y238.925 E2463.83754
G1 X212.336 Y238.925 E2463.94162
G1 X204.486 Y231.075 E2464.15854
G1 X207.787 Y231.075 E2464.22305
G1 X201.871 Y236.991 E2464.38653
G1 X201.075 Y236.991 E2464.40208
G1 X201.075 Y237.323 E2464.40857
G1 X201.871 Y237.323 E2464.42413
G1 X203.474 Y238.925 E2464.46841
G1 X208.799 Y238.925 E2464.57246
G1 X216.65 Y231.075 E2464.7894
G1 X213.349 Y231.075 E2464.85391
G1 X221.199 Y238.925 E2465.07084
G1 X226.525 Y238.925 E2465.17491
G1 X228.127 Y237.323 E2465.21918
G1 X228.925 Y237.323 E2465.23477
G1 X228.925 Y236.991 E2465.24126
G1 X228.128 Y236.991 E2465.25683
G1 X222.212 Y231.075 E2465.42032
G1 X228.925 Y231.075 E2465.55149
G1 X229.03 Y231.075
G1 F2400 E2459.55149
G0 F15000 X200.89 Y230.89
G0 X200.63 Y230.63
M204 S1250
;TYPE:WALL-INNER
G1 F2400 E2465.55149
G1 F7821.3 X200.63 Y239.37 E2465.7041
G1 X229.37 Y239.37 E2466.20595
G1 X229.37 Y230.63 E2466.35856
G1 X200.63 Y230.63 E2466.86041
M204 S2500
G0 F15000 X200.21 Y230.21
M204 S1250
;TYPE:WALL-OUTER
G1 F7500 X200.21 Y239.79 E2467.02769
G1 X229.79 Y239.79 E2467.5442
G1 X229.79 Y230.21 E2467.71149
G1 X200.21 Y230.21 E2468.228
M204 S2500
G0 F15000 X200.21 Y230.41
G0 X201.24 Y231.116
G1 F2400 E2462.228
;MESH:NONMESH
G0 F600 X201.24 Y231.116 Z14.8
G0 F15000 X226.527 Y230.44
G0 X226.527 Y229.335
G0 X226.527 Y200.665
G0 X226.527 Y199.56
G0 X226.527 Y191.075
;TIME_ELAPSED:1981.018950
;LAYER:145
;note -- min layer time used
;TYPE:FILL
;MESH:table_soft_spacer_30x30-Body.stl
G1 F2400 E2468.228
G1 F8142.6 X228.127 Y192.676 E2468.27223
G1 X228.925 Y192.676 E2468.28782
G1 X228.925 Y193.008 E2468.29431
G1 X228.128 Y193.008 E2468.30988
G1 X222.21 Y198.925 E2468.47341
G1 X225.514 Y198.925 E2468.53797
G1 X217.664 Y191.075 E2468.7549
G1 X212.335 Y191.075 E2468.85903
G1 X204.485 Y198.925 E2469.07596
G1 X207.788 Y198.925 E2469.1405
G1 X201.871 Y193.008 E2469.30401
G1 X201.075 Y193.008 E2469.31956
G1 X201.075 Y192.676 E2469.32605
G1 X201.871 Y192.676 E2469.3416
G1 X203.472 Y191.075 E2469.38585
G1 X208.801 Y191.075 E2469.48998
G1 X216.651 Y198.925 E2469.70691
G1 X213.348 Y198.925 E2469.77145
G1 X221.198 Y191.075 E2469.98838
G1 X228.925 Y191.075 E2470.13936
G1 X229.03 Y191.075
G1 F2400 E2464.13936
G0 F15000 X200.89 Y199.11
G0 X200.63 Y199.37
M204 S1250
;TYPE:WALL-INNER
G1 F2400 E2470.13936
G1 F7821.3 X229.37 Y199.37 E2470.64121
G1 X229.37 Y190.63 E2470.79382
G1 X200.63 Y190.63 E2471.29567
G1 X200.63 Y199.37 E2471.44828
M204 S2500
G0 F15000 X200.21 Y199.79
M204 S1250
;TYPE:WALL-OUTER
G1 F7500 X229.79 Y199.79 E2471.9648
G1 X229.79 Y190.21 E2472.13208
G1 X200.21 Y190.21 E2472.64859
G1 X200.21 Y199.79 E2472.81587
M204 S2500
G0 F15000 X200.41 Y199.79
G0 X201.116 Y198.76
G1 F2400 E2466.81587
G0 F15000 X225.513 Y199.56
G0 X225.513 Y200.665
G0 X225.513 Y229.335
G0 X225.513 Y230.44
G0 X225.513 Y231.075
;TYPE:FILL
G1 F2400 E2472.81587
G1 F8142.6 X217.662 Y238.925 E2473.03282
G1 X212.336 Y238.925 E2473.13689
G1 X204.486 Y231.075 E2473.35382
G1 X207.787 Y231.075 E2473.41832
G1 X201.871 Y236.991 E2473.5818
G1 X201.075 Y236.991 E2473.59736
G1 X201.075 Y237.323 E2473.60384
G1 X201.871 Y237.323 E2473.6194
G1 X203.474 Y238.925 E2473.66368
G1 X208.799 Y238.925 E2473.76773
G1 X216.65 Y231.075 E2473.98468
G1 X213.349 Y231.075 E2474.04918
G1 X221.199 Y238.925 E2474.26611
G1 X226.525 Y238.925 E2474.37018
G1 X228.127 Y237.323 E2474.41445
G1 X228.925 Y237.323 E2474.43004
G1 X228.925 Y236.991 E2474.43653
G1 X228.128 Y236.991 E2474.4521
G1 X222.212 Y231.075 E2474.61559
G1 X228.925 Y231.075 E2474.74676
G1 X229.03 Y231.075
G1 F2400 E2468.74676
G0 F15000 X200.89 Y230.89
G0 X200.63 Y230.63
M204 S1250
;TYPE:WALL-INNER
G1 F2400 E2474.74676
G1 F7821.3 X200.63 Y239.37 E2474.89938
G1 X229.37 Y239.37 E2475.40122
G1 X229.37 Y230.63 E2475.55384
G1 X200.63 Y230.63 E2476.05568
M204 S2500
G0 F15000 X200.21 Y230.21
M204 S1250
;TYPE:WALL-OUTER
G1 F7500 X200.21 Y239.79 E2476.22296
G1 X229.79 Y239.79 E2476.73948
G1 X229.79 Y230.21 E2476.90676
G1 X200.21 Y230.21 E2477.42327
M204 S2500
G0 F15000 X200.21 Y230.41
G0 X201.24 Y231.116
G1 F2400 E2471.42327
;MESH:NONMESH
G0 F600 X201.24 Y231.116 Z14.9
G0 F15000 X226.527 Y230.44
G0 X226.527 Y229.335
G0 X226.527 Y200.665
G0 X226.527 Y199.56
G0 X226.527 Y191.075
;TIME_ELAPSED:1990.716035
;LAYER:146
;note -- min layer time used
;TYPE:FILL
;MESH:table_soft_spacer_30x30-Body.stl
G1 F2400 E2477.42327
G1 F8142.6 X228.127 Y192.676 E2477.4675
G1 X228.925 Y192.676 E2477.48309
G1 X228.925 Y193.008 E2477.48958
G1 X228.128 Y193.008 E2477.50515
G1 X222.21 Y198.925 E2477.66868
G1 X225.514 Y198.925 E2477.73324
G1 X217.664 Y191.075 E2477.95017
G1 X212.335 Y191.075 E2478.0543
G1 X204.485 Y198.925 E2478.27123
G1 X207.788 Y198.925 E2478.33577
G1 X201.871 Y193.008 E2478.49928
G1 X201.075 Y193.008 E2478.51484
G1 X201.075 Y192.676 E2478.52132
G1 X201.871 Y192.676 E2478.53688
G1 X203.472 Y191.075 E2478.58112
G1 X208.801 Y191.075 E2478.68525
G1 X216.651 Y198.925 E2478.90218
G1 X213.348 Y198.925 E2478.96672
G1 X221.198 Y191.075 E2479.18365
G1 X228.925 Y191.075 E2479.33464
G1 X229.03 Y191.075
G1 F2400 E2473.33464
G0 F15000 X200.89 Y199.11
G0 X200.63 Y199.37
M204 S1250
;TYPE:WALL-INNER
G1 F2400 E2479.33464
G1 F7821.3 X229.37 Y199.37 E2479.83648
G1 X229.37 Y190.63 E2479.9891
G1 X200.63 Y190.63 E2480.49094
G1 X200.63 Y199.37 E2480.64356
M204 S2500
G0 F15000 X200.21 Y199.79
M204 S1250
;TYPE:WALL-OUTER
G1 F7500 X229.79 Y199.79 E2481.16007
G1 X229.79 Y190.21 E2481.32735
G1 X200.21 Y190.21 E2481.84386
G1 X200.21 Y199.79 E2482.01115
M204 S2500
G0 F15000 X200.41 Y199.79
G0 X201.116 Y198.76
G1 F2400 E2476.01115
G0 F15000 X225.513 Y199.56
G0 X225.513 Y200.665
G0 X225.513 Y229.335
G0 X225.513 Y230.44
G0 X225.513 Y231.075
;TYPE:FILL
G1 F2400 E2482.01115
G1 F8142.6 X217.662 Y238.925 E2482.22809
G1 X212.336 Y238.925 E2482.33216
G1 X204.486 Y231.075 E2482.54909
G1 X207.787 Y231.075 E2482.61359
G1 X201.871 Y236.991 E2482.77708
G1 X201.075 Y236.991 E2482.79263
G1 X201.075 Y237.323 E2482.79912
G1 X201.871 Y237.323 E2482.81467
G1 X203.474 Y238.925 E2482.85895
G1 X208.799 Y238.925 E2482.96301
G1 X216.65 Y231.075 E2483.17995
G1 X213.349 Y231.075 E2483.24445
G1 X221.199 Y238.925 E2483.46138
G1 X226.525 Y238.925 E2483.56545
G1 X228.127 Y237.323 E2483.60972
G1 X228.925 Y237.323 E2483.62532
G1 X228.925 Y236.991 E2483.6318
G1 X228.128 Y236.991 E2483.64738
G1 X222.212 Y231.075 E2483.81086
G1 X228.925 Y231.075 E2483.94203
G1 X229.03 Y231.075
G1 F2400 E2477.94203
G0 F15000 X200.89 Y230.89
G0 X200.63 Y230.63
M204 S1250
;TYPE:WALL-INNER
G1 F2400 E2483.94203
G1 F7821.3 X200.63 Y239.37 E2484.09465
G1 X229.37 Y239.37 E2484.59649
G1 X229.37 Y230.63 E2484.74911
G1 X200.63 Y230.63 E2485.25095
M204 S2500
G0 F15000 X200.21 Y230.21
M204 S1250
;TYPE:WALL-OUTER
G1 F7500 X200.21 Y239.79 E2485.41824
G1 X229.79 Y239.79 E2485.93475
G1 X229.79 Y230.21 E2486.10203
G1 X200.21 Y230.21 E2486.61854
M204 S2500
G0 F15000 X200.21 Y230.41
G0 X201.24 Y231.116
G1 F2400 E2480.61854
;MESH:NONMESH
G0 F600 X201.24 Y231.116 Z15
G0 F15000 X226.527 Y230.44
G0 X226.527 Y229.335
G0 X226.527 Y200.665
G0 X226.527 Y199.56
G0 X226.527 Y191.075
;TIME_ELAPSED:2000.413120
;LAYER:147
;note -- min layer time used
;TYPE:FILL
;MESH:table_soft_spacer_30x30-Body.stl
G1 F2400 E2486.61854
G1 F8142.6 X228.127 Y192.676 E2486.66277
G1 X228.925 Y192.676 E2486.67837
G1 X228.925 Y193.008 E2486.68485
G1 X228.128 Y193.008 E2486.70043
G1 X222.21 Y198.925 E2486.86395
G1 X225.514 Y198.925 E2486.92851
G1 X217.664 Y191.075 E2487.14544
G1 X212.335 Y191.075 E2487.24957
G1 X204.485 Y198.925 E2487.4665
G1 X207.788 Y198.925 E2487.53104
G1 X201.871 Y193.008 E2487.69455
G1 X201.075 Y193.008 E2487.71011
G1 X201.075 Y192.676 E2487.7166
G1 X201.871 Y192.676 E2487.73215
G1 X203.472 Y191.075 E2487.77639
G1 X208.801 Y191.075 E2487.88052
G1 X216.651 Y198.925 E2488.09745
G1 X213.348 Y198.925 E2488.16199
G1 X221.198 Y191.075 E2488.37892
G1 X228.925 Y191.075 E2488.52991
G1 X229.03 Y191.075
G1 F2400 E2482.52991
G0 F15000 X200.89 Y199.11
G0 X200.63 Y199.37
M204 S1250
;TYPE:WALL-INNER
G1 F2400 E2488.52991
G1 F7821.3 X229.37 Y199.37 E2489.03175
G1 X229.37 Y190.63 E2489.18437
G1 X200.63 Y190.63 E2489.68621
G1 X200.63 Y199.37 E2489.83883
M204 S2500
G0 F15000 X200.21 Y199.79
M204 S1250
;TYPE:WALL-OUTER
G1 F7500 X229.79 Y199.79 E2490.35534
G1 X229.79 Y190.21 E2490.52262
G1 X200.21 Y190.21 E2491.03914
G1 X200.21 Y199.79 E2491.20642
M204 S2500
G0 F15000 X200.41 Y199.79
G0 X201.116 Y198.76
G1 F2400 E2485.20642
G0 F15000 X225.513 Y199.56
G0 X225.513 Y200.665
G0 X225.513 Y229.335
G0 X225.513 Y230.44
G0 X225.513 Y231.075
;TYPE:FILL
G1 F2400 E2491.20642
G1 F8142.6 X217.662 Y238.925 E2491.42336
G1 X212.336 Y238.925 E2491.52743
G1 X204.486 Y231.075 E2491.74436
G1 X207.787 Y231.075 E2491.80886
G1 X201.871 Y236.991 E2491.97235
G1 X201.075 Y236.991 E2491.9879
G1 X201.075 Y237.323 E2491.99439
G1 X201.871 Y237.323 E2492.00994
G1 X203.474 Y238.925 E2492.05423
G1 X208.799 Y238.925 E2492.15828
G1 X216.65 Y231.075 E2492.37522
G1 X213.349 Y231.075 E2492.43972
G1 X221.199 Y238.925 E2492.65665
G1 X226.525 Y238.925 E2492.76072
G1 X228.127 Y237.323 E2492.80499
G1 X228.925 Y237.323 E2492.82059
G1 X228.925 Y236.991 E2492.82708
G1 X228.128 Y236.991 E2492.84265
G1 X222.212 Y231.075 E2493.00613
G1 X228.925 Y231.075 E2493.13731
G1 X229.03 Y231.075
G1 F2400 E2487.13731
G0 F15000 X200.89 Y230.89
G0 X200.63 Y230.63
M204 S1250
;TYPE:WALL-INNER
G1 F2400 E2493.13731
G1 F7821.3 X200.63 Y239.37 E2493.28992
G1 X229.37 Y239.37 E2493.79177
G1 X229.37 Y230.63 E2493.94438
G1 X200.63 Y230.63 E2494.44623
M204 S2500
G0 F15000 X200.21 Y230.21
M204 S1250
;TYPE:WALL-OUTER
G1 F7500 X200.21 Y239.79 E2494.61351
G1 X229.79 Y239.79 E2495.13002
G1 X229.79 Y230.21 E2495.2973
G1 X200.21 Y230.21 E2495.81382
M204 S2500
G0 F15000 X200.21 Y230.41
G0 X201.24 Y231.116
G1 F2400 E2489.81382
;MESH:NONMESH
G0 F600 X201.24 Y231.116 Z15.1
G0 F15000 X226.527 Y230.44
G0 X226.527 Y229.335
G0 X226.527 Y200.665
G0 X226.527 Y199.56
G0 X226.527 Y191.075
;TIME_ELAPSED:2010.110204
;LAYER:148
;note -- min layer time used
;TYPE:FILL
;MESH:table_soft_spacer_30x30-Body.stl
G1 F2400 E2495.81382
G1 F8142.6 X228.127 Y192.676 E2495.85805
G1 X228.925 Y192.676 E2495.87364
G1 X228.925 Y193.008 E2495.88013
G1 X228.128 Y193.008 E2495.8957
G1 X222.21 Y198.925 E2496.05922
G1 X225.514 Y198.925 E2496.12379
G1 X217.664 Y191.075 E2496.34071
G1 X212.335 Y191.075 E2496.44484
G1 X204.485 Y198.925 E2496.66177
G1 X207.788 Y198.925 E2496.72632
G1 X201.871 Y193.008 E2496.88983
G1 X201.075 Y193.008 E2496.90538
G1 X201.075 Y192.676 E2496.91187
G1 X201.871 Y192.676 E2496.92742
G1 X203.472 Y191.075 E2496.97166
G1 X208.801 Y191.075 E2497.0758
G1 X216.651 Y198.925 E2497.29272
G1 X213.348 Y198.925 E2497.35727
G1 X221.198 Y191.075 E2497.57419
G1 X228.925 Y191.075 E2497.72518
G1 X229.03 Y191.075
G1 F2400 E2491.72518
G0 F15000 X200.89 Y199.11
G0 X200.63 Y199.37
M204 S1250
;TYPE:WALL-INNER
G1 F2400 E2497.72518
G1 F7821.3 X229.37 Y199.37 E2498.22703
G1 X229.37 Y190.63 E2498.37964
G1 X200.63 Y190.63 E2498.88149
G1 X200.63 Y199.37 E2499.0341
M204 S2500
G0 F15000 X200.21 Y199.79
M204 S1250
;TYPE:WALL-OUTER
G1 F7500 X229.79 Y199.79 E2499.55061
G1 X229.79 Y190.21 E2499.7179
G1 X200.21 Y190.21 E2500.23441
G1 X200.21 Y199.79 E2500.40169
M204 S2500
G0 F15000 X200.41 Y199.79
G0 X201.116 Y198.76
G1 F2400 E2494.40169
G0 F15000 X225.513 Y199.56
G0 X225.513 Y200.665
G0 X225.513 Y229.335
G0 X225.513 Y230.44
G0 X225.513 Y231.075
;TYPE:FILL
G1 F2400 E2500.40169
G1 F8142.6 X217.662 Y238.925 E2500.61863
G1 X212.336 Y238.925 E2500.72271
G1 X204.486 Y231.075 E2500.93963
G1 X207.787 Y231.075 E2501.00414
G1 X201.871 Y236.991 E2501.16762
G1 X201.075 Y236.991 E2501.18317
G1 X201.075 Y237.323 E2501.18966
G1 X201.871 Y237.323 E2501.20522
G1 X203.474 Y238.925 E2501.2495
G1 X208.799 Y238.925 E2501.35355
G1 X216.65 Y231.075 E2501.57049
G1 X213.349 Y231.075 E2501.635
G1 X221.199 Y238.925 E2501.85193
G1 X226.525 Y238.925 E2501.956
G1 X228.127 Y237.323 E2502.00027
G1 X228.925 Y237.323 E2502.01586
G1 X228.925 Y236.991 E2502.02235
G1 X228.128 Y236.991 E2502.03792
G1 X222.212 Y231.075 E2502.20141
G1 X228.925 Y231.075 E2502.33258
G1 X229.03 Y231.075
G1 F2400 E2496.33258
G0 F15000 X200.89 Y230.89
G0 X200.63 Y230.63
M204 S1250
;TYPE:WALL-INNER
G1 F2400 E2502.33258
G1 F7821.3 X200.63 Y239.37 E2502.48519
G1 X229.37 Y239.37 E2502.98704
G1 X229.37 Y230.63 E2503.13965
G1 X200.63 Y230.63 E2503.6415
M204 S2500
G0 F15000 X200.21 Y230.21
M204 S1250
;TYPE:WALL-OUTER
G1 F7500 X200.21 Y239.79 E2503.80878
G1 X229.79 Y239.79 E2504.32529
G1 X229.79 Y230.21 E2504.49258
G1 X200.21 Y230.21 E2505.00909
M204 S2500
G0 F15000 X200.21 Y230.41
G0 X201.24 Y231.116
G1 F2400 E2499.00909
;MESH:NONMESH
G0 F600 X201.24 Y231.116 Z15.2
G0 F15000 X226.527 Y230.44
G0 X226.527 Y229.335
G0 X226.527 Y200.665
G0 X226.527 Y199.56
G0 X226.527 Y191.075
;TIME_ELAPSED:2019.807289
;LAYER:149
;note -- min layer time used
;TYPE:FILL
;MESH:table_soft_spacer_30x30-Body.stl
G1 F2400 E2505.00909
G1 F8141.7 X228.127 Y192.676 E2505.05332
G1 X228.925 Y192.676 E2505.06891
G1 X228.925 Y193.008 E2505.0754
G1 X228.128 Y193.008 E2505.09097
G1 X222.21 Y198.925 E2505.2545
G1 X225.514 Y198.925 E2505.31906
G1 X217.664 Y191.075 E2505.53599
G1 X212.335 Y191.075 E2505.64012
G1 X204.485 Y198.925 E2505.85705
G1 X207.788 Y198.925 E2505.92159
G1 X201.871 Y193.008 E2506.0851
G1 X201.075 Y193.008 E2506.10065
G1 X201.075 Y192.676 E2506.10714
G1 X201.871 Y192.676 E2506.12269
G1 X203.472 Y191.075 E2506.16694
G1 X208.801 Y191.075 E2506.27107
G1 X216.651 Y198.925 E2506.488
G1 X213.348 Y198.925 E2506.55254
G1 X221.198 Y191.075 E2506.76947
G1 X228.925 Y191.075 E2506.92045
G1 X229.03 Y191.075
G1 F2400 E2500.92045
G0 F15000 X200.89 Y199.11
G0 X200.63 Y199.37
M204 S1250
;TYPE:WALL-INNER
G1 F2400 E2506.92045
G1 F7820.8 X229.37 Y199.37 E2507.4223
G1 X229.37 Y190.63 E2507.57491
G1 X200.63 Y190.63 E2508.07676
G1 X200.63 Y199.37 E2508.22937
M204 S2500
G0 F15000 X200.21 Y199.79
M204 S1250
;TYPE:WALL-OUTER
G1 F7500 X229.79 Y199.79 E2508.74589
G1 X229.79 Y190.21 E2508.91317
G1 X200.21 Y190.21 E2509.42968
G1 X200.21 Y199.79 E2509.59696
M204 S2500
G0 F15000 X200.41 Y199.79
G0 X201.116 Y198.76
G1 F2400 E2503.59696
G0 F15000 X225.513 Y199.56
G0 X225.513 Y200.665
G0 X225.513 Y229.335
G0 X225.513 Y230.44
G0 X225.513 Y231.075
;TYPE:FILL
G1 F2400 E2509.59696
G1 F8141.7 X217.667 Y238.921 E2509.81378
G1 X212.332 Y238.921 E2509.91803
G1 X204.486 Y231.075 E2510.13485
G1 X207.787 Y231.075 E2510.19935
G1 X201.871 Y236.991 E2510.36283
G1 X201.075 Y236.991 E2510.37839
G1 X201.075 Y237.323 E2510.38488
G1 X201.871 Y237.323 E2510.40043
G1 X203.469 Y238.921 E2510.44459
G1 X208.804 Y238.921 E2510.54884
G1 X216.65 Y231.075 E2510.76565
G1 X213.349 Y231.075 E2510.83016
G1 X221.195 Y238.921 E2511.04698
G1 X226.529 Y238.921 E2511.1512
G1 X228.128 Y237.322 E2511.19539
G1 X228.925 Y237.322 E2511.21096
G1 X228.925 Y236.99 E2511.21745
G1 X228.127 Y236.99 E2511.23304
G1 X222.212 Y231.075 E2511.3965
G1 X228.925 Y231.075 E2511.52768
G1 X229.03 Y231.075
G1 F2400 E2505.52768
G0 F15000 X200.89 Y230.89
G0 X200.63 Y230.63
M204 S1250
;TYPE:WALL-INNER
G1 F2400 E2511.52768
G1 F7820.8 X200.63 Y239.366 E2511.68022
G1 X229.37 Y239.366 E2512.18206
G1 X229.37 Y230.63 E2512.33461
G1 X200.63 Y230.63 E2512.83645
M204 S2500
G0 F15000 X200.21 Y230.21
M204 S1250
;TYPE:WALL-OUTER
G1 F7500 X200.21 Y239.786 E2513.00367
G1 X229.79 Y239.786 E2513.52018
G1 X229.79 Y230.21 E2513.68739
G1 X200.21 Y230.21 E2514.20391
M204 S2500
G0 F15000 X200.21 Y230.41
G0 X201.24 Y231.116
G1 F2400 E2508.20391
;MESH:NONMESH
G0 F600 X201.24 Y231.116 Z15.3
G0 F15000 X226.527 Y230.44
G0 X226.527 Y229.335
G0 X226.527 Y200.665
G0 X226.527 Y199.56
G0 X226.527 Y191.075
;TIME_ELAPSED:2029.504193
;LAYER:150
;note -- min layer time used
;TYPE:FILL
;MESH:table_soft_spacer_30x30-Body.stl
G1 F2400 E2514.20391
G1 F8141.7 X228.127 Y192.676 E2514.24813
G1 X228.925 Y192.676 E2514.26373
G1 X228.925 Y193.008 E2514.27021
G1 X228.128 Y193.008 E2514.28579
G1 X222.21 Y198.925 E2514.44931
G1 X225.514 Y198.925 E2514.51387
G1 X217.664 Y191.075 E2514.7308
G1 X212.335 Y191.075 E2514.83493
G1 X204.485 Y198.925 E2515.05186
G1 X207.788 Y198.925 E2515.1164
G1 X201.871 Y193.008 E2515.27992
G1 X201.075 Y193.008 E2515.29547
G1 X201.075 Y192.676 E2515.30196
G1 X201.871 Y192.676 E2515.31751
G1 X203.472 Y191.075 E2515.36175
G1 X208.801 Y191.075 E2515.46588
G1 X216.651 Y198.925 E2515.68281
G1 X213.348 Y198.925 E2515.74735
G1 X221.198 Y191.075 E2515.96428
G1 X228.925 Y191.075 E2516.11527
G1 X229.03 Y191.075
G1 F2400 E2510.11527
G0 F15000 X200.89 Y199.11
G0 X200.63 Y199.37
M204 S1250
;TYPE:WALL-INNER
G1 F2400 E2516.11527
G1 F7820.8 X229.37 Y199.37 E2516.61712
G1 X229.37 Y190.63 E2516.76973
G1 X200.63 Y190.63 E2517.27158
G1 X200.63 Y199.37 E2517.42419
M204 S2500
G0 F15000 X200.21 Y199.79
M204 S1250
;TYPE:WALL-OUTER
G1 F7500 X229.79 Y199.79 E2517.9407
G1 X229.79 Y190.21 E2518.10798
G1 X200.21 Y190.21 E2518.6245
G1 X200.21 Y199.79 E2518.79178
M204 S2500
G0 F15000 X200.41 Y199.79
G0 X201.116 Y198.76
G1 F2400 E2512.79178
G0 F15000 X225.513 Y199.56
G0 X225.513 Y200.665
G0 X225.513 Y229.335
G0 X225.513 Y230.44
G0 X225.513 Y231.075
;TYPE:FILL
G1 F2400 E2518.79178
G1 F8141.7 X217.667 Y238.921 E2519.0086
G1 X212.332 Y238.921 E2519.11285
G1 X204.486 Y231.075 E2519.32966
G1 X207.787 Y231.075 E2519.39417
G1 X201.871 Y236.991 E2519.55765
G1 X201.075 Y236.991 E2519.5732
G1 X201.075 Y237.323 E2519.57969
G1 X201.871 Y237.323 E2519.59525
G1 X203.469 Y238.921 E2519.63941
G1 X208.804 Y238.921 E2519.74365
G1 X216.65 Y231.075 E2519.96047
G1 X213.349 Y231.075 E2520.02497
G1 X221.195 Y238.921 E2520.24179
G1 X226.529 Y238.921 E2520.34602
G1 X228.128 Y237.322 E2520.39021
G1 X228.925 Y237.322 E2520.40578
G1 X228.925 Y236.99 E2520.41227
G1 X228.127 Y236.99 E2520.42786
G1 X222.212 Y231.075 E2520.59132
G1 X228.925 Y231.075 E2520.72249
G1 X229.03 Y231.075
G1 F2400 E2514.72249
G0 F15000 X200.89 Y230.89
G0 X200.63 Y230.63
M204 S1250
;TYPE:WALL-INNER
G1 F2400 E2520.72249
G1 F7820.8 X200.63 Y239.366 E2520.87504
G1 X229.37 Y239.366 E2521.37688
G1 X229.37 Y230.63 E2521.52943
G1 X200.63 Y230.63 E2522.03127
M204 S2500
G0 F15000 X200.21 Y230.21
M204 S1250
;TYPE:WALL-OUTER
G1 F7500 X200.21 Y239.786 E2522.19848
G1 X229.79 Y239.786 E2522.715
G1 X229.79 Y230.21 E2522.88221
G1 X200.21 Y230.21 E2523.39872
M204 S2500
G0 F15000 X200.21 Y230.41
G0 X201.24 Y231.116
G1 F2400 E2517.39872
;MESH:NONMESH
G0 F600 X201.24 Y231.116 Z15.4
G0 F15000 X226.531 Y230.44
G0 X226.531 Y229.335
G0 X226.531 Y200.665
G0 X226.531 Y199.56
G0 X226.531 Y191.079
;TIME_ELAPSED:2039.201097
;LAYER:151
;note -- min layer time used
;TYPE:FILL
;MESH:table_soft_spacer_30x30-Body.stl
G1 F2400 E2523.39872
G1 F8139.6 X228.127 Y192.676 E2523.44284
G1 X228.925 Y192.676 E2523.45843
G1 X228.925 Y193.008 E2523.46492
G1 X228.128 Y193.008 E2523.48049
G1 X222.21 Y198.925 E2523.64402
G1 X225.514 Y198.925 E2523.70858
G1 X217.668 Y191.079 E2523.9254
G1 X212.331 Y191.079 E2524.02968
G1 X204.485 Y198.925 E2524.2465
G1 X207.788 Y198.925 E2524.31104
G1 X201.871 Y193.008 E2524.47456
G1 X201.075 Y193.008 E2524.49011
G1 X201.075 Y192.676 E2524.4966
G1 X201.871 Y192.676 E2524.51215
G1 X203.468 Y191.079 E2524.55628
G1 X208.805 Y191.079 E2524.66057
G1 X216.651 Y198.925 E2524.87739
G1 X213.348 Y198.925 E2524.94193
G1 X221.194 Y191.079 E2525.15875
G1 X228.925 Y191.079 E2525.30981
G1 X229.03 Y191.079
G1 F2400 E2519.30981
G0 F15000 X200.89 Y199.11
G0 X200.63 Y199.37
M204 S1250
;TYPE:WALL-INNER
G1 F2400 E2525.30981
G1 F7819.8 X229.37 Y199.37 E2525.81166
G1 X229.37 Y190.634 E2525.9642
G1 X200.63 Y190.634 E2526.46605
G1 X200.63 Y199.37 E2526.61859
M204 S2500
G0 F15000 X200.21 Y199.79
M204 S1250
;TYPE:WALL-OUTER
G1 F7500 X229.79 Y199.79 E2527.13511
G1 X229.79 Y190.214 E2527.30232
G1 X200.21 Y190.214 E2527.81883
G1 X200.21 Y199.79 E2527.98604
M204 S2500
G0 F15000 X200.41 Y199.79
G0 X201.116 Y198.76
G1 F2400 E2521.98604
G0 F15000 X225.513 Y199.56
G0 X225.513 Y200.665
G0 X225.513 Y229.335
G0 X225.513 Y230.44
G0 X225.513 Y231.075
;TYPE:FILL
G1 F2400 E2527.98604
G1 F8139.6 X217.671 Y238.917 E2528.20275
G1 X212.328 Y238.917 E2528.30716
G1 X204.486 Y231.075 E2528.52386
G1 X207.787 Y231.075 E2528.58837
G1 X201.871 Y236.991 E2528.75185
G1 X201.075 Y236.991 E2528.7674
G1 X201.075 Y237.323 E2528.77389
G1 X201.871 Y237.323 E2528.78945
G1 X203.465 Y238.917 E2528.83349
G1 X208.808 Y238.917 E2528.9379
G1 X216.65 Y231.075 E2529.15461
G1 X213.349 Y231.075 E2529.21911
G1 X221.191 Y238.917 E2529.43582
G1 X226.534 Y238.917 E2529.54022
G1 X228.127 Y237.323 E2529.58425
G1 X228.925 Y237.323 E2529.59985
G1 X228.925 Y236.991 E2529.60633
G1 X228.128 Y236.991 E2529.62191
G1 X222.212 Y231.075 E2529.78539
G1 X228.925 Y231.075 E2529.91657
G1 X229.03 Y231.075
G1 F2400 E2523.91657
G0 F15000 X200.89 Y230.89
G0 X200.63 Y230.63
M204 S1250
;TYPE:WALL-INNER
G1 F2400 E2529.91657
G1 F7819.8 X200.63 Y239.362 E2530.06904
G1 X229.37 Y239.362 E2530.57089
G1 X229.37 Y230.63 E2530.72336
G1 X200.63 Y230.63 E2531.22521
M204 S2500
G0 F15000 X200.21 Y230.21
M204 S1250
;TYPE:WALL-OUTER
G1 F7500 X200.21 Y239.782 E2531.39235
G1 X229.79 Y239.782 E2531.90886
G1 X229.79 Y230.21 E2532.076
G1 X200.21 Y230.21 E2532.59252
M204 S2500
G0 F15000 X200.21 Y230.41
G0 X201.24 Y231.116
G1 F2400 E2526.59252
;MESH:NONMESH
G0 F600 X201.24 Y231.116 Z15.5
G0 F15000 X226.535 Y230.44
G0 X226.535 Y229.335
G0 X226.535 Y200.665
G0 X226.535 Y199.56
G0 X226.535 Y191.084
;TIME_ELAPSED:2048.897563
;LAYER:152
;note -- min layer time used
;TYPE:FILL
;MESH:table_soft_spacer_30x30-Body.stl
G1 F2400 E2532.59252
G1 F8138.3 X228.127 Y192.676 E2532.63651
G1 X228.925 Y192.676 E2532.6521
G1 X228.925 Y193.008 E2532.65859
G1 X228.128 Y193.008 E2532.67417
G1 X222.21 Y198.925 E2532.83769
G1 X225.514 Y198.925 E2532.90225
G1 X217.672 Y191.084 E2533.11895
G1 X212.326 Y191.084 E2533.22341
G1 X204.485 Y198.925 E2533.44009
G1 X207.788 Y198.925 E2533.50463
G1 X201.871 Y193.008 E2533.66814
G1 X201.075 Y193.008 E2533.6837
G1 X201.075 Y192.676 E2533.69018
G1 X201.871 Y192.676 E2533.70574
G1 X203.464 Y191.084 E2533.74974
G1 X208.809 Y191.084 E2533.85419
G1 X216.651 Y198.925 E2534.07088
G1 X213.348 Y198.925 E2534.13542
G1 X221.189 Y191.084 E2534.3521
G1 X228.925 Y191.083 E2534.50327
G1 X229.03 Y191.083
G1 F2400 E2528.50327
G0 F15000 X200.89 Y199.11
G0 X200.63 Y199.37
M204 S1250
;TYPE:WALL-INNER
G1 F2400 E2534.50327
G1 F7819.2 X229.37 Y199.37 E2535.00511
G1 X229.37 Y190.638 E2535.15759
G1 X200.63 Y190.638 E2535.65943
G1 X200.63 Y199.37 E2535.81191
M204 S2500
G0 F15000 X200.21 Y199.79
M204 S1250
;TYPE:WALL-OUTER
G1 F7500 X229.79 Y199.79 E2536.32842
G1 X229.79 Y190.218 E2536.49556
G1 X200.21 Y190.218 E2537.01208
G1 X200.21 Y199.79 E2537.17922
M204 S2500
G0 F15000 X200.41 Y199.79
G0 X201.116 Y198.76
G1 F2400 E2531.17922
G0 F15000 X225.513 Y199.56
G0 X225.513 Y200.665
G0 X225.513 Y229.335
G0 X225.513 Y230.44
G0 X225.513 Y231.075
;TYPE:FILL
G1 F2400 E2537.17922
G1 F8138.3 X217.671 Y238.917 E2537.39592
G1 X212.328 Y238.917 E2537.50033
G1 X204.486 Y231.075 E2537.71704
G1 X207.787 Y231.075 E2537.78154
G1 X201.871 Y236.991 E2537.94502
G1 X201.075 Y236.991 E2537.96058
G1 X201.075 Y237.323 E2537.96706
G1 X201.871 Y237.323 E2537.98262
G1 X203.465 Y238.917 E2538.02667
G1 X208.808 Y238.917 E2538.13107
G1 X216.65 Y231.075 E2538.34778
G1 X213.349 Y231.075 E2538.41228
G1 X221.191 Y238.917 E2538.62899
G1 X226.534 Y238.917 E2538.73339
G1 X228.127 Y237.323 E2538.77743
G1 X228.925 Y237.323 E2538.79302
G1 X228.925 Y236.991 E2538.79951
G1 X228.128 Y236.991 E2538.81508
G1 X222.212 Y231.075 E2538.97857
G1 X228.925 Y231.075 E2539.10974
G1 X229.03 Y231.075
G1 F2400 E2533.10974
G0 F15000 X200.89 Y230.89
G0 X200.63 Y230.63
M204 S1250
;TYPE:WALL-INNER
G1 F2400 E2539.10974
G1 F7819.2 X200.63 Y239.362 E2539.26221
G1 X229.37 Y239.362 E2539.76406
G1 X229.37 Y230.63 E2539.91653
G1 X200.63 Y230.63 E2540.41838
M204 S2500
G0 F15000 X200.21 Y230.21
M204 S1250
;TYPE:WALL-OUTER
G1 F7500 X200.21 Y239.782 E2540.58552
G1 X229.79 Y239.782 E2541.10204
G1 X229.79 Y230.21 E2541.26918
G1 X200.21 Y230.21 E2541.78569
M204 S2500
G0 F15000 X200.21 Y230.41
G0 X201.24 Y231.116
G1 F2400 E2535.78569
;MESH:NONMESH
G0 F600 X201.24 Y231.116 Z15.6
G0 F15000 X226.535 Y230.44
G0 X226.535 Y229.335
G0 X226.535 Y200.665
G0 X226.535 Y199.56
G0 X226.535 Y191.084
;TIME_ELAPSED:2058.593763
;LAYER:153
;note -- min layer time used
;TYPE:FILL
;MESH:table_soft_spacer_30x30-Body.stl
G1 F2400 E2541.78569
G1 F8137.3 X228.127 Y192.676 E2541.82968
G1 X228.925 Y192.676 E2541.84528
G1 X228.925 Y193.008 E2541.85176
G1 X228.128 Y193.008 E2541.86734
G1 X222.21 Y198.925 E2542.03086
G1 X225.514 Y198.925 E2542.09543
G1 X217.672 Y191.084 E2542.31212
G1 X212.326 Y191.084 E2542.41658
G1 X204.485 Y198.925 E2542.63326
G1 X207.788 Y198.925 E2542.6978
G1 X201.871 Y193.008 E2542.86131
G1 X201.075 Y193.008 E2542.87687
G1 X201.075 Y192.676 E2542.88336
G1 X201.871 Y192.676 E2542.89891
G1 X203.464 Y191.084 E2542.94292
G1 X208.809 Y191.084 E2543.04736
G1 X216.651 Y198.925 E2543.26405
G1 X213.348 Y198.925 E2543.3286
G1 X221.189 Y191.084 E2543.54528
G1 X228.925 Y191.083 E2543.69644
G1 X229.03 Y191.083
G1 F2400 E2537.69644
G0 F15000 X200.89 Y199.11
G0 X200.63 Y199.37
M204 S1250
;TYPE:WALL-INNER
G1 F2400 E2543.69644
G1 F7818.7 X229.37 Y199.37 E2544.19829
G1 X229.37 Y190.638 E2544.35076
G1 X200.63 Y190.638 E2544.8526
G1 X200.63 Y199.37 E2545.00508
M204 S2500
G0 F15000 X200.21 Y199.79
M204 S1250
;TYPE:WALL-OUTER
G1 F7500 X229.79 Y199.79 E2545.52159
G1 X229.79 Y190.218 E2545.68873
G1 X200.21 Y190.218 E2546.20525
G1 X200.21 Y199.79 E2546.37239
M204 S2500
G0 F15000 X200.41 Y199.79
G0 X201.116 Y198.76
G1 F2400 E2540.37239
G0 F15000 X225.513 Y199.56
G0 X225.513 Y200.665
G0 X225.513 Y229.335
G0 X225.513 Y230.44
G0 X225.513 Y231.075
;TYPE:FILL
G1 F2400 E2546.37239
G1 F8137.3 X217.674 Y238.913 E2546.589
G1 X212.324 Y238.913 E2546.69354
G1 X204.486 Y231.075 E2546.91014
G1 X207.787 Y231.075 E2546.97464
G1 X201.871 Y236.991 E2547.13813
G1 X201.074 Y236.991 E2547.1537
G1 X201.075 Y237.323 E2547.16019
G1 X201.871 Y237.323 E2547.17574
G1 X203.461 Y238.913 E2547.21968
G1 X208.811 Y238.913 E2547.32422
G1 X216.65 Y231.075 E2547.54083
G1 X213.349 Y231.075 E2547.60533
G1 X221.187 Y238.913 E2547.82193
G1 X226.537 Y238.913 E2547.92647
G1 X228.128 Y237.322 E2547.97044
G1 X228.925 Y237.322 E2547.98601
G1 X228.924 Y236.99 E2547.9925
G1 X228.127 Y236.99 E2548.00807
G1 X222.212 Y231.075 E2548.17153
G1 X228.925 Y231.075 E2548.3027
G1 X229.03 Y231.075
G1 F2400 E2542.3027
G0 F15000 X200.89 Y230.89
G0 X200.63 Y230.63
M204 S1250
;TYPE:WALL-INNER
G1 F2400 E2548.3027
G1 F7818.7 X200.63 Y239.358 E2548.45511
G1 X229.37 Y239.358 E2548.95695
G1 X229.37 Y230.63 E2549.10936
G1 X200.63 Y230.63 E2549.6112
M204 S2500
G0 F15000 X200.21 Y230.21
M204 S1250
;TYPE:WALL-OUTER
G1 F7500 X200.21 Y239.778 E2549.77827
G1 X229.79 Y239.778 E2550.29479
G1 X229.79 Y230.21 E2550.46186
G1 X200.21 Y230.21 E2550.97837
M204 S2500
G0 F15000 X200.21 Y230.41
G0 X201.24 Y231.116
G1 F2400 E2544.97837
;MESH:NONMESH
G0 F600 X201.24 Y231.116 Z15.7
G0 F15000 X226.542 Y230.44
G0 X226.542 Y229.335
G0 X226.542 Y200.665
G0 X226.542 Y199.56
G0 X226.542 Y191.091
;TIME_ELAPSED:2068.289760
;LAYER:154
;note -- min layer time used
;TYPE:FILL
;MESH:table_soft_spacer_30x30-Body.stl
G1 F2400 E2550.97837
G1 F8133.2 X228.127 Y192.676 E2551.02217
G1 X228.925 Y192.676 E2551.03777
G1 X228.925 Y193.008 E2551.04425
G1 X228.128 Y193.008 E2551.05983
G1 X222.21 Y198.925 E2551.22335
G1 X225.514 Y198.925 E2551.28791
G1 X217.679 Y191.091 E2551.50441
G1 X212.319 Y191.091 E2551.60915
G1 X204.485 Y198.925 E2551.82564
G1 X207.788 Y198.925 E2551.89018
G1 X201.871 Y193.008 E2552.05369
G1 X201.075 Y193.008 E2552.06924
G1 X201.075 Y192.676 E2552.07573
G1 X201.871 Y192.676 E2552.09129
G1 X203.457 Y191.091 E2552.1351
G1 X208.816 Y191.091 E2552.23982
G1 X216.651 Y198.925 E2552.45632
G1 X213.348 Y198.925 E2552.52086
G1 X221.182 Y191.091 E2552.73734
G1 X228.925 Y191.091 E2552.88865
G1 X229.03 Y191.091
G1 F2400 E2546.88865
G0 F15000 X200.89 Y199.11
G0 X200.63 Y199.37
M204 S1250
;TYPE:WALL-INNER
G1 F2400 E2552.88865
G1 F7816.6 X229.37 Y199.37 E2553.39049
G1 X229.37 Y190.646 E2553.54283
G1 X200.63 Y190.646 E2554.04467
G1 X200.63 Y199.37 E2554.19701
M204 S2500
G0 F15000 X200.21 Y199.79
M204 S1250
;TYPE:WALL-OUTER
G1 F7500 X229.79 Y199.79 E2554.71352
G1 X229.79 Y190.226 E2554.88052
G1 X200.21 Y190.226 E2555.39703
G1 X200.21 Y199.79 E2555.56404
M204 S2500
G0 F15000 X200.41 Y199.79
G0 X201.116 Y198.76
G1 F2400 E2549.56404
G0 F15000 X225.513 Y199.56
G0 X225.513 Y200.665
G0 X225.513 Y229.335
G0 X225.513 Y230.44
G0 X225.513 Y231.075
;TYPE:FILL
G1 F2400 E2555.56404
G1 F8133.2 X217.682 Y238.905 E2555.78043
G1 X212.317 Y238.905 E2555.88526
G1 X204.486 Y231.075 E2556.10165
G1 X207.787 Y231.075 E2556.16615
G1 X201.871 Y236.991 E2556.32964
G1 X201.075 Y236.991 E2556.34519
G1 X201.075 Y237.323 E2556.35168
G1 X201.871 Y237.323 E2556.36723
G1 X203.454 Y238.905 E2556.41096
G1 X208.819 Y238.905 E2556.5158
G1 X216.65 Y231.075 E2556.73219
G1 X213.349 Y231.075 E2556.79669
G1 X221.179 Y238.905 E2557.01307
G1 X226.545 Y238.905 E2557.11792
G1 X228.128 Y237.322 E2557.16166
G1 X228.925 Y237.322 E2557.17724
G1 X228.925 Y236.99 E2557.18372
G1 X228.127 Y236.99 E2557.19932
G1 X222.212 Y231.075 E2557.36277
G1 X228.925 Y231.075 E2557.49395
G1 X229.03 Y231.075
G1 F2400 E2551.49395
G0 F15000 X200.89 Y230.89
G0 X200.63 Y230.63
M204 S1250
;TYPE:WALL-INNER
G1 F2400 E2557.49395
G1 F7816.6 X200.63 Y239.35 E2557.64621
G1 X229.37 Y239.35 E2558.14806
G1 X229.37 Y230.63 E2558.30032
G1 X200.63 Y230.63 E2558.80217
M204 S2500
G0 F15000 X200.21 Y230.21
M204 S1250
;TYPE:WALL-OUTER
G1 F7500 X200.21 Y239.77 E2558.9691
G1 X229.79 Y239.77 E2559.48562
G1 X229.79 Y230.21 E2559.65255
G1 X200.21 Y230.21 E2560.16906
M204 S2500
G0 F15000 X200.21 Y230.41
G0 X201.24 Y231.116
G1 F2400 E2554.16906
;MESH:NONMESH
G0 F600 X201.24 Y231.116 Z15.8
G0 F15000 X226.551 Y230.44
G0 X226.551 Y229.335
G0 X226.551 Y200.665
G0 X226.551 Y199.56
G0 X226.551 Y191.099
;TIME_ELAPSED:2077.984921
;LAYER:155
;note -- min layer time used
;TYPE:FILL
;MESH:table_soft_spacer_30x30-Body.stl
G1 F2400 E2560.16906
G1 F8129.1 X228.127 Y192.676 E2560.21263
G1 X228.925 Y192.676 E2560.22822
G1 X228.925 Y193.008 E2560.23471
G1 X228.128 Y193.008 E2560.25028
G1 X222.21 Y198.925 E2560.41381
G1 X225.514 Y198.925 E2560.47837
G1 X217.688 Y191.099 E2560.69463
G1 X212.311 Y191.099 E2560.7997
G1 X204.485 Y198.925 E2561.01597
G1 X207.788 Y198.925 E2561.08051
G1 X201.871 Y193.008 E2561.24402
G1 X201.075 Y193.008 E2561.25957
G1 X201.075 Y192.676 E2561.26606
G1 X201.871 Y192.676 E2561.28161
G1 X203.448 Y191.099 E2561.32519
G1 X208.825 Y191.099 E2561.43026
G1 X216.651 Y198.925 E2561.64653
G1 X213.348 Y198.925 E2561.71107
G1 X221.174 Y191.099 E2561.92733
G1 X228.925 Y191.099 E2562.07879
G1 X229.03 Y191.099
G1 F2400 E2556.07879
G0 F15000 X200.89 Y199.11
G0 X200.63 Y199.37
M204 S1250
;TYPE:WALL-INNER
G1 F2400 E2562.07879
G1 F7814.5 X229.37 Y199.37 E2562.58064
G1 X229.37 Y190.654 E2562.73283
G1 X200.63 Y190.654 E2563.23468
G1 X200.63 Y199.37 E2563.38687
M204 S2500
G0 F15000 X200.21 Y199.79
M204 S1250
;TYPE:WALL-OUTER
G1 F7500 X229.79 Y199.79 E2563.90339
G1 X229.79 Y190.234 E2564.07025
G1 X200.21 Y190.234 E2564.58676
G1 X200.21 Y199.79 E2564.75362
M204 S2500
G0 F15000 X200.41 Y199.79
G0 X201.116 Y198.76
G1 F2400 E2558.75362
G0 F15000 X225.513 Y199.56
G0 X225.513 Y200.665
G0 X225.513 Y229.335
G0 X225.513 Y230.44
G0 X225.513 Y231.075
;TYPE:FILL
G1 F2400 E2564.75362
G1 F8129.1 X217.691 Y238.897 E2564.96978
G1 X212.308 Y238.897 E2565.07497
G1 X204.486 Y231.075 E2565.29112
G1 X207.787 Y231.075 E2565.35562
G1 X201.871 Y236.991 E2565.51911
G1 X201.075 Y236.991 E2565.53466
G1 X201.075 Y237.323 E2565.54115
G1 X201.871 Y237.323 E2565.5567
G1 X203.445 Y238.897 E2565.6002
G1 X208.828 Y238.897 E2565.70538
G1 X216.65 Y231.075 E2565.92154
G1 X213.349 Y231.075 E2565.98604
G1 X221.171 Y238.897 E2566.2022
G1 X226.553 Y238.897 E2566.30736
G1 X228.128 Y237.322 E2566.35089
G1 X228.925 Y237.322 E2566.36646
G1 X228.925 Y236.99 E2566.37295
G1 X228.127 Y236.99 E2566.38854
G1 X222.212 Y231.075 E2566.552
G1 X228.925 Y231.075 E2566.68317
G1 X229.03 Y231.075
G1 F2400 E2560.68317
G0 F15000 X200.89 Y230.89
G0 X200.63 Y230.63
M204 S1250
;TYPE:WALL-INNER
G1 F2400 E2566.68317
G1 F7814.5 X200.63 Y239.342 E2566.8353
G1 X229.37 Y239.342 E2567.33714
G1 X229.37 Y230.63 E2567.48927
G1 X200.63 Y230.63 E2567.99111
M204 S2500
G0 F15000 X200.21 Y230.21
M204 S1250
;TYPE:WALL-OUTER
G1 F7500 X200.21 Y239.762 E2568.1579
G1 X229.79 Y239.762 E2568.67442
G1 X229.79 Y230.21 E2568.84121
G1 X200.21 Y230.21 E2569.35772
M204 S2500
G0 F15000 X200.21 Y230.41
G0 X201.24 Y231.116
G1 F2400 E2563.35772
;MESH:NONMESH
G0 F600 X201.24 Y231.116 Z15.9
G0 F15000 X226.559 Y230.44
G0 X226.559 Y229.335
G0 X226.559 Y200.665
G0 X226.559 Y199.56
G0 X226.559 Y191.108
;TIME_ELAPSED:2087.679230
;LAYER:156
;note -- min layer time used
;TYPE:FILL
;MESH:table_soft_spacer_30x30-Body.stl
G1 F2400 E2569.35772
G1 F8125.6 X228.127 Y192.676 E2569.40105
G1 X228.924 Y192.676 E2569.41663
G1 X228.925 Y193.008 E2569.42312
G1 X228.127 Y193.008 E2569.43871
G1 X222.21 Y198.925 E2569.60222
G1 X225.514 Y198.925 E2569.66678
G1 X217.696 Y191.108 E2569.88281
G1 X212.303 Y191.107 E2569.98819
G1 X204.485 Y198.925 E2570.20424
G1 X207.788 Y198.925 E2570.26878
G1 X201.871 Y193.008 E2570.43229
G1 X201.075 Y193.008 E2570.44784
G1 X201.075 Y192.676 E2570.45433
G1 X201.871 Y192.676 E2570.46989
G1 X203.44 Y191.107 E2570.51324
G1 X208.833 Y191.108 E2570.61863
G1 X216.651 Y198.925 E2570.83466
G1 X213.348 Y198.925 E2570.8992
G1 X221.166 Y191.107 E2571.11524
G1 X228.925 Y191.107 E2571.26685
G1 X229.03 Y191.107
G1 F2400 E2565.26685
G0 F15000 X200.89 Y199.11
G0 X200.63 Y199.37
M204 S1250
;TYPE:WALL-INNER
G1 F2400 E2571.26685
G1 F7812.8 X229.37 Y199.37 E2571.7687
G1 X229.37 Y190.662 E2571.92076
G1 X200.63 Y190.662 E2572.4226
G1 X200.63 Y199.37 E2572.57466
M204 S2500
G0 F15000 X200.21 Y199.79
M204 S1250
;TYPE:WALL-OUTER
G1 F7500 X229.79 Y199.79 E2573.09117
G1 X229.79 Y190.242 E2573.25789
G1 X200.21 Y190.242 E2573.77441
G1 X200.21 Y199.79 E2573.94113
M204 S2500
G0 F15000 X200.41 Y199.79
G0 X201.116 Y198.76
G1 F2400 E2567.94113
G0 F15000 X225.513 Y199.56
G0 X225.513 Y200.665
G0 X225.513 Y229.335
G0 X225.513 Y230.44
G0 X225.513 Y231.075
;TYPE:FILL
G1 F2400 E2573.94113
G1 F8125.6 X217.695 Y238.892 E2574.15716
G1 X212.304 Y238.892 E2574.2625
G1 X204.486 Y231.075 E2574.47853
G1 X207.787 Y231.075 E2574.54303
G1 X201.871 Y236.991 E2574.70652
G1 X201.075 Y236.991 E2574.72207
G1 X201.075 Y237.323 E2574.72856
G1 X201.871 Y237.323 E2574.74411
G1 X203.441 Y238.892 E2574.78749
G1 X208.832 Y238.892 E2574.89283
G1 X216.65 Y231.075 E2575.10886
G1 X213.349 Y231.075 E2575.17336
G1 X221.167 Y238.892 E2575.38939
G1 X226.558 Y238.892 E2575.49473
G1 X228.128 Y237.322 E2575.53812
G1 X228.925 Y237.322 E2575.55369
G1 X228.925 Y236.99 E2575.56018
G1 X228.127 Y236.99 E2575.57577
G1 X222.212 Y231.075 E2575.73923
G1 X228.925 Y231.075 E2575.8704
G1 X229.03 Y231.075
G1 F2400 E2569.8704
G0 F15000 X200.89 Y230.89
G0 X200.63 Y230.63
M204 S1250
;TYPE:WALL-INNER
G1 F2400 E2575.8704
G1 F7812.8 X200.63 Y239.338 E2576.02246
G1 X229.37 Y239.338 E2576.5243
G1 X229.37 Y230.63 E2576.67636
G1 X200.63 Y230.63 E2577.17821
M204 S2500
G0 F15000 X200.21 Y230.21
M204 S1250
;TYPE:WALL-OUTER
G1 F7500 X200.21 Y239.758 E2577.34493
G1 X229.79 Y239.758 E2577.86144
G1 X229.79 Y230.21 E2578.02816
G1 X200.21 Y230.21 E2578.54468
M204 S2500
G0 F15000 X200.21 Y230.41
G0 X201.24 Y231.116
G1 F2400 E2572.54468
;MESH:NONMESH
G0 F600 X201.24 Y231.116 Z16
G0 F15000 X226.566 Y230.44
G0 X226.566 Y229.335
G0 X226.566 Y200.665
G0 X226.566 Y199.56
G0 X226.566 Y191.115
;TIME_ELAPSED:2097.372812
;LAYER:157
;note -- min layer time used
;TYPE:FILL
;MESH:table_soft_spacer_30x30-Body.stl
G1 F2400 E2578.54468
G1 F8121.6 X228.127 Y192.676 E2578.58782
G1 X228.925 Y192.676 E2578.60341
G1 X228.925 Y193.008 E2578.6099
G1 X228.128 Y193.008 E2578.62547
G1 X222.21 Y198.925 E2578.78899
G1 X225.514 Y198.925 E2578.85356
G1 X217.703 Y191.115 E2579.06939
G1 X212.295 Y191.115 E2579.17507
G1 X204.485 Y198.925 E2579.39089
G1 X207.788 Y198.925 E2579.45543
G1 X201.871 Y193.008 E2579.61894
G1 X201.075 Y193.008 E2579.6345
G1 X201.075 Y192.676 E2579.64098
G1 X201.871 Y192.676 E2579.65654
G1 X203.432 Y191.115 E2579.69968
G1 X208.84 Y191.115 E2579.80535
G1 X216.651 Y198.925 E2580.02119
G1 X213.348 Y198.925 E2580.08573
G1 X221.158 Y191.115 E2580.30155
G1 X228.925 Y191.115 E2580.45332
G1 X229.03 Y191.115
G1 F2400 E2574.45332
G0 F15000 X200.89 Y199.11
G0 X200.63 Y199.37
M204 S1250
;TYPE:WALL-INNER
G1 F2400 E2580.45332
G1 F7810.8 X229.37 Y199.37 E2580.95517
G1 X229.37 Y190.67 E2581.10708
G1 X200.63 Y190.67 E2581.60893
G1 X200.63 Y199.37 E2581.76084
M204 S2500
G0 F15000 X200.21 Y199.79
M204 S1250
;TYPE:WALL-OUTER
G1 F7500 X229.79 Y199.79 E2582.27736
G1 X229.79 Y190.25 E2582.44394
G1 X200.21 Y190.25 E2582.96045
G1 X200.21 Y199.79 E2583.12704
M204 S2500
G0 F15000 X200.41 Y199.79
G0 X201.116 Y198.76
G1 F2400 E2577.12704
G0 F15000 X225.513 Y199.56
G0 X225.513 Y200.665
G0 X225.513 Y229.335
G0 X225.513 Y230.44
G0 X225.513 Y231.075
;TYPE:FILL
G1 F2400 E2583.12704
G1 F8121.6 X217.702 Y238.885 E2583.34287
G1 X212.297 Y238.885 E2583.44849
G1 X204.486 Y231.075 E2583.66433
G1 X207.787 Y231.075 E2583.72883
G1 X201.871 Y236.991 E2583.89231
G1 X201.075 Y236.991 E2583.90787
G1 X201.075 Y237.323 E2583.91435
G1 X201.871 Y237.323 E2583.92991
G1 X203.434 Y238.885 E2583.97309
G1 X208.839 Y238.885 E2584.0787
G1 X216.65 Y231.075 E2584.29454
G1 X213.349 Y231.075 E2584.35904
G1 X221.16 Y238.885 E2584.57488
G1 X226.565 Y238.885 E2584.68049
G1 X228.127 Y237.323 E2584.72366
G1 X228.925 Y237.323 E2584.73925
G1 X228.925 Y236.991 E2584.74574
G1 X228.128 Y236.991 E2584.76131
G1 X222.212 Y231.075 E2584.9248
G1 X228.925 Y231.075 E2585.05597
G1 X229.03 Y231.075
G1 F2400 E2579.05597
G0 F15000 X200.89 Y230.89
G0 X200.63 Y230.63
M204 S1250
;TYPE:WALL-INNER
G1 F2400 E2585.05597
G1 F7810.8 X200.63 Y239.33 E2585.20789
G1 X229.37 Y239.33 E2585.70973
G1 X229.37 Y230.63 E2585.86165
G1 X200.63 Y230.63 E2586.36349
M204 S2500
G0 F15000 X200.21 Y230.21
M204 S1250
;TYPE:WALL-OUTER
G1 F7500 X200.21 Y239.75 E2586.53008
G1 X229.79 Y239.75 E2587.04659
G1 X229.79 Y230.21 E2587.21317
G1 X200.21 Y230.21 E2587.72969
M204 S2500
G0 F15000 X200.21 Y230.41
G0 X201.24 Y231.116
G1 F2400 E2581.72969
;MESH:NONMESH
G0 F600 X201.24 Y231.116 Z16.1
G0 F15000 X226.57 Y230.44
G0 X226.57 Y229.335
G0 X226.57 Y200.665
G0 X226.57 Y199.56
G0 X226.57 Y191.119
;TIME_ELAPSED:2107.065558
;LAYER:158
;note -- min layer time used
;TYPE:FILL
;MESH:table_soft_spacer_30x30-Body.stl
G1 F2400 E2587.72969
G1 F8118.6 X228.127 Y192.676 E2587.77271
G1 X228.925 Y192.676 E2587.78831
G1 X228.925 Y193.008 E2587.79479
G1 X228.128 Y193.008 E2587.81037
G1 X222.21 Y198.925 E2587.97389
G1 X225.514 Y198.925 E2588.03845
G1 X217.708 Y191.119 E2588.25417
G1 X212.291 Y191.119 E2588.36002
G1 X204.485 Y198.925 E2588.57573
G1 X207.788 Y198.925 E2588.64027
G1 X201.871 Y193.008 E2588.80378
G1 X201.075 Y193.008 E2588.81934
G1 X201.075 Y192.676 E2588.82582
G1 X201.871 Y192.676 E2588.84138
G1 X203.428 Y191.119 E2588.8844
G1 X208.845 Y191.119 E2588.99025
G1 X216.651 Y198.925 E2589.20597
G1 X213.348 Y198.925 E2589.27051
G1 X221.154 Y191.119 E2589.48622
G1 X228.925 Y191.119 E2589.63807
G1 X229.03 Y191.119
G1 F2400 E2583.63807
G0 F15000 X200.89 Y199.11
G0 X200.63 Y199.37
M204 S1250
;TYPE:WALL-INNER
G1 F2400 E2589.63807
G1 F7809.3 X229.37 Y199.37 E2590.13992
G1 X229.37 Y190.674 E2590.29176
G1 X200.63 Y190.674 E2590.79361
G1 X200.63 Y199.37 E2590.94545
M204 S2500
G0 F15000 X200.21 Y199.79
M204 S1250
;TYPE:WALL-OUTER
G1 F7500 X229.79 Y199.79 E2591.46197
G1 X229.79 Y190.254 E2591.62848
G1 X200.21 Y190.254 E2592.14499
G1 X200.21 Y199.79 E2592.31151
M204 S2500
G0 F15000 X200.41 Y199.79
G0 X201.116 Y198.76
G1 F2400 E2586.31151
G0 F15000 X225.513 Y199.56
G0 X225.513 Y200.665
G0 X225.513 Y229.335
G0 X225.513 Y230.44
G0 X225.513 Y231.075
;TYPE:FILL
G1 F2400 E2592.31151
G1 F8118.6 X217.71 Y238.877 E2592.52712
G1 X212.288 Y238.877 E2592.63307
G1 X204.486 Y231.075 E2592.84867
G1 X207.787 Y231.075 E2592.91317
G1 X201.871 Y236.991 E2593.07666
G1 X201.075 Y236.991 E2593.09221
G1 X201.075 Y237.323 E2593.0987
G1 X201.871 Y237.323 E2593.11425
G1 X203.425 Y238.877 E2593.1572
G1 X208.848 Y238.877 E2593.26316
G1 X216.65 Y231.075 E2593.47877
G1 X213.349 Y231.075 E2593.54327
G1 X221.151 Y238.877 E2593.75887
G1 X226.573 Y238.877 E2593.86482
G1 X228.127 Y237.323 E2593.90776
G1 X228.925 Y237.323 E2593.92336
G1 X228.925 Y236.991 E2593.92984
G1 X228.128 Y236.991 E2593.94542
G1 X222.212 Y231.075 E2594.1089
G1 X228.925 Y231.075 E2594.24007
G1 X229.03 Y231.075
G1 F2400 E2588.24007
G0 F15000 X200.89 Y230.89
G0 X200.63 Y230.63
M204 S1250
;TYPE:WALL-INNER
G1 F2400 E2594.24007
G1 F7809.3 X200.63 Y239.322 E2594.39185
G1 X229.37 Y239.322 E2594.8937
G1 X229.37 Y230.63 E2595.04547
G1 X200.63 Y230.63 E2595.54732
M204 S2500
G0 F15000 X200.21 Y230.21
M204 S1250
;TYPE:WALL-OUTER
G1 F7500 X200.21 Y239.742 E2595.71376
G1 X229.79 Y239.742 E2596.23027
G1 X229.79 Y230.21 E2596.39672
G1 X200.21 Y230.21 E2596.91323
M204 S2500
G0 F15000 X200.21 Y230.41
G0 X201.24 Y231.116
G1 F2400 E2590.91323
;MESH:NONMESH
G0 F600 X201.24 Y231.116 Z16.2
G0 F15000 X226.583 Y230.44
G0 X226.583 Y229.335
G0 X226.583 Y200.665
G0 X226.583 Y199.56
G0 X226.583 Y191.132
;TIME_ELAPSED:2116.757683
;LAYER:159
;note -- min layer time used
;TYPE:FILL
;MESH:table_soft_spacer_30x30-Body.stl
G1 F2400 E2596.91323
G1 F8112.2 X228.127 Y192.676 E2596.9559
G1 X228.924 Y192.676 E2596.97147
G1 X228.925 Y193.008 E2596.97796
G1 X228.127 Y193.008 E2596.99355
G1 X222.21 Y198.925 E2597.15706
G1 X225.514 Y198.925 E2597.22163
G1 X217.72 Y191.132 E2597.43699
G1 X212.279 Y191.131 E2597.54331
G1 X204.485 Y198.925 E2597.75869
G1 X207.788 Y198.925 E2597.82323
G1 X201.871 Y193.008 E2597.98675
G1 X201.075 Y193.008 E2598.0023
G1 X201.075 Y192.676 E2598.00879
G1 X201.871 Y192.676 E2598.02434
G1 X203.416 Y191.131 E2598.06704
G1 X208.857 Y191.132 E2598.17336
G1 X216.651 Y198.925 E2598.38872
G1 X213.348 Y198.925 E2598.45326
G1 X221.142 Y191.131 E2598.66865
G1 X228.925 Y191.131 E2598.82073
G1 X229.03 Y191.131
G1 F2400 E2592.82073
G0 F15000 X200.89 Y199.11
G0 X200.63 Y199.37
M204 S1250
;TYPE:WALL-INNER
G1 F2400 E2598.82073
G1 F7806.1 X229.37 Y199.37 E2599.32257
G1 X229.37 Y190.686 E2599.47421
G1 X200.63 Y190.686 E2599.97605
G1 X200.63 Y199.37 E2600.12769
M204 S2500
G0 F15000 X200.21 Y199.79
M204 S1250
;TYPE:WALL-OUTER
G1 F7500 X229.79 Y199.79 E2600.6442
G1 X229.79 Y190.266 E2600.81051
G1 X200.21 Y190.266 E2601.32702
G1 X200.21 Y199.79 E2601.49333
M204 S2500
G0 F15000 X200.41 Y199.79
G0 X201.116 Y198.76
G1 F2400 E2595.49333
G0 F15000 X225.513 Y199.56
G0 X225.513 Y200.665
G0 X225.513 Y229.335
G0 X225.513 Y230.44
G0 X225.513 Y231.075
;TYPE:FILL
G1 F2400 E2601.49333
G1 F8112.2 X217.722 Y238.866 E2601.70862
G1 X212.276 Y238.865 E2601.81504
G1 X204.486 Y231.075 E2602.03031
G1 X207.787 Y231.075 E2602.09481
G1 X201.871 Y236.991 E2602.2583
G1 X201.075 Y236.991 E2602.27385
G1 X201.075 Y237.323 E2602.28034
G1 X201.871 Y237.323 E2602.29589
G1 X203.413 Y238.865 E2602.3385
G1 X208.859 Y238.866 E2602.44492
G1 X216.65 Y231.075 E2602.66022
G1 X213.349 Y231.075 E2602.72472
G1 X221.139 Y238.865 E2602.93999
G1 X226.585 Y238.866 E2603.04641
G1 X228.127 Y237.323 E2603.08904
G1 X228.925 Y237.323 E2603.10463
G1 X228.924 Y236.991 E2603.11112
G1 X228.128 Y236.991 E2603.12667
G1 X222.212 Y231.075 E2603.29015
G1 X228.925 Y231.075 E2603.42133
G1 X229.03 Y231.075
G1 F2400 E2597.42133
G0 F15000 X200.89 Y230.89
G0 X200.63 Y230.63
M204 S1250
;TYPE:WALL-INNER
G1 F2400 E2603.42133
G1 F7806.1 X200.63 Y239.31 E2603.57289
G1 X229.37 Y239.31 E2604.07474
G1 X229.37 Y230.63 E2604.22631
G1 X200.63 Y230.63 E2604.72815
M204 S2500
G0 F15000 X200.21 Y230.21
M204 S1250
;TYPE:WALL-OUTER
G1 F7500 X200.21 Y239.73 E2604.89439
G1 X229.79 Y239.73 E2605.4109
G1 X229.79 Y230.21 E2605.57713
G1 X200.21 Y230.21 E2606.09365
M204 S2500
G0 F15000 X200.21 Y230.41
G0 X201.24 Y231.116
G1 F2400 E2600.09365
;MESH:NONMESH
G0 F600 X201.24 Y231.116 Z16.3
G0 F15000 X226.594 Y230.44
G0 X226.594 Y229.335
G0 X226.594 Y200.665
G0 X226.594 Y199.56
G0 X226.594 Y191.143
;TIME_ELAPSED:2126.448465
;LAYER:160
;note -- min layer time used
;TYPE:FILL
;MESH:table_soft_spacer_30x30-Body.stl
G1 F2400 E2606.09365
G1 F8105.9 X228.127 Y192.676 E2606.13601
G1 X228.925 Y192.676 E2606.1516
G1 X228.925 Y193.008 E2606.15809
G1 X228.128 Y193.008 E2606.17366
G1 X222.21 Y198.925 E2606.33719
G1 X225.514 Y198.925 E2606.40175
G1 X217.732 Y191.143 E2606.6168
G1 X212.267 Y191.143 E2606.72359
G1 X204.485 Y198.925 E2606.93864
G1 X207.788 Y198.925 E2607.00318
G1 X201.871 Y193.008 E2607.16669
G1 X201.075 Y193.008 E2607.18224
G1 X201.075 Y192.676 E2607.18873
G1 X201.871 Y192.676 E2607.20429
G1 X203.404 Y191.143 E2607.24665
G1 X208.869 Y191.143 E2607.35344
G1 X216.651 Y198.925 E2607.56849
G1 X213.348 Y198.925 E2607.63303
G1 X221.13 Y191.143 E2607.84808
G1 X228.925 Y191.143 E2608.00039
G1 X229.03 Y191.143
G1 F2400 E2602.00039
G0 F15000 X200.89 Y199.11
G0 X200.63 Y199.37
M204 S1250
;TYPE:WALL-INNER
G1 F2400 E2608.00039
G1 F7803 X229.37 Y199.37 E2608.50224
G1 X229.37 Y190.698 E2608.65367
G1 X200.63 Y190.698 E2609.15551
G1 X200.63 Y199.37 E2609.30694
M204 S2500
G0 F15000 X200.21 Y199.79
M204 S1250
;TYPE:WALL-OUTER
G1 F7500 X229.79 Y199.79 E2609.82345
G1 X229.79 Y190.278 E2609.98955
G1 X200.21 Y190.278 E2610.50606
G1 X200.21 Y199.79 E2610.67215
M204 S2500
G0 F15000 X200.41 Y199.79
G0 X201.116 Y198.76
G1 F2400 E2604.67215
G0 F15000 X225.513 Y199.56
G0 X225.513 Y200.665
G0 X225.513 Y229.335
G0 X225.513 Y230.44
G0 X225.513 Y231.075
;TYPE:FILL
G1 F2400 E2610.67215
G1 F8105.9 X217.734 Y238.853 E2610.88711
G1 X212.264 Y238.853 E2610.99399
G1 X204.486 Y231.075 E2611.20893
G1 X207.787 Y231.075 E2611.27343
G1 X201.871 Y236.991 E2611.43692
G1 X201.075 Y236.991 E2611.45247
G1 X201.075 Y237.323 E2611.45896
G1 X201.871 Y237.323 E2611.47451
G1 X203.401 Y238.853 E2611.51679
G1 X208.872 Y238.853 E2611.6237
G1 X216.65 Y231.075 E2611.83864
G1 X213.349 Y231.075 E2611.90314
G1 X221.127 Y238.853 E2612.11808
G1 X226.597 Y238.853 E2612.22497
G1 X228.127 Y237.323 E2612.26725
G1 X228.925 Y237.323 E2612.28284
G1 X228.925 Y236.991 E2612.28933
G1 X228.128 Y236.991 E2612.3049
G1 X222.212 Y231.075 E2612.46838
G1 X228.925 Y231.075 E2612.59956
G1 X229.03 Y231.075
G1 F2400 E2606.59956
G0 F15000 X200.89 Y230.89
G0 X200.63 Y230.63
M204 S1250
;TYPE:WALL-INNER
G1 F2400 E2612.59956
G1 F7803 X200.63 Y239.298 E2612.75091
G1 X229.37 Y239.298 E2613.25276
G1 X229.37 Y230.63 E2613.40412
G1 X200.63 Y230.63 E2613.90596
M204 S2500
G0 F15000 X200.21 Y230.21
M204 S1250
;TYPE:WALL-OUTER
G1 F7500 X200.21 Y239.718 E2614.07199
G1 X229.79 Y239.718 E2614.5885
G1 X229.79 Y230.21 E2614.75453
G1 X200.21 Y230.21 E2615.27104
M204 S2500
G0 F15000 X200.21 Y230.41
G0 X201.24 Y231.116
G1 F2400 E2609.27104
;MESH:NONMESH
G0 F600 X201.24 Y231.116 Z16.4
G0 F15000 X226.607 Y230.44
G0 X226.607 Y229.335
G0 X226.607 Y200.665
G0 X226.607 Y199.56
G0 X226.607 Y191.155
;TIME_ELAPSED:2136.137958
;LAYER:161
;note -- min layer time used
;TYPE:FILL
;MESH:table_soft_spacer_30x30-Body.stl
G1 F2400 E2615.27104
G1 F8099.7 X228.127 Y192.676 E2615.31306
G1 X228.924 Y192.676 E2615.32863
G1 X228.925 Y193.008 E2615.33512
G1 X228.127 Y193.008 E2615.35071
G1 X222.21 Y198.925 E2615.51422
G1 X225.514 Y198.925 E2615.57878
G1 X217.744 Y191.155 E2615.7935
G1 X212.255 Y191.155 E2615.90076
G1 X204.485 Y198.925 E2616.11548
G1 X207.788 Y198.925 E2616.18002
G1 X201.871 Y193.008 E2616.34353
G1 X201.075 Y193.008 E2616.35908
G1 X201.074 Y192.676 E2616.36557
G1 X201.871 Y192.676 E2616.38114
G1 X203.392 Y191.155 E2616.42318
G1 X208.881 Y191.155 E2616.53043
G1 X216.651 Y198.925 E2616.74515
G1 X213.348 Y198.925 E2616.80969
G1 X221.118 Y191.155 E2617.02441
G1 X228.925 Y191.155 E2617.17696
G1 X229.03 Y191.155
G1 F2400 E2611.17696
G0 F15000 X200.89 Y199.11
G0 X200.63 Y199.37
M204 S1250
;TYPE:WALL-INNER
G1 F2400 E2617.17696
G1 F7799.9 X229.37 Y199.37 E2617.67881
G1 X229.37 Y190.71 E2617.83002
G1 X200.63 Y190.71 E2618.33187
G1 X200.63 Y199.37 E2618.48309
M204 S2500
G0 F15000 X200.21 Y199.79
M204 S1250
;TYPE:WALL-OUTER
G1 F7500 X229.79 Y199.79 E2618.9996
G1 X229.79 Y190.29 E2619.16548
G1 X200.21 Y190.29 E2619.682
G1 X200.21 Y199.79 E2619.84788
M204 S2500
G0 F15000 X200.41 Y199.79
G0 X201.116 Y198.76
G1 F2400 E2613.84788
G0 F15000 X225.513 Y199.56
G0 X225.513 Y200.665
G0 X225.513 Y229.335
G0 X225.513 Y230.44
G0 X225.513 Y231.075
;TYPE:FILL
G1 F2400 E2619.84788
G1 F8099.7 X217.746 Y238.842 E2620.06252
G1 X212.253 Y238.842 E2620.16985
G1 X204.486 Y231.075 E2620.38449
G1 X207.787 Y231.075 E2620.44899
G1 X201.871 Y236.991 E2620.61247
G1 X201.075 Y236.991 E2620.62803
G1 X201.075 Y237.323 E2620.63452
G1 X201.871 Y237.323 E2620.65007
G1 X203.39 Y238.842 E2620.69205
G1 X208.883 Y238.842 E2620.79938
G1 X216.65 Y231.075 E2621.01402
G1 X213.349 Y231.075 E2621.07852
G1 X221.116 Y238.842 E2621.29315
G1 X226.609 Y238.842 E2621.40049
G1 X228.127 Y237.323 E2621.44245
G1 X228.925 Y237.323 E2621.45804
G1 X228.925 Y236.991 E2621.46453
G1 X228.128 Y236.991 E2621.48011
G1 X222.212 Y231.075 E2621.64359
G1 X228.925 Y231.075 E2621.77476
G1 X229.03 Y231.075
G1 F2400 E2615.77476
G0 F15000 X200.89 Y230.89
G0 X200.63 Y230.63
M204 S1250
;TYPE:WALL-INNER
G1 F2400 E2621.77476
G1 F7799.9 X200.63 Y239.286 E2621.92591
G1 X229.37 Y239.286 E2622.42776
G1 X229.37 Y230.63 E2622.5789
G1 X200.63 Y230.63 E2623.08075
M204 S2500
G0 F15000 X200.21 Y230.21
M204 S1250
;TYPE:WALL-OUTER
G1 F7500 X200.21 Y239.706 E2623.24656
G1 X229.79 Y239.706 E2623.76308
G1 X229.79 Y230.21 E2623.92889
G1 X200.21 Y230.21 E2624.44541
M204 S2500
G0 F15000 X200.21 Y230.41
G0 X201.24 Y231.116
G1 F2400 E2618.44541
;MESH:NONMESH
G0 F600 X201.24 Y231.116 Z16.5
G0 F15000 X226.619 Y230.44
G0 X226.619 Y229.335
G0 X226.619 Y200.665
G0 X226.619 Y199.56
G0 X226.619 Y191.167
;TIME_ELAPSED:2145.826165
;LAYER:162
;note -- min layer time used
;TYPE:FILL
;MESH:table_soft_spacer_30x30-Body.stl
G1 F2400 E2624.44541
G1 F8093.3 X228.127 Y192.676 E2624.48709
G1 X228.925 Y192.676 E2624.50269
G1 X228.925 Y193.008 E2624.50917
G1 X228.128 Y193.008 E2624.52475
G1 X222.21 Y198.925 E2624.68827
G1 X225.514 Y198.925 E2624.75283
G1 X217.756 Y191.167 E2624.96722
G1 X212.243 Y191.167 E2625.07494
G1 X204.485 Y198.925 E2625.28933
G1 X207.788 Y198.925 E2625.35387
G1 X201.871 Y193.008 E2625.51738
G1 X201.075 Y193.008 E2625.53294
G1 X201.075 Y192.676 E2625.53943
G1 X201.871 Y192.676 E2625.55498
G1 X203.38 Y191.167 E2625.59668
G1 X208.893 Y191.167 E2625.70441
G1 X216.651 Y198.925 E2625.91879
G1 X213.348 Y198.925 E2625.98333
G1 X221.106 Y191.167 E2626.19772
G1 X228.925 Y191.167 E2626.35051
G1 X229.03 Y191.167
G1 F2400 E2620.35051
G0 F15000 X200.89 Y199.11
G0 X200.63 Y199.37
M204 S1250
;TYPE:WALL-INNER
G1 F2400 E2626.35051
G1 F7796.7 X229.37 Y199.37 E2626.85235
G1 X229.37 Y190.722 E2627.00336
G1 X200.63 Y190.722 E2627.5052
G1 X200.63 Y199.37 E2627.65621
M204 S2500
G0 F15000 X200.21 Y199.79
M204 S1250
;TYPE:WALL-OUTER
G1 F7500 X229.79 Y199.79 E2628.17273
G1 X229.79 Y190.302 E2628.3384
G1 X200.21 Y190.302 E2628.85491
G1 X200.21 Y199.79 E2629.02059
M204 S2500
G0 F15000 X200.41 Y199.79
G0 X201.116 Y198.76
G1 F2400 E2623.02059
G0 F15000 X225.513 Y199.56
G0 X225.513 Y200.665
G0 X225.513 Y229.335
G0 X225.513 Y230.44
G0 X225.513 Y231.075
;TYPE:FILL
G1 F2400 E2629.02059
G1 F8093.3 X217.758 Y238.829 E2629.23488
G1 X212.24 Y238.829 E2629.3427
G1 X204.486 Y231.075 E2629.55698
G1 X207.787 Y231.075 E2629.62148
G1 X201.871 Y236.991 E2629.78496
G1 X201.075 Y236.991 E2629.80052
G1 X201.075 Y237.323 E2629.80701
G1 X201.871 Y237.323 E2629.82256
G1 X203.377 Y238.829 E2629.86418
G1 X208.896 Y238.829 E2629.97202
G1 X216.65 Y231.075 E2630.1863
G1 X213.349 Y231.075 E2630.2508
G1 X221.103 Y238.829 E2630.46507
G1 X226.621 Y238.829 E2630.5729
G1 X228.127 Y237.323 E2630.61451
G1 X228.925 Y237.323 E2630.63011
G1 X228.925 Y236.991 E2630.63659
G1 X228.128 Y236.991 E2630.65217
G1 X222.212 Y231.075 E2630.81565
G1 X228.925 Y231.075 E2630.94683
G1 X229.03 Y231.075
G1 F2400 E2624.94683
G0 F15000 X200.89 Y230.89
G0 X200.63 Y230.63
M204 S1250
;TYPE:WALL-INNER
G1 F2400 E2630.94683
G1 F7796.7 X200.63 Y239.274 E2631.09776
G1 X229.37 Y239.274 E2631.59961
G1 X229.37 Y230.63 E2631.75055
G1 X200.63 Y230.63 E2632.25239
M204 S2500
G0 F15000 X200.21 Y230.21
M204 S1250
;TYPE:WALL-OUTER
G1 F7500 X200.21 Y239.694 E2632.418
G1 X229.79 Y239.694 E2632.93451
G1 X229.79 Y230.21 E2633.10012
G1 X200.21 Y230.21 E2633.61663
M204 S2500
G0 F15000 X200.21 Y230.41
G0 X201.24 Y231.116
G1 F2400 E2627.61663
;MESH:NONMESH
G0 F600 X201.24 Y231.116 Z16.6
G0 F15000 X226.631 Y230.44
G0 X226.631 Y229.335
G0 X226.631 Y200.665
G0 X226.631 Y199.56
G0 X226.631 Y191.179
;TIME_ELAPSED:2155.512990
;LAYER:163
;note -- min layer time used
;TYPE:FILL
;MESH:table_soft_spacer_30x30-Body.stl
G1 F2400 E2633.61663
G1 F8087.1 X228.127 Y192.676 E2633.65799
G1 X228.924 Y192.676 E2633.67356
G1 X228.925 Y193.008 E2633.68005
G1 X228.127 Y193.008 E2633.69564
G1 X222.21 Y198.925 E2633.85915
G1 X225.514 Y198.925 E2633.92371
G1 X217.768 Y191.179 E2634.13777
G1 X212.232 Y191.178 E2634.24594
G1 X204.485 Y198.925 E2634.46002
G1 X207.788 Y198.925 E2634.52457
G1 X201.871 Y193.008 E2634.68808
G1 X201.075 Y193.008 E2634.70363
G1 X201.075 Y192.676 E2634.71012
G1 X201.871 Y192.676 E2634.72567
G1 X203.369 Y191.178 E2634.76707
G1 X208.905 Y191.179 E2634.87524
G1 X216.651 Y198.925 E2635.0893
G1 X213.348 Y198.925 E2635.15384
G1 X221.095 Y191.178 E2635.36792
G1 X228.925 Y191.179 E2635.52092
G1 X229.03 Y191.179
G1 F2400 E2629.52092
G0 F15000 X200.89 Y199.11
G0 X200.63 Y199.37
M204 S1250
;TYPE:WALL-INNER
G1 F2400 E2635.52092
G1 F7793.6 X229.37 Y199.37 E2636.02277
G1 X229.37 Y190.734 E2636.17357
G1 X200.63 Y190.734 E2636.67541
G1 X200.63 Y199.37 E2636.82621
M204 S2500
G0 F15000 X200.21 Y199.79
M204 S1250
;TYPE:WALL-OUTER
G1 F7500 X229.79 Y199.79 E2637.34272
G1 X229.79 Y190.314 E2637.50819
G1 X200.21 Y190.314 E2638.0247
G1 X200.21 Y199.79 E2638.19017
M204 S2500
G0 F15000 X200.41 Y199.79
G0 X201.116 Y198.76
G1 F2400 E2632.19017
G0 F15000 X225.513 Y199.56
G0 X225.513 Y200.665
G0 X225.513 Y229.335
G0 X225.513 Y230.44
G0 X225.513 Y231.075
;TYPE:FILL
G1 F2400 E2638.19017
G1 F8087.1 X217.77 Y238.818 E2638.40414
G1 X212.229 Y238.818 E2638.51241
G1 X204.486 Y231.075 E2638.72639
G1 X207.787 Y231.075 E2638.79089
G1 X201.871 Y236.991 E2638.95437
G1 X201.075 Y236.991 E2638.96993
G1 X201.075 Y237.323 E2638.97641
G1 X201.871 Y237.323 E2638.99197
G1 X203.366 Y238.818 E2639.03328
G1 X208.907 Y238.818 E2639.14155
G1 X216.65 Y231.075 E2639.35553
G1 X213.349 Y231.075 E2639.42003
G1 X221.092 Y238.818 E2639.634
G1 X226.633 Y238.818 E2639.74227
G1 X228.127 Y237.323 E2639.78357
G1 X228.925 Y237.323 E2639.79917
G1 X228.925 Y236.991 E2639.80565
G1 X228.128 Y236.991 E2639.82123
G1 X222.212 Y231.075 E2639.98471
G1 X228.925 Y231.075 E2640.11588
G1 X229.03 Y231.075
G1 F2400 E2634.11588
G0 F15000 X200.89 Y230.89
G0 X200.63 Y230.63
M204 S1250
;TYPE:WALL-INNER
G1 F2400 E2640.11588
G1 F7793.6 X200.63 Y239.262 E2640.26661
G1 X229.37 Y239.262 E2640.76846
G1 X229.37 Y230.63 E2640.91919
G1 X200.63 Y230.63 E2641.42103
M204 S2500
G0 F15000 X200.21 Y230.21
M204 S1250
;TYPE:WALL-OUTER
G1 F7500 X200.21 Y239.682 E2641.58643
G1 X229.79 Y239.682 E2642.10294
G1 X229.79 Y230.21 E2642.26834
G1 X200.21 Y230.21 E2642.78485
M204 S2500
G0 F15000 X200.21 Y230.41
G0 X201.24 Y231.116
G1 F2400 E2636.78485
;MESH:NONMESH
G0 F600 X201.24 Y231.116 Z16.7
G0 F15000 X226.651 Y230.44
G0 X226.651 Y229.335
G0 X226.651 Y200.665
G0 X226.651 Y199.56
G0 X226.651 Y191.2
;TIME_ELAPSED:2165.198514
;LAYER:164
;note -- min layer time used
;TYPE:FILL
;MESH:table_soft_spacer_30x30-Body.stl
G1 F2400 E2642.78485
G1 F8077.3 X228.127 Y192.676 E2642.82564
G1 X228.925 Y192.676 E2642.84123
G1 X228.925 Y193.008 E2642.84772
G1 X228.128 Y193.008 E2642.86329
G1 X222.21 Y198.925 E2643.02682
G1 X225.514 Y198.925 E2643.09138
G1 X217.788 Y191.2 E2643.30487
G1 X212.211 Y191.2 E2643.41384
G1 X204.485 Y198.925 E2643.62733
G1 X207.788 Y198.925 E2643.69187
G1 X201.871 Y193.008 E2643.85539
G1 X201.075 Y193.008 E2643.87094
G1 X201.075 Y192.676 E2643.87743
G1 X201.871 Y192.676 E2643.89298
G1 X203.348 Y191.2 E2643.93378
G1 X208.925 Y191.2 E2644.04276
G1 X216.651 Y198.925 E2644.25625
G1 X213.348 Y198.925 E2644.32079
G1 X221.073 Y191.2 E2644.53426
G1 X228.925 Y191.199 E2644.68769
G1 X229.03 Y191.199
G1 F2400 E2638.68769
G0 F15000 X200.89 Y199.11
G0 X200.63 Y199.37
M204 S1250
;TYPE:WALL-INNER
G1 F2400 E2644.68769
G1 F7788.7 X229.37 Y199.37 E2645.18954
G1 X229.37 Y190.754 E2645.33999
G1 X200.63 Y190.754 E2645.84183
G1 X200.63 Y199.37 E2645.99228
M204 S2500
G0 F15000 X200.21 Y199.79
M204 S1250
;TYPE:WALL-OUTER
G1 F7500 X229.79 Y199.79 E2646.5088
G1 X229.79 Y190.334 E2646.67391
G1 X200.21 Y190.334 E2647.19043
G1 X200.21 Y199.79 E2647.35554
M204 S2500
G0 F15000 X200.41 Y199.79
G0 X201.116 Y198.76
G1 F2400 E2641.35554
G0 F15000 X225.513 Y199.56
G0 X225.513 Y200.665
G0 X225.513 Y229.335
G0 X225.513 Y230.44
G0 X225.513 Y231.075
;TYPE:FILL
G1 F2400 E2647.35554
G1 F8077.3 X217.787 Y238.801 E2647.56904
G1 X212.212 Y238.801 E2647.67798
G1 X204.486 Y231.075 E2647.89148
G1 X207.787 Y231.075 E2647.95599
G1 X201.871 Y236.991 E2648.11947
G1 X201.075 Y236.991 E2648.13502
G1 X201.075 Y237.323 E2648.14151
G1 X201.871 Y237.323 E2648.15707
G1 X203.349 Y238.801 E2648.19791
G1 X208.924 Y238.801 E2648.30685
G1 X216.65 Y231.075 E2648.52035
G1 X213.349 Y231.075 E2648.58485
G1 X221.075 Y238.801 E2648.79835
G1 X226.65 Y238.801 E2648.90729
G1 X228.127 Y237.323 E2648.94812
G1 X228.925 Y237.323 E2648.96371
G1 X228.925 Y236.991 E2648.9702
G1 X228.128 Y236.991 E2648.98577
G1 X222.212 Y231.075 E2649.14926
G1 X228.925 Y231.075 E2649.28043
G1 X229.03 Y231.075
G1 F2400 E2643.28043
G0 F15000 X200.89 Y230.89
G0 X200.63 Y230.63
M204 S1250
;TYPE:WALL-INNER
G1 F2400 E2649.28043
G1 F7788.7 X200.63 Y239.246 E2649.43088
G1 X229.37 Y239.246 E2649.93273
G1 X229.37 Y230.63 E2650.08317
G1 X200.63 Y230.63 E2650.58502
M204 S2500
G0 F15000 X200.21 Y230.21
M204 S1250
;TYPE:WALL-OUTER
G1 F7500 X200.21 Y239.666 E2650.75014
G1 X229.79 Y239.666 E2651.26665
G1 X229.79 Y230.21 E2651.43177
G1 X200.21 Y230.21 E2651.94828
M204 S2500
G0 F15000 X200.21 Y230.41
G0 X201.24 Y231.116
G1 F2400 E2645.94828
;MESH:NONMESH
G0 F600 X201.24 Y231.116 Z16.8
G0 F15000 X226.667 Y230.44
G0 X226.667 Y229.335
G0 X226.667 Y200.665
G0 X226.667 Y199.56
G0 X226.667 Y191.215
;TIME_ELAPSED:2174.881929
;LAYER:165
;note -- min layer time used
;TYPE:FILL
;MESH:table_soft_spacer_30x30-Body.stl
G1 F2400 E2651.94828
G1 F8068.1 X228.127 Y192.676 E2651.98864
G1 X228.925 Y192.676 E2652.00423
G1 X228.925 Y193.008 E2652.01072
G1 X228.128 Y193.008 E2652.02629
G1 X222.21 Y198.925 E2652.18982
G1 X225.514 Y198.925 E2652.25438
G1 X217.804 Y191.215 E2652.46744
G1 X212.195 Y191.215 E2652.57704
G1 X204.485 Y198.925 E2652.7901
G1 X207.788 Y198.925 E2652.85464
G1 X201.871 Y193.008 E2653.01816
G1 X201.075 Y193.008 E2653.03371
G1 X201.075 Y192.676 E2653.0402
G1 X201.871 Y192.676 E2653.05575
G1 X203.332 Y191.215 E2653.09612
G1 X208.941 Y191.215 E2653.20573
G1 X216.651 Y198.925 E2653.41879
G1 X213.348 Y198.925 E2653.48333
G1 X221.058 Y191.215 E2653.69639
G1 X228.925 Y191.215 E2653.85011
G1 X229.03 Y191.215
G1 F2400 E2647.85011
G0 F15000 X200.89 Y199.11
G0 X200.63 Y199.37
M204 S1250
;TYPE:WALL-INNER
G1 F2400 E2653.85011
G1 F7784 X229.37 Y199.37 E2654.35196
G1 X229.37 Y190.77 E2654.50213
G1 X200.63 Y190.77 E2655.00397
G1 X200.63 Y199.37 E2655.15414
M204 S2500
G0 F15000 X200.21 Y199.79
M204 S1250
;TYPE:WALL-OUTER
G1 F7500 X229.79 Y199.79 E2655.67065
G1 X229.79 Y190.35 E2655.83549
G1 X200.21 Y190.35 E2656.352
G1 X200.21 Y199.79 E2656.51684
M204 S2500
G0 F15000 X200.41 Y199.79
G0 X201.116 Y198.76
G1 F2400 E2650.51684
G0 F15000 X225.513 Y199.56
G0 X225.513 Y200.665
G0 X225.513 Y229.335
G0 X225.513 Y230.44
G0 X225.513 Y231.075
;TYPE:FILL
G1 F2400 E2656.51684
G1 F8068.1 X217.807 Y238.781 E2656.72979
G1 X212.192 Y238.781 E2656.83951
G1 X204.486 Y231.075 E2657.05246
G1 X207.787 Y231.075 E2657.11696
G1 X201.871 Y236.991 E2657.28045
G1 X201.075 Y236.991 E2657.296
G1 X201.075 Y237.323 E2657.30249
G1 X201.871 Y237.323 E2657.31804
G1 X203.329 Y238.781 E2657.35833
G1 X208.944 Y238.781 E2657.46805
G1 X216.65 Y231.075 E2657.681
G1 X213.349 Y231.075 E2657.7455
G1 X221.055 Y238.781 E2657.95845
G1 X226.669 Y238.781 E2658.06815
G1 X228.127 Y237.323 E2658.10844
G1 X228.925 Y237.323 E2658.12403
G1 X228.925 Y236.991 E2658.13052
G1 X228.128 Y236.991 E2658.1461
G1 X222.212 Y231.075 E2658.30958
G1 X228.925 Y231.075 E2658.44075
G1 X229.03 Y231.075
G1 F2400 E2652.44075
G0 F15000 X200.89 Y230.89
G0 X200.63 Y230.63
M204 S1250
;TYPE:WALL-INNER
G1 F2400 E2658.44075
G1 F7784 X200.63 Y239.226 E2658.59085
G1 X229.37 Y239.226 E2659.0927
G1 X229.37 Y230.63 E2659.2428
G1 X200.63 Y230.63 E2659.74464
M204 S2500
G0 F15000 X200.21 Y230.21
M204 S1250
;TYPE:WALL-OUTER
G1 F7500 X200.21 Y239.646 E2659.90941
G1 X229.79 Y239.646 E2660.42593
G1 X229.79 Y230.21 E2660.59069
G1 X200.21 Y230.21 E2661.10721
M204 S2500
G0 F15000 X200.21 Y230.41
G0 X201.24 Y231.116
G1 F2400 E2655.10721
;MESH:NONMESH
G0 F600 X201.24 Y231.116 Z16.9
G0 F15000 X226.682 Y230.44
G0 X226.682 Y229.335
G0 X226.682 Y200.665
G0 X226.682 Y199.56
G0 X226.682 Y191.231
;TIME_ELAPSED:2184.563354
;LAYER:166
;note -- min layer time used
;TYPE:FILL
;MESH:table_soft_spacer_30x30-Body.stl
G1 F2400 E2661.10721
G1 F8059.6 X228.127 Y192.676 E2661.14714
G1 X228.925 Y192.676 E2661.16273
G1 X228.925 Y193.008 E2661.16922
G1 X228.128 Y193.008 E2661.18479
G1 X222.21 Y198.925 E2661.34832
G1 X225.514 Y198.925 E2661.41288
G1 X217.819 Y191.231 E2661.62551
G1 X212.179 Y191.231 E2661.73572
G1 X204.485 Y198.925 E2661.94833
G1 X207.788 Y198.925 E2662.01288
G1 X201.871 Y193.008 E2662.17639
G1 X201.075 Y193.008 E2662.19194
G1 X201.075 Y192.676 E2662.19843
G1 X201.871 Y192.676 E2662.21398
G1 X203.317 Y191.231 E2662.25393
G1 X208.956 Y191.231 E2662.36412
G1 X216.651 Y198.925 E2662.57675
G1 X213.348 Y198.925 E2662.64129
G1 X221.042 Y191.231 E2662.85391
G1 X228.925 Y191.231 E2663.00794
G1 X229.03 Y191.231
G1 F2400 E2657.00794
G0 F15000 X200.89 Y199.11
G0 X200.63 Y199.37
M204 S1250
;TYPE:WALL-INNER
G1 F2400 E2663.00794
G1 F7779.8 X229.37 Y199.37 E2663.50979
G1 X229.37 Y190.786 E2663.65968
G1 X200.63 Y190.786 E2664.16152
G1 X200.63 Y199.37 E2664.31141
M204 S2500
G0 F15000 X200.21 Y199.79
M204 S1250
;TYPE:WALL-OUTER
G1 F7500 X229.79 Y199.79 E2664.82793
G1 X229.79 Y190.366 E2664.99249
G1 X200.21 Y190.366 E2665.509
G1 X200.21 Y199.79 E2665.67356
M204 S2500
G0 F15000 X200.41 Y199.79
G0 X201.116 Y198.76
G1 F2400 E2659.67356
G0 F15000 X225.513 Y199.56
G0 X225.513 Y200.665
G0 X225.513 Y229.335
G0 X225.513 Y230.44
G0 X225.513 Y231.075
;TYPE:FILL
G1 F2400 E2665.67356
G1 F8059.6 X217.822 Y238.765 E2665.88608
G1 X212.177 Y238.765 E2665.99638
G1 X204.486 Y231.075 E2666.2089
G1 X207.787 Y231.075 E2666.27341
G1 X201.871 Y236.991 E2666.43689
G1 X201.075 Y236.991 E2666.45244
G1 X201.075 Y237.323 E2666.45893
G1 X201.871 Y237.323 E2666.47449
G1 X203.314 Y238.765 E2666.51435
G1 X208.959 Y238.765 E2666.62465
G1 X216.65 Y231.075 E2666.83717
G1 X213.349 Y231.075 E2666.90168
G1 X221.039 Y238.765 E2667.11418
G1 X226.685 Y238.765 E2667.22451
G1 X228.127 Y237.323 E2667.26436
G1 X228.925 Y237.323 E2667.27995
G1 X228.925 Y236.991 E2667.28644
G1 X228.128 Y236.991 E2667.30201
G1 X222.212 Y231.075 E2667.4655
G1 X228.925 Y231.075 E2667.59667
G1 X229.03 Y231.075
G1 F2400 E2661.59667
G0 F15000 X200.89 Y230.89
G0 X200.63 Y230.63
M204 S1250
;TYPE:WALL-INNER
G1 F2400 E2667.59667
G1 F7779.8 X200.63 Y239.21 E2667.74649
G1 X229.37 Y239.21 E2668.24834
G1 X229.37 Y230.63 E2668.39816
G1 X200.63 Y230.63 E2668.9
M204 S2500
G0 F15000 X200.21 Y230.21
M204 S1250
;TYPE:WALL-OUTER
G1 F7500 X200.21 Y239.63 E2669.06449
G1 X229.79 Y239.63 E2669.581
G1 X229.79 Y230.21 E2669.74549
G1 X200.21 Y230.21 E2670.262
M204 S2500
G0 F15000 X200.21 Y230.41
G0 X201.24 Y231.116
G1 F2400 E2664.262
;MESH:NONMESH
G0 F600 X201.24 Y231.116 Z17
G0 F15000 X226.702 Y230.44
G0 X226.702 Y229.335
G0 X226.702 Y200.665
G0 X226.702 Y199.56
G0 X226.702 Y191.25
;TIME_ELAPSED:2194.242942
;LAYER:167
;note -- min layer time used
;TYPE:FILL
;MESH:table_soft_spacer_30x30-Body.stl
G1 F2400 E2670.262
G1 F8050.3 X228.127 Y192.676 E2670.3014
G1 X228.925 Y192.676 E2670.31699
G1 X228.925 Y193.008 E2670.32348
G1 X228.128 Y193.008 E2670.33905
G1 X222.21 Y198.925 E2670.50258
G1 X225.514 Y198.925 E2670.56714
G1 X217.839 Y191.25 E2670.77923
G1 X212.16 Y191.25 E2670.8902
G1 X204.485 Y198.925 E2671.10229
G1 X207.788 Y198.925 E2671.16683
G1 X201.871 Y193.008 E2671.33034
G1 X201.075 Y193.008 E2671.3459
G1 X201.075 Y192.676 E2671.35239
G1 X201.871 Y192.676 E2671.36794
G1 X203.297 Y191.25 E2671.40735
G1 X208.976 Y191.25 E2671.51832
G1 X216.651 Y198.925 E2671.73041
G1 X213.348 Y198.925 E2671.79495
G1 X221.022 Y191.25 E2672.00703
G1 X228.925 Y191.251 E2672.16146
G1 X229.03 Y191.251
G1 F2400 E2666.16146
G0 F15000 X200.89 Y199.11
G0 X200.63 Y199.37
M204 S1250
;TYPE:WALL-INNER
G1 F2400 E2672.16146
G1 F7775.1 X229.37 Y199.37 E2672.6633
G1 X229.37 Y190.806 E2672.81284
G1 X200.63 Y190.806 E2673.31469
G1 X200.63 Y199.37 E2673.46423
M204 S2500
G0 F15000 X200.21 Y199.79
M204 S1250
;TYPE:WALL-OUTER
G1 F7500 X229.79 Y199.79 E2673.98074
G1 X229.79 Y190.386 E2674.14495
G1 X200.21 Y190.386 E2674.66146
G1 X200.21 Y199.79 E2674.82567
M204 S2500
G0 F15000 X200.41 Y199.79
G0 X201.116 Y198.76
G1 F2400 E2668.82567
G0 F15000 X225.513 Y199.56
G0 X225.513 Y200.665
G0 X225.513 Y229.335
G0 X225.513 Y230.44
G0 X225.513 Y231.075
;TYPE:FILL
G1 F2400 E2674.82567
G1 F8050.3 X217.838 Y238.75 E2675.03777
G1 X212.16 Y238.749 E2675.14872
G1 X204.486 Y231.075 E2675.36078
G1 X207.787 Y231.075 E2675.42528
G1 X201.871 Y236.991 E2675.58877
G1 X201.075 Y236.991 E2675.60432
G1 X201.075 Y237.323 E2675.61081
G1 X201.871 Y237.323 E2675.62636
G1 X203.297 Y238.749 E2675.66577
G1 X208.975 Y238.75 E2675.77672
G1 X216.65 Y231.075 E2675.98881
G1 X213.349 Y231.075 E2676.05331
G1 X221.023 Y238.749 E2676.26538
G1 X226.701 Y238.75 E2676.37633
G1 X228.127 Y237.323 E2676.41575
G1 X228.925 Y237.323 E2676.43134
G1 X228.924 Y236.991 E2676.43783
G1 X228.128 Y236.991 E2676.45338
G1 X222.212 Y231.075 E2676.61687
G1 X228.925 Y231.075 E2676.74804
G1 X229.03 Y231.075
G1 F2400 E2670.74804
G0 F15000 X200.89 Y230.89
G0 X200.63 Y230.63
M204 S1250
;TYPE:WALL-INNER
G1 F2400 E2676.74804
G1 F7775.1 X200.63 Y239.194 E2676.89758
G1 X229.37 Y239.194 E2677.39943
G1 X229.37 Y230.63 E2677.54897
G1 X200.63 Y230.63 E2678.05081
M204 S2500
G0 F15000 X200.21 Y230.21
M204 S1250
;TYPE:WALL-OUTER
G1 F7500 X200.21 Y239.614 E2678.21502
G1 X229.79 Y239.614 E2678.73154
G1 X229.79 Y230.21 E2678.89575
G1 X200.21 Y230.21 E2679.41226
M204 S2500
G0 F15000 X200.21 Y230.41
G0 X201.24 Y231.116
G1 F2400 E2673.41226
;MESH:NONMESH
G0 F600 X201.24 Y231.116 Z17.1
G0 F15000 X226.719 Y230.44
G0 X226.719 Y229.335
G0 X226.719 Y200.665
G0 X226.719 Y199.56
G0 X226.719 Y191.267
;TIME_ELAPSED:2203.920502
;LAYER:168
;note -- min layer time used
;TYPE:FILL
;MESH:table_soft_spacer_30x30-Body.stl
G1 F2400 E2679.41226
G1 F8040.6 X228.127 Y192.676 E2679.45118
G1 X228.925 Y192.676 E2679.46677
G1 X228.925 Y193.008 E2679.47326
G1 X228.128 Y193.008 E2679.48884
G1 X222.21 Y198.925 E2679.65236
G1 X225.514 Y198.925 E2679.71692
G1 X217.856 Y191.267 E2679.92854
G1 X212.143 Y191.267 E2680.04018
G1 X204.485 Y198.925 E2680.2518
G1 X207.788 Y198.925 E2680.31634
G1 X201.871 Y193.008 E2680.47985
G1 X201.075 Y193.008 E2680.49541
G1 X201.075 Y192.676 E2680.5019
G1 X201.871 Y192.676 E2680.51745
G1 X203.28 Y191.267 E2680.55639
G1 X208.993 Y191.267 E2680.66802
G1 X216.651 Y198.925 E2680.87964
G1 X213.348 Y198.925 E2680.94418
G1 X221.006 Y191.267 E2681.15581
G1 X228.925 Y191.267 E2681.31055
G1 X229.03 Y191.267
G1 F2400 E2675.31055
G0 F15000 X200.89 Y199.11
G0 X200.63 Y199.37
M204 S1250
;TYPE:WALL-INNER
G1 F2400 E2681.31055
G1 F7770.3 X229.37 Y199.37 E2681.81239
G1 X229.37 Y190.822 E2681.96165
G1 X200.63 Y190.822 E2682.4635
G1 X200.63 Y199.37 E2682.61276
M204 S2500
G0 F15000 X200.21 Y199.79
M204 S1250
;TYPE:WALL-OUTER
G1 F7500 X229.79 Y199.79 E2683.12927
G1 X229.79 Y190.402 E2683.2932
G1 X200.21 Y190.402 E2683.80972
G1 X200.21 Y199.79 E2683.97365
M204 S2500
G0 F15000 X200.41 Y199.79
G0 X201.116 Y198.76
G1 F2400 E2677.97365
G0 F15000 X225.513 Y199.56
G0 X225.513 Y200.665
G0 X225.513 Y229.335
G0 X225.513 Y230.44
G0 X225.513 Y231.075
;TYPE:FILL
G1 F2400 E2683.97365
G1 F8040.6 X217.859 Y238.728 E2684.18514
G1 X212.14 Y238.728 E2684.2969
G1 X204.486 Y231.075 E2684.50839
G1 X207.787 Y231.075 E2684.5729
G1 X201.871 Y236.991 E2684.73638
G1 X201.075 Y236.991 E2684.75194
G1 X201.075 Y237.323 E2684.75842
G1 X201.871 Y237.323 E2684.77398
G1 X203.277 Y238.728 E2684.81282
G1 X208.996 Y238.728 E2684.92457
G1 X216.65 Y231.075 E2685.13607
G1 X213.349 Y231.075 E2685.20057
G1 X221.003 Y238.728 E2685.41207
G1 X226.722 Y238.728 E2685.52382
G1 X228.127 Y237.323 E2685.56264
G1 X228.925 Y237.323 E2685.57824
G1 X228.925 Y236.991 E2685.58472
G1 X228.128 Y236.991 E2685.6003
G1 X222.212 Y231.075 E2685.76378
G1 X228.925 Y231.075 E2685.89496
G1 X229.03 Y231.075
G1 F2400 E2679.89496
G0 F15000 X200.89 Y230.89
G0 X200.63 Y230.63
M204 S1250
;TYPE:WALL-INNER
G1 F2400 E2685.89496
G1 F7770.3 X200.63 Y239.174 E2686.04415
G1 X229.37 Y239.174 E2686.54599
G1 X229.37 Y230.63 E2686.69519
G1 X200.63 Y230.63 E2687.19703
M204 S2500
G0 F15000 X200.21 Y230.21
M204 S1250
;TYPE:WALL-OUTER
G1 F7500 X200.21 Y239.594 E2687.36089
G1 X229.79 Y239.594 E2687.8774
G1 X229.79 Y230.21 E2688.04126
G1 X200.21 Y230.21 E2688.55778
M204 S2500
G0 F15000 X200.21 Y230.41
G0 X201.24 Y231.116
G1 F2400 E2682.55778
;MESH:NONMESH
G0 F600 X201.24 Y231.116 Z17.2
G0 F15000 X226.743 Y230.44
G0 X226.743 Y229.335
G0 X226.743 Y200.665
G0 X226.743 Y199.56
G0 X226.743 Y191.291
;TIME_ELAPSED:2213.595922
;LAYER:169
;note -- min layer time used
;TYPE:FILL
;MESH:table_soft_spacer_30x30-Body.stl
G1 F2400 E2688.55778
G1 F8028 X228.127 Y192.676 E2688.59604
G1 X228.925 Y192.676 E2688.61163
G1 X228.925 Y193.008 E2688.61812
G1 X228.128 Y193.008 E2688.63369
G1 X222.21 Y198.925 E2688.79722
G1 X225.514 Y198.925 E2688.86178
G1 X217.88 Y191.291 E2689.07274
G1 X212.119 Y191.291 E2689.18531
G1 X204.485 Y198.925 E2689.39627
G1 X207.788 Y198.925 E2689.46081
G1 X201.871 Y193.008 E2689.62432
G1 X201.075 Y193.008 E2689.63987
G1 X201.075 Y192.676 E2689.64636
G1 X201.871 Y192.676 E2689.66192
G1 X203.256 Y191.291 E2689.70019
G1 X209.017 Y191.291 E2689.81276
G1 X216.651 Y198.925 E2690.02372
G1 X213.348 Y198.925 E2690.08826
G1 X220.981 Y191.291 E2690.29921
G1 X228.925 Y191.291 E2690.45444
G1 X229.03 Y191.291
G1 F2400 E2684.45444
G0 F15000 X200.89 Y199.11
G0 X200.63 Y199.37
M204 S1250
;TYPE:WALL-INNER
G1 F2400 E2690.45444
G1 F7764 X229.37 Y199.37 E2690.95628
G1 X229.37 Y190.846 E2691.10512
G1 X200.63 Y190.846 E2691.60697
G1 X200.63 Y199.37 E2691.75581
M204 S2500
G0 F15000 X200.21 Y199.79
M204 S1250
;TYPE:WALL-OUTER
G1 F7500 X229.79 Y199.79 E2692.27233
G1 X229.79 Y190.426 E2692.43584
G1 X200.21 Y190.426 E2692.95235
G1 X200.21 Y199.79 E2693.11586
M204 S2500
G0 F15000 X200.41 Y199.79
G0 X201.116 Y198.76
G1 F2400 E2687.11586
G0 F15000 X225.513 Y199.56
G0 X225.513 Y200.665
G0 X225.513 Y229.335
G0 X225.513 Y230.44
G0 X225.513 Y231.075
;TYPE:FILL
G1 F2400 E2693.11586
G1 F8028 X217.882 Y238.705 E2693.32672
G1 X212.116 Y238.704 E2693.43939
G1 X204.486 Y231.075 E2693.65023
G1 X207.787 Y231.075 E2693.71473
G1 X201.871 Y236.991 E2693.87821
G1 X201.075 Y236.991 E2693.89377
G1 X201.075 Y237.323 E2693.90025
G1 X201.871 Y237.323 E2693.91581
G1 X203.253 Y238.704 E2693.95399
G1 X209.019 Y238.705 E2694.06666
G1 X216.65 Y231.075 E2694.27752
G1 X213.349 Y231.075 E2694.34202
G1 X220.979 Y238.704 E2694.55286
G1 X226.745 Y238.705 E2694.66553
G1 X228.128 Y237.322 E2694.70374
G1 X228.925 Y237.322 E2694.71932
G1 X228.924 Y236.99 E2694.7258
G1 X228.127 Y236.99 E2694.74138
G1 X222.212 Y231.075 E2694.90483
G1 X228.925 Y231.075 E2695.03601
G1 X229.03 Y231.075
G1 F2400 E2689.03601
G0 F15000 X200.89 Y230.89
G0 X200.63 Y230.63
M204 S1250
;TYPE:WALL-INNER
G1 F2400 E2695.03601
G1 F7764 X200.63 Y239.15 E2695.18478
G1 X229.37 Y239.15 E2695.68663
G1 X229.37 Y230.63 E2695.8354
G1 X200.63 Y230.63 E2696.33724
M204 S2500
G0 F15000 X200.21 Y230.21
M204 S1250
;TYPE:WALL-OUTER
G1 F7500 X200.21 Y239.57 E2696.50069
G1 X229.79 Y239.57 E2697.0172
G1 X229.79 Y230.21 E2697.18064
G1 X200.21 Y230.21 E2697.69715
M204 S2500
G0 F15000 X200.21 Y230.41
G0 X201.24 Y231.116
G1 F2400 E2691.69715
;MESH:NONMESH
G0 F600 X201.24 Y231.116 Z17.3
G0 F15000 X226.763 Y230.44
G0 X226.763 Y229.335
G0 X226.763 Y200.665
G0 X226.763 Y199.56
G0 X226.763 Y191.312
;TIME_ELAPSED:2223.268546
;LAYER:170
;note -- min layer time used
;TYPE:FILL
;MESH:table_soft_spacer_30x30-Body.stl
G1 F2400 E2697.69715
G1 F8017.1 X228.127 Y192.676 E2697.73484
G1 X228.925 Y192.676 E2697.75044
G1 X228.925 Y193.008 E2697.75693
G1 X228.128 Y193.008 E2697.7725
G1 X222.21 Y198.925 E2697.93602
G1 X225.514 Y198.925 E2698.00059
G1 X217.902 Y191.313 E2698.21094
G1 X212.097 Y191.313 E2698.32437
G1 X204.485 Y198.925 E2698.53472
G1 X207.788 Y198.925 E2698.59926
G1 X201.871 Y193.008 E2698.76277
G1 X201.075 Y193.008 E2698.77833
G1 X201.075 Y192.676 E2698.78482
G1 X201.871 Y192.676 E2698.80037
G1 X203.232 Y191.315 E2698.83798
G1 X209.041 Y191.315 E2698.95149
G1 X216.651 Y198.925 E2699.16179
G1 X213.348 Y198.925 E2699.22633
G1 X220.961 Y191.312 E2699.43671
G1 X228.925 Y191.311 E2699.59233
G1 X229.03 Y191.311
G1 F2400 E2693.59233
G0 F15000 X200.89 Y199.11
G0 X200.63 Y199.37
M204 S1250
;TYPE:WALL-INNER
G1 F2400 E2699.59233
G1 F7758.5 X229.37 Y199.37 E2700.09417
G1 X229.37 Y190.866 E2700.24266
G1 X200.63 Y190.87 E2700.74451
G1 X200.63 Y199.37 E2700.89293
M204 S2500
G0 F15000 X200.21 Y199.79
M204 S1250
;TYPE:WALL-OUTER
G1 F7500 X229.79 Y199.79 E2701.40945
G1 X229.79 Y190.446 E2701.57261
G1 X200.21 Y190.45 E2702.08912
G1 X200.21 Y199.79 E2702.25221
M204 S2500
G0 F15000 X200.41 Y199.79
G0 X201.116 Y198.76
G1 F2400 E2696.25221
G0 F15000 X225.513 Y199.56
G0 X225.513 Y200.665
G0 X225.513 Y229.335
G0 X225.513 Y230.44
G0 X225.513 Y231.075
;TYPE:FILL
G1 F2400 E2702.25221
G1 F8017.1 X217.903 Y238.685 E2702.46251
G1 X212.096 Y238.685 E2702.57598
G1 X204.486 Y231.075 E2702.78627
G1 X207.787 Y231.075 E2702.85078
G1 X201.871 Y236.991 E2703.01426
G1 X201.075 Y236.991 E2703.02982
G1 X201.075 Y237.323 E2703.0363
G1 X201.871 Y237.323 E2703.05186
G1 X203.233 Y238.685 E2703.08949
G1 X209.04 Y238.685 E2703.20297
G1 X216.65 Y231.075 E2703.41326
G1 X213.349 Y231.075 E2703.47776
G1 X220.959 Y238.685 E2703.68806
G1 X226.766 Y238.685 E2703.80153
G1 X228.127 Y237.323 E2703.83916
G1 X228.925 Y237.323 E2703.85475
G1 X228.925 Y236.991 E2703.86124
G1 X228.128 Y236.991 E2703.87681
G1 X222.212 Y231.075 E2704.04029
G1 X228.925 Y231.075 E2704.17147
G1 X229.03 Y231.075
G1 F2400 E2698.17147
G0 F15000 X200.89 Y230.89
G0 X200.63 Y230.63
M204 S1250
;TYPE:WALL-INNER
G1 F2400 E2704.17147
G1 F7758.5 X200.63 Y239.13 E2704.31989
G1 X229.37 Y239.13 E2704.82174
G1 X229.37 Y230.63 E2704.97016
G1 X200.63 Y230.63 E2705.47201
M204 S2500
G0 F15000 X200.21 Y230.21
M204 S1250
;TYPE:WALL-OUTER
G1 F7500 X200.21 Y239.55 E2705.6351
G1 X229.79 Y239.55 E2706.15161
G1 X229.79 Y230.21 E2706.3147
G1 X200.21 Y230.21 E2706.83121
M204 S2500
G0 F15000 X200.21 Y230.41
G0 X201.24 Y231.116
G1 F2400 E2700.83121
;MESH:NONMESH
G0 F600 X201.24 Y231.116 Z17.4
G0 F15000 X226.787 Y230.44
G0 X226.787 Y229.335
G0 X226.787 Y200.665
G0 X226.787 Y199.56
G0 X226.787 Y191.335
;TIME_ELAPSED:2232.938740
;LAYER:171
;note -- min layer time used
;TYPE:FILL
;MESH:table_soft_spacer_30x30-Body.stl
G1 F2400 E2706.83121
G1 F8005 X228.127 Y192.676 E2706.86826
G1 X228.925 Y192.676 E2706.88385
G1 X228.925 Y193.008 E2706.89034
G1 X228.128 Y193.008 E2706.90591
G1 X222.21 Y198.925 E2707.06944
G1 X225.514 Y198.925 E2707.134
G1 X217.924 Y191.335 E2707.34374
G1 X212.075 Y191.335 E2707.45803
G1 X204.485 Y198.925 E2707.66778
G1 X207.788 Y198.925 E2707.73232
G1 X201.871 Y193.008 E2707.89583
G1 X201.075 Y193.008 E2707.91138
G1 X201.075 Y192.676 E2707.91787
G1 X201.871 Y192.676 E2707.93343
G1 X203.212 Y191.335 E2707.97048
G1 X209.061 Y191.335 E2708.08477
G1 X216.651 Y198.925 E2708.29452
G1 X213.348 Y198.925 E2708.35906
G1 X220.938 Y191.335 E2708.5688
G1 X228.925 Y191.335 E2708.72487
G1 X229.03 Y191.335
G1 F2400 E2702.72487
G0 F15000 X200.89 Y199.11
G0 X200.63 Y199.37
M204 S1250
;TYPE:WALL-INNER
G1 F2400 E2708.72487
G1 F7752.5 X229.37 Y199.37 E2709.22672
G1 X229.37 Y190.89 E2709.37479
G1 X200.63 Y190.89 E2709.87664
G1 X200.63 Y199.37 E2710.02471
M204 S2500
G0 F15000 X200.21 Y199.79
M204 S1250
;TYPE:WALL-OUTER
G1 F7500 X229.79 Y199.79 E2710.54122
G1 X229.79 Y190.47 E2710.70397
G1 X200.21 Y190.47 E2711.22048
G1 X200.21 Y199.79 E2711.38322
M204 S2500
G0 F15000 X200.41 Y199.79
G0 X201.116 Y198.76
G1 F2400 E2705.38322
G0 F15000 X225.513 Y199.56
G0 X225.513 Y200.665
G0 X225.513 Y229.335
G0 X225.513 Y230.44
G0 X225.513 Y231.075
;TYPE:FILL
G1 F2400 E2711.38322
G1 F8005 X217.927 Y238.661 E2711.59285
G1 X212.072 Y238.661 E2711.70726
G1 X204.486 Y231.075 E2711.9169
G1 X207.787 Y231.075 E2711.9814
G1 X201.871 Y236.991 E2712.14488
G1 X201.075 Y236.991 E2712.16044
G1 X201.075 Y237.323 E2712.16692
G1 X201.871 Y237.323 E2712.18248
G1 X203.209 Y238.661 E2712.21945
G1 X209.064 Y238.661 E2712.33386
G1 X216.65 Y231.075 E2712.54349
G1 X213.349 Y231.075 E2712.608
G1 X220.935 Y238.661 E2712.81763
G1 X226.79 Y238.661 E2712.93204
G1 X228.127 Y237.323 E2712.969
G1 X228.925 Y237.323 E2712.98459
G1 X228.925 Y236.991 E2712.99108
G1 X228.128 Y236.991 E2713.00665
G1 X222.212 Y231.075 E2713.17014
G1 X228.925 Y231.075 E2713.30131
G1 X229.03 Y231.075
G1 F2400 E2707.30131
G0 F15000 X200.89 Y230.89
G0 X200.63 Y230.63
M204 S1250
;TYPE:WALL-INNER
G1 F2400 E2713.30131
G1 F7752.5 X200.63 Y239.106 E2713.44932
G1 X229.37 Y239.106 E2713.95116
G1 X229.37 Y230.63 E2714.09917
G1 X200.63 Y230.63 E2714.60101
M204 S2500
G0 F15000 X200.21 Y230.21
M204 S1250
;TYPE:WALL-OUTER
G1 F7500 X200.21 Y239.526 E2714.76368
G1 X229.79 Y239.526 E2715.2802
G1 X229.79 Y230.21 E2715.44287
G1 X200.21 Y230.21 E2715.95938
M204 S2500
G0 F15000 X200.21 Y230.41
G0 X201.24 Y231.116
G1 F2400 E2709.95938
;MESH:NONMESH
G0 F600 X201.24 Y231.116 Z17.5
G0 F15000 X226.811 Y230.44
G0 X226.811 Y229.335
G0 X226.811 Y200.665
G0 X226.811 Y199.56
G0 X226.811 Y191.359
;TIME_ELAPSED:2242.606213
;LAYER:172
;note -- min layer time used
;TYPE:FILL
;MESH:table_soft_spacer_30x30-Body.stl
G1 F2400 E2715.95938
G1 F7992.4 X228.127 Y192.676 E2715.99576
G1 X228.925 Y192.676 E2716.01136
G1 X228.925 Y193.008 E2716.01784
G1 X228.128 Y193.008 E2716.03342
G1 X222.21 Y198.925 E2716.19694
G1 X225.514 Y198.925 E2716.2615
G1 X217.948 Y191.359 E2716.47058
G1 X212.051 Y191.359 E2716.58581
G1 X204.485 Y198.925 E2716.79489
G1 X207.788 Y198.925 E2716.85944
G1 X201.871 Y193.008 E2717.02295
G1 X201.075 Y193.008 E2717.0385
G1 X201.075 Y192.676 E2717.04499
G1 X201.871 Y192.676 E2717.06054
G1 X203.188 Y191.359 E2717.09694
G1 X209.085 Y191.359 E2717.21217
G1 X216.651 Y198.925 E2717.42125
G1 X213.348 Y198.925 E2717.48579
G1 X220.914 Y191.359 E2717.69487
G1 X228.925 Y191.359 E2717.85141
G1 X229.03 Y191.359
G1 F2400 E2711.85141
G0 F15000 X200.89 Y199.11
G0 X200.63 Y199.37
M204 S1250
;TYPE:WALL-INNER
G1 F2400 E2717.85141
G1 F7746.2 X229.37 Y199.37 E2718.35325
G1 X229.37 Y190.914 E2718.50091
G1 X200.63 Y190.914 E2719.00275
G1 X200.63 Y199.37 E2719.15041
M204 S2500
G0 F15000 X200.21 Y199.79
M204 S1250
;TYPE:WALL-OUTER
G1 F7500 X229.79 Y199.79 E2719.66692
G1 X229.79 Y190.494 E2719.82924
G1 X200.21 Y190.494 E2720.34576
G1 X200.21 Y199.79 E2720.50808
M204 S2500
G0 F15000 X200.41 Y199.79
G0 X201.116 Y198.76
G1 F2400 E2714.50808
G0 F15000 X225.513 Y199.56
G0 X225.513 Y200.665
G0 X225.513 Y229.335
G0 X225.513 Y230.44
G0 X225.513 Y231.075
;TYPE:FILL
G1 F2400 E2720.50808
G1 F7992.4 X217.951 Y238.637 E2720.71705
G1 X212.048 Y238.637 E2720.8324
G1 X204.486 Y231.075 E2721.04137
G1 X207.787 Y231.075 E2721.10587
G1 X201.871 Y236.991 E2721.26935
G1 X201.075 Y236.991 E2721.28491
G1 X201.075 Y237.323 E2721.29139
G1 X201.871 Y237.323 E2721.30695
G1 X203.185 Y238.637 E2721.34326
G1 X209.088 Y238.637 E2721.45861
G1 X216.65 Y231.075 E2721.66758
G1 X213.349 Y231.075 E2721.73208
G1 X220.911 Y238.637 E2721.94105
G1 X226.814 Y238.637 E2722.05639
G1 X228.127 Y237.323 E2722.09269
G1 X228.925 Y237.323 E2722.10829
G1 X228.925 Y236.991 E2722.11477
G1 X228.128 Y236.991 E2722.13035
G1 X222.212 Y231.075 E2722.29383
G1 X228.925 Y231.075 E2722.425
G1 X229.03 Y231.075
G1 F2400 E2716.425
G0 F15000 X200.89 Y230.89
G0 X200.63 Y230.63
M204 S1250
;TYPE:WALL-INNER
G1 F2400 E2722.425
G1 F7746.2 X200.63 Y239.082 E2722.57259
G1 X229.37 Y239.082 E2723.07444
G1 X229.37 Y230.63 E2723.22202
G1 X200.63 Y230.63 E2723.72387
M204 S2500
G0 F15000 X200.21 Y230.21
M204 S1250
;TYPE:WALL-OUTER
G1 F7500 X200.21 Y239.502 E2723.88612
G1 X229.79 Y239.502 E2724.40263
G1 X229.79 Y230.21 E2724.56488
G1 X200.21 Y230.21 E2725.0814
M204 S2500
G0 F15000 X200.21 Y230.41
G0 X201.24 Y231.116
G1 F2400 E2719.0814
;MESH:NONMESH
G0 F600 X201.24 Y231.116 Z17.6
G0 F15000 X226.835 Y230.44
G0 X226.835 Y229.335
G0 X226.835 Y200.665
G0 X226.835 Y199.56
G0 X226.835 Y191.383
;TIME_ELAPSED:2252.270814
;LAYER:173
;note -- min layer time used
;TYPE:FILL
;MESH:table_soft_spacer_30x30-Body.stl
G1 F2400 E2725.0814
G1 F7979.6 X228.127 Y192.676 E2725.11712
G1 X228.925 Y192.676 E2725.13271
G1 X228.925 Y193.008 E2725.1392
G1 X228.128 Y193.008 E2725.15477
G1 X222.21 Y198.925 E2725.31829
G1 X225.514 Y198.925 E2725.38286
G1 X217.972 Y191.383 E2725.59127
G1 X212.027 Y191.383 E2725.70744
G1 X204.485 Y198.925 E2725.91586
G1 X207.788 Y198.925 E2725.9804
G1 X201.871 Y193.008 E2726.14391
G1 X201.075 Y193.008 E2726.15947
G1 X201.075 Y192.676 E2726.16595
G1 X201.871 Y192.676 E2726.18151
G1 X203.164 Y191.383 E2726.21724
G1 X209.109 Y191.383 E2726.3334
G1 X216.651 Y198.925 E2726.54182
G1 X213.348 Y198.925 E2726.60636
G1 X220.89 Y191.383 E2726.81478
G1 X228.925 Y191.383 E2726.97179
G1 X229.03 Y191.383
G1 F2400 E2720.97179
G0 F15000 X200.89 Y199.11
G0 X200.63 Y199.37
M204 S1250
;TYPE:WALL-INNER
G1 F2400 E2726.97179
G1 F7739.8 X229.37 Y199.37 E2727.47363
G1 X229.37 Y190.938 E2727.62087
G1 X200.63 Y190.938 E2728.12271
G1 X200.63 Y199.37 E2728.26995
M204 S2500
G0 F15000 X200.21 Y199.79
M204 S1250
;TYPE:WALL-OUTER
G1 F7500 X229.79 Y199.79 E2728.78646
G1 X229.79 Y190.518 E2728.94837
G1 X200.21 Y190.518 E2729.46488
G1 X200.21 Y199.79 E2729.62678
M204 S2500
G0 F15000 X200.41 Y199.79
G0 X201.116 Y198.76
G1 F2400 E2723.62678
G0 F15000 X225.513 Y199.56
G0 X225.513 Y200.665
G0 X225.513 Y229.335
G0 X225.513 Y230.44
G0 X225.513 Y231.075
;TYPE:FILL
G1 F2400 E2729.62678
G1 F7979.6 X217.975 Y238.612 E2729.83508
G1 X212.024 Y238.612 E2729.95136
G1 X204.486 Y231.075 E2730.15965
G1 X207.787 Y231.075 E2730.22416
G1 X201.871 Y236.991 E2730.38764
G1 X201.075 Y236.991 E2730.4032
G1 X201.075 Y237.323 E2730.40968
G1 X201.871 Y237.323 E2730.42524
G1 X203.161 Y238.612 E2730.46087
G1 X209.112 Y238.612 E2730.57716
G1 X216.65 Y231.075 E2730.78545
G1 X213.349 Y231.075 E2730.84995
G1 X220.887 Y238.612 E2731.05824
G1 X226.838 Y238.612 E2731.17453
G1 X228.127 Y237.323 E2731.21015
G1 X228.925 Y237.323 E2731.22574
G1 X228.925 Y236.991 E2731.23223
G1 X228.128 Y236.991 E2731.2478
G1 X222.212 Y231.075 E2731.41129
G1 X228.925 Y231.075 E2731.54246
G1 X229.03 Y231.075
G1 F2400 E2725.54246
G0 F15000 X200.89 Y230.89
G0 X200.63 Y230.63
M204 S1250
;TYPE:WALL-INNER
G1 F2400 E2731.54246
G1 F7739.8 X200.63 Y239.058 E2731.68963
G1 X229.37 Y239.058 E2732.19147
G1 X229.37 Y230.63 E2732.33864
G1 X200.63 Y230.63 E2732.84048
M204 S2500
G0 F15000 X200.21 Y230.21
M204 S1250
;TYPE:WALL-OUTER
G1 F7500 X200.21 Y239.478 E2733.00232
G1 X229.79 Y239.478 E2733.51883
G1 X229.79 Y230.21 E2733.68067
G1 X200.21 Y230.21 E2734.19718
M204 S2500
G0 F15000 X200.21 Y230.41
G0 X201.24 Y231.116
G1 F2400 E2728.19718
;MESH:NONMESH
G0 F600 X201.24 Y231.116 Z17.7
G0 F15000 X226.863 Y230.44
G0 X226.863 Y229.335
G0 X226.863 Y200.665
G0 X226.863 Y199.56
G0 X226.863 Y191.412
;TIME_ELAPSED:2261.932462
;LAYER:174
;note -- min layer time used
;TYPE:FILL
;MESH:table_soft_spacer_30x30-Body.stl
G1 F2400 E2734.19718
G1 F7965.4 X228.127 Y192.676 E2734.23211
G1 X228.924 Y192.676 E2734.24768
G1 X228.925 Y193.008 E2734.25417
G1 X228.127 Y193.008 E2734.26976
G1 X222.21 Y198.925 E2734.43327
G1 X225.514 Y198.925 E2734.49784
G1 X218 Y191.412 E2734.70546
G1 X211.999 Y191.411 E2734.82273
G1 X204.485 Y198.925 E2735.03037
G1 X207.788 Y198.925 E2735.09491
G1 X201.871 Y193.008 E2735.25842
G1 X201.075 Y193.008 E2735.27398
G1 X201.075 Y192.676 E2735.28046
G1 X201.871 Y192.676 E2735.29602
G1 X203.136 Y191.411 E2735.33098
G1 X209.137 Y191.412 E2735.44824
G1 X216.651 Y198.925 E2735.65587
G1 X213.348 Y198.925 E2735.72041
G1 X220.862 Y191.411 E2735.92805
G1 X228.925 Y191.411 E2736.08561
G1 X229.03 Y191.411
G1 F2400 E2730.08561
G0 F15000 X200.89 Y199.11
G0 X200.63 Y199.37
M204 S1250
;TYPE:WALL-INNER
G1 F2400 E2736.08561
G1 F7732.7 X229.37 Y199.37 E2736.58745
G1 X229.37 Y190.966 E2736.7342
G1 X200.63 Y190.966 E2737.23604
G1 X200.63 Y199.37 E2737.38279
M204 S2500
G0 F15000 X200.21 Y199.79
M204 S1250
;TYPE:WALL-OUTER
G1 F7500 X229.79 Y199.79 E2737.8993
G1 X229.79 Y190.546 E2738.06072
G1 X200.21 Y190.546 E2738.57723
G1 X200.21 Y199.79 E2738.73865
M204 S2500
G0 F15000 X200.41 Y199.79
G0 X201.116 Y198.76
G1 F2400 E2732.73865
G0 F15000 X225.513 Y199.56
G0 X225.513 Y200.665
G0 X225.513 Y229.335
G0 X225.513 Y230.44
G0 X225.513 Y231.075
;TYPE:FILL
G1 F2400 E2738.73865
G1 F7965.4 X218 Y238.588 E2738.94626
G1 X211.998 Y238.586 E2739.06354
G1 X204.486 Y231.075 E2739.27112
G1 X207.787 Y231.075 E2739.33562
G1 X201.871 Y236.991 E2739.4991
G1 X201.075 Y236.991 E2739.51466
G1 X201.075 Y237.323 E2739.52115
G1 X201.871 Y237.323 E2739.5367
G1 X203.134 Y238.586 E2739.5716
G1 X209.137 Y238.587 E2739.6889
G1 X216.65 Y231.075 E2739.8965
G1 X213.349 Y231.075 E2739.96101
G1 X220.861 Y238.587 E2740.1686
G1 X226.862 Y238.588 E2740.28586
G1 X228.127 Y237.323 E2740.32081
G1 X228.925 Y237.323 E2740.33641
G1 X228.925 Y236.991 E2740.34289
G1 X228.128 Y236.991 E2740.35847
G1 X222.212 Y231.075 E2740.52195
G1 X228.925 Y231.075 E2740.65313
G1 X229.03 Y231.075
G1 F2400 E2734.65313
G0 F15000 X200.89 Y230.89
G0 X200.63 Y230.63
M204 S1250
;TYPE:WALL-INNER
G1 F2400 E2740.65313
G1 F7732.7 X200.63 Y239.03 E2740.7998
G1 X229.37 Y239.034 E2741.30165
G1 X229.37 Y230.63 E2741.4484
G1 X200.63 Y230.63 E2741.95024
M204 S2500
G0 F15000 X200.21 Y230.21
M204 S1250
;TYPE:WALL-OUTER
G1 F7500 X200.21 Y239.45 E2742.11159
G1 X229.79 Y239.454 E2742.6281
G1 X229.79 Y230.21 E2742.78951
G1 X200.21 Y230.21 E2743.30603
M204 S2500
G0 F15000 X200.21 Y230.41
G0 X201.24 Y231.116
G1 F2400 E2737.30603
;MESH:NONMESH
G0 F600 X201.24 Y231.116 Z17.8
G0 F15000 X226.89 Y230.44
G0 X226.89 Y229.335
G0 X226.89 Y200.665
G0 X226.89 Y199.56
G0 X226.89 Y191.439
;TIME_ELAPSED:2271.590823
;LAYER:175
;note -- min layer time used
;TYPE:FILL
;MESH:table_soft_spacer_30x30-Body.stl
G1 F2400 E2743.30603
G1 F7950.8 X228.127 Y192.676 E2743.34021
G1 X228.925 Y192.676 E2743.3558
G1 X228.925 Y193.008 E2743.36229
G1 X228.128 Y193.008 E2743.37787
G1 X222.21 Y198.925 E2743.54139
G1 X225.514 Y198.925 E2743.60595
G1 X218.027 Y191.439 E2743.81284
G1 X211.972 Y191.439 E2743.93115
G1 X204.485 Y198.925 E2744.13804
G1 X207.788 Y198.925 E2744.20258
G1 X201.871 Y193.008 E2744.36609
G1 X201.075 Y193.008 E2744.38164
G1 X201.075 Y192.676 E2744.38813
G1 X201.871 Y192.676 E2744.40368
G1 X203.109 Y191.439 E2744.43788
G1 X209.164 Y191.439 E2744.5562
G1 X216.651 Y198.925 E2744.76308
G1 X213.348 Y198.925 E2744.82762
G1 X220.834 Y191.439 E2745.03449
G1 X228.925 Y191.439 E2745.19259
G1 X229.03 Y191.439
G1 F2400 E2739.19259
G0 F15000 X200.89 Y199.11
G0 X200.63 Y199.37
M204 S1250
;TYPE:WALL-INNER
G1 F2400 E2745.19259
G1 F7725.4 X229.37 Y199.37 E2745.69444
G1 X229.37 Y190.994 E2745.8407
G1 X200.63 Y190.994 E2746.34254
G1 X200.63 Y199.37 E2746.4888
M204 S2500
G0 F15000 X200.21 Y199.79
M204 S1250
;TYPE:WALL-OUTER
G1 F7500 X229.79 Y199.79 E2747.00531
G1 X229.79 Y190.574 E2747.16624
G1 X200.21 Y190.574 E2747.68275
G1 X200.21 Y199.79 E2747.84368
M204 S2500
G0 F15000 X200.41 Y199.79
G0 X201.116 Y198.76
G1 F2400 E2741.84368
G0 F15000 X225.513 Y199.56
G0 X225.513 Y200.665
G0 X225.513 Y229.335
G0 X225.513 Y230.44
G0 X225.513 Y231.075
;TYPE:FILL
G1 F2400 E2747.84368
G1 F7950.8 X218.027 Y238.56 E2748.05054
G1 X211.97 Y238.559 E2748.16889
G1 X204.486 Y231.075 E2748.37571
G1 X207.787 Y231.075 E2748.44021
G1 X201.871 Y236.991 E2748.60369
G1 X201.075 Y236.991 E2748.61925
G1 X201.075 Y237.323 E2748.62573
G1 X201.871 Y237.323 E2748.64129
G1 X203.106 Y238.557 E2748.6754
G1 X209.166 Y238.559 E2748.79382
G1 X216.65 Y231.075 E2749.00063
G1 X213.349 Y231.075 E2749.06513
G1 X220.834 Y238.56 E2749.27198
G1 X226.889 Y238.562 E2749.39029
G1 X228.127 Y237.323 E2749.42452
G1 X228.925 Y237.323 E2749.44011
G1 X228.925 Y236.991 E2749.4466
G1 X228.128 Y236.991 E2749.46217
G1 X222.212 Y231.075 E2749.62566
G1 X228.925 Y231.075 E2749.75683
G1 X229.03 Y231.075
G1 F2400 E2743.75683
G0 F15000 X200.89 Y230.89
G0 X200.63 Y230.63
M204 S1250
;TYPE:WALL-INNER
G1 F2400 E2749.75683
G1 F7725.4 X200.63 Y239.002 E2749.90302
G1 X229.37 Y239.006 E2750.40486
G1 X229.37 Y230.63 E2750.55112
G1 X200.63 Y230.63 E2751.05297
M204 S2500
G0 F15000 X200.21 Y230.21
M204 S1250
;TYPE:WALL-OUTER
G1 F7500 X200.21 Y239.422 E2751.21382
G1 X229.79 Y239.426 E2751.73034
G1 X229.79 Y230.21 E2751.89126
G1 X200.21 Y230.21 E2752.40778
M204 S2500
G0 F15000 X200.21 Y230.41
G0 X201.24 Y231.116
G1 F2400 E2746.40778
;MESH:NONMESH
G0 F600 X201.24 Y231.116 Z17.9
G0 F15000 X226.918 Y230.44
G0 X226.918 Y229.335
G0 X226.918 Y200.665
G0 X226.918 Y199.56
G0 X226.918 Y191.467
;TIME_ELAPSED:2281.245761
;LAYER:176
;note -- min layer time used
;TYPE:FILL
;MESH:table_soft_spacer_30x30-Body.stl
G1 F2400 E2752.40778
G1 F7936 X228.127 Y192.676 E2752.44119
G1 X228.925 Y192.676 E2752.45678
G1 X228.925 Y193.008 E2752.46327
G1 X228.128 Y193.008 E2752.47884
G1 X222.21 Y198.925 E2752.64236
G1 X225.514 Y198.925 E2752.70693
G1 X218.055 Y191.467 E2752.91304
G1 X211.943 Y191.467 E2753.03247
G1 X204.485 Y198.925 E2753.23856
G1 X207.788 Y198.925 E2753.3031
G1 X201.871 Y193.008 E2753.46662
G1 X201.075 Y193.008 E2753.48217
G1 X201.075 Y192.676 E2753.48866
G1 X201.871 Y192.676 E2753.50421
G1 X203.08 Y191.467 E2753.53762
G1 X209.193 Y191.467 E2753.65707
G1 X216.651 Y198.925 E2753.86317
G1 X213.348 Y198.925 E2753.92771
G1 X220.806 Y191.467 E2754.1338
G1 X228.925 Y191.467 E2754.29245
G1 X229.03 Y191.467
G1 F2400 E2748.29245
G0 F15000 X200.89 Y199.11
G0 X200.63 Y199.37
M204 S1250
;TYPE:WALL-INNER
G1 F2400 E2754.29245
G1 F7718 X229.37 Y199.37 E2754.7943
G1 X229.37 Y191.022 E2754.94007
G1 X200.63 Y191.022 E2755.44191
G1 X200.63 Y199.37 E2755.58768
M204 S2500
G0 F15000 X200.21 Y199.79
M204 S1250
;TYPE:WALL-OUTER
G1 F7500 X229.79 Y199.79 E2756.10419
G1 X229.79 Y190.602 E2756.26463
G1 X200.21 Y190.602 E2756.78114
G1 X200.21 Y199.79 E2756.94158
M204 S2500
G0 F15000 X200.41 Y199.79
G0 X201.116 Y198.76
G1 F2400 E2750.94158
G0 F15000 X225.513 Y199.56
G0 X225.513 Y200.665
G0 X225.513 Y229.335
G0 X225.513 Y230.44
G0 X225.513 Y231.075
;TYPE:FILL
G1 F2400 E2756.94158
G1 F7936 X218.055 Y238.532 E2757.14766
G1 X211.942 Y238.53 E2757.26711
G1 X204.486 Y231.075 E2757.47314
G1 X207.787 Y231.075 E2757.53764
G1 X201.871 Y236.991 E2757.70113
G1 X201.075 Y236.991 E2757.71668
G1 X201.075 Y237.323 E2757.72317
G1 X201.871 Y237.323 E2757.73872
G1 X203.078 Y238.529 E2757.77206
G1 X209.194 Y238.53 E2757.89157
G1 X216.65 Y231.075 E2758.0976
G1 X213.349 Y231.075 E2758.1621
G1 X220.806 Y238.532 E2758.36817
G1 X226.917 Y238.533 E2758.48758
G1 X228.127 Y237.323 E2758.52102
G1 X228.925 Y237.323 E2758.53661
G1 X228.925 Y236.991 E2758.5431
G1 X228.128 Y236.991 E2758.55867
G1 X222.212 Y231.075 E2758.72216
G1 X228.925 Y231.075 E2758.85333
G1 X229.03 Y231.075
G1 F2400 E2752.85333
G0 F15000 X200.89 Y230.89
G0 X200.63 Y230.63
M204 S1250
;TYPE:WALL-INNER
G1 F2400 E2758.85333
G1 F7718 X200.63 Y238.974 E2758.99903
G1 X229.37 Y238.978 E2759.50088
G1 X229.37 Y230.63 E2759.64664
G1 X200.63 Y230.63 E2760.14849
M204 S2500
G0 F15000 X200.21 Y230.21
M204 S1250
;TYPE:WALL-OUTER
G1 F7500 X200.21 Y239.394 E2760.30886
G1 X229.79 Y239.398 E2760.82537
G1 X229.79 Y230.21 E2760.98581
G1 X200.21 Y230.21 E2761.50232
M204 S2500
G0 F15000 X200.21 Y230.41
G0 X201.24 Y231.116
G1 F2400 E2755.50232
;MESH:NONMESH
G0 F600 X201.24 Y231.116 Z18
G0 F15000 X201.075 Y230.44
G0 X201.075 Y229.335
G0 X201.075 Y200.665
G0 X201.075 Y199.56
G0 X201.075 Y191.491
;TIME_ELAPSED:2290.711417
;LAYER:177
;note -- min layer time used
;TYPE:FILL
;MESH:table_soft_spacer_30x30-Body.stl
G1 F2400 E2761.50232
G1 F7184.3 X201.075 Y193.472 E2761.54103
G1 X203.056 Y191.491 E2761.59577
G1 X209.218 Y191.492 E2761.71618
G1 X216.651 Y198.925 E2761.92159
G1 X213.348 Y198.925 E2761.98613
G1 X220.779 Y191.494 E2762.19148
G1 X226.947 Y191.495 E2762.312
G1 X228.127 Y192.676 E2762.34462
G1 X228.925 Y192.676 E2762.36022
G1 X228.925 Y193.008 E2762.3667
G1 X228.128 Y193.008 E2762.38228
G1 X222.21 Y198.925 E2762.5458
G1 X225.514 Y198.925 E2762.61037
G1 X218.082 Y191.494 E2762.81573
G1 X211.918 Y191.492 E2762.93618
G1 X204.485 Y198.925 E2763.14158
G1 X207.788 Y198.925 E2763.20612
G1 X201.075 Y192.212 E2763.39163
G1 X201.001 Y192.138
G0 F15000 X200.89 Y199.11
G0 X200.63 Y199.37
M204 S1250
;TYPE:WALL-INNER
G1 F7184.3 X229.37 Y199.37 E2763.89348
G1 X229.37 Y191.05 E2764.03876
G1 X200.63 Y191.046 E2764.5406
G1 X200.63 Y199.37 E2764.68595
M204 S2500
G0 F15000 X200.21 Y199.79
M204 S1250
;TYPE:WALL-OUTER
G1 F7184.3 X229.79 Y199.79 E2765.20247
G1 X229.79 Y190.63 E2765.36241
G1 X200.21 Y190.626 E2765.87893
G1 X200.21 Y199.79 E2766.03894
M204 S2500
G0 F15000 X200.41 Y199.79
G0 X201.116 Y198.76
G1 F2400 E2760.03894
G0 F15000 X225.513 Y199.56
G0 X225.513 Y200.665
G0 X225.513 Y229.335
G0 X225.513 Y230.44
G0 X225.513 Y231.075
;TYPE:FILL
G1 F2400 E2766.03894
G1 F7184.3 X218.082 Y238.505 E2766.24428
G1 X211.916 Y238.505 E2766.36477
G1 X204.486 Y231.075 E2766.57009
G1 X207.787 Y231.075 E2766.63459
G1 X201.871 Y236.991 E2766.79807
G1 X201.075 Y236.991 E2766.81363
G1 X201.075 Y237.323 E2766.82012
G1 X201.871 Y237.323 E2766.83567
G1 X203.053 Y238.505 E2766.86833
G1 X209.219 Y238.505 E2766.98882
G1 X216.65 Y231.075 E2767.19416
G1 X213.349 Y231.075 E2767.25866
G1 X220.779 Y238.505 E2767.46398
G1 X226.945 Y238.505 E2767.58447
G1 X228.128 Y237.322 E2767.61716
G1 X228.925 Y237.322 E2767.63273
G1 X228.925 Y236.99 E2767.63922
G1 X228.127 Y236.99 E2767.65481
G1 X222.212 Y231.075 E2767.81827
G1 X228.925 Y231.075 E2767.94944
G1 X229.03 Y231.075
G1 F2400 E2761.94944
G0 F15000 X200.89 Y230.89
G0 X200.63 Y230.63
M204 S1250
;TYPE:WALL-INNER
G1 F2400 E2767.94944
G1 F7184.3 X200.63 Y238.95 E2768.09472
G1 X229.37 Y238.95 E2768.59657
G1 X229.37 Y230.63 E2768.74185
G1 X200.63 Y230.63 E2769.24369
M204 S2500
G0 F15000 X200.21 Y230.21
M204 S1250
;TYPE:WALL-OUTER
G1 F7184.3 X200.21 Y239.37 E2769.40364
G1 X229.79 Y239.37 E2769.92015
G1 X229.79 Y230.21 E2770.0801
G1 X200.21 Y230.21 E2770.59662
M204 S2500
G0 F15000 X200.21 Y230.41
G0 X201.24 Y231.116
G1 F2400 E2764.59662
;MESH:NONMESH
G0 F600 X201.24 Y231.116 Z18.1
G0 F15000 X226.976 Y230.44
G0 X226.976 Y229.335
G0 X226.976 Y200.665
G0 X226.976 Y199.56
G0 X226.976 Y191.524
;TIME_ELAPSED:2299.996945
;LAYER:178
;note -- min layer time used
;TYPE:FILL
;MESH:table_soft_spacer_30x30-Body.stl
G1 F2400 E2770.59662
G1 F7905.4 X228.127 Y192.676 E2770.62844
G1 X228.925 Y192.676 E2770.64403
G1 X228.925 Y193.008 E2770.65052
G1 X228.128 Y193.008 E2770.66609
G1 X222.21 Y198.925 E2770.82962
G1 X225.514 Y198.925 E2770.89418
G1 X218.114 Y191.526 E2771.09866
G1 X211.885 Y191.526 E2771.22037
G1 X204.485 Y198.925 E2771.42485
G1 X207.788 Y198.925 E2771.48939
G1 X201.871 Y193.008 E2771.65291
G1 X201.075 Y193.008 E2771.66846
G1 X201.075 Y192.676 E2771.67495
G1 X201.871 Y192.676 E2771.6905
G1 X203.02 Y191.527 E2771.72225
G1 X209.253 Y191.527 E2771.84405
G1 X216.651 Y198.925 E2772.04849
G1 X213.348 Y198.925 E2772.11303
G1 X220.749 Y191.524 E2772.31755
G1 X228.925 Y191.523 E2772.47731
G1 X229.03 Y191.523
G1 F2400 E2766.47731
G0 F15000 X200.89 Y199.11
G0 X200.63 Y199.37
M204 S1250
;TYPE:WALL-INNER
G1 F2400 E2772.47731
G1 F7702.7 X229.37 Y199.37 E2772.97916
G1 X229.37 Y191.078 E2773.12395
G1 X200.63 Y191.082 E2773.62579
G1 X200.63 Y199.37 E2773.77051
M204 S2500
G0 F15000 X200.21 Y199.79
M204 S1250
;TYPE:WALL-OUTER
G1 F7500 X229.79 Y199.79 E2774.28703
G1 X229.79 Y190.658 E2774.44649
G1 X200.21 Y190.662 E2774.963
G1 X200.21 Y199.79 E2775.12239
M204 S2500
G0 F15000 X200.41 Y199.79
G0 X201.116 Y198.76
G1 F2400 E2769.12239
G0 F15000 X225.513 Y199.56
G0 X225.513 Y200.665
G0 X225.513 Y229.335
G0 X225.513 Y230.44
G0 X225.513 Y231.075
;TYPE:FILL
G1 F2400 E2775.12239
G1 F7905.4 X218.115 Y238.472 E2775.32681
G1 X211.884 Y238.472 E2775.44857
G1 X204.486 Y231.075 E2775.65299
G1 X207.787 Y231.075 E2775.7175
G1 X201.871 Y236.991 E2775.88098
G1 X201.075 Y236.991 E2775.89653
G1 X201.075 Y237.323 E2775.90302
G1 X201.871 Y237.323 E2775.91857
G1 X203.021 Y238.472 E2775.95034
G1 X209.252 Y238.472 E2776.0721
G1 X216.65 Y231.075 E2776.27652
G1 X213.349 Y231.075 E2776.34102
G1 X220.747 Y238.472 E2776.54545
G1 X226.978 Y238.472 E2776.6672
G1 X228.128 Y237.322 E2776.69898
G1 X228.925 Y237.322 E2776.71456
G1 X228.925 Y236.99 E2776.72104
G1 X228.127 Y236.99 E2776.73664
G1 X222.212 Y231.075 E2776.90009
G1 X228.925 Y231.075 E2777.03127
G1 X229.03 Y231.075
G1 F2400 E2771.03127
G0 F15000 X200.89 Y230.89
G0 X200.63 Y230.63
M204 S1250
;TYPE:WALL-INNER
G1 F2400 E2777.03127
G1 F7702.7 X200.63 Y238.918 E2777.17599
G1 X229.37 Y238.918 E2777.67783
G1 X229.37 Y230.63 E2777.82255
G1 X200.63 Y230.63 E2778.3244
M204 S2500
G0 F15000 X200.21 Y230.21
M204 S1250
;TYPE:WALL-OUTER
G1 F7500 X200.21 Y239.338 E2778.48379
G1 X229.79 Y239.338 E2779.0003
G1 X229.79 Y230.21 E2779.15969
G1 X200.21 Y230.21 E2779.67621
M204 S2500
G0 F15000 X200.21 Y230.41
G0 X201.24 Y231.116
G1 F2400 E2773.67621
;MESH:NONMESH
G0 F600 X201.24 Y231.116 Z18.2
G0 F15000 X227.01 Y230.44
G0 X227.01 Y229.335
G0 X227.01 Y200.665
G0 X227.01 Y199.56
G0 X227.01 Y191.559
;TIME_ELAPSED:2309.640950
;LAYER:179
;note -- min layer time used
;TYPE:FILL
;MESH:table_soft_spacer_30x30-Body.stl
G1 F2400 E2779.67621
G1 F7888.1 X228.127 Y192.676 E2779.70707
G1 X228.925 Y192.676 E2779.72267
G1 X228.925 Y193.008 E2779.72915
G1 X228.128 Y193.008 E2779.74473
G1 X222.21 Y198.925 E2779.90825
G1 X225.514 Y198.925 E2779.97281
G1 X218.147 Y191.559 E2780.17638
G1 X211.851 Y191.559 E2780.29941
G1 X204.485 Y198.925 E2780.50296
G1 X207.788 Y198.925 E2780.5675
G1 X201.871 Y193.008 E2780.73101
G1 X201.075 Y193.008 E2780.74657
G1 X201.075 Y192.676 E2780.75306
G1 X201.871 Y192.676 E2780.76861
G1 X202.988 Y191.559 E2780.79948
G1 X209.285 Y191.559 E2780.92252
G1 X216.651 Y198.925 E2781.12608
G1 X213.348 Y198.925 E2781.19062
G1 X220.714 Y191.559 E2781.39417
G1 X228.925 Y191.559 E2781.55462
G1 X229.03 Y191.559
G1 F2400 E2775.55462
G0 F15000 X200.89 Y199.11
G0 X200.63 Y199.37
M204 S1250
;TYPE:WALL-INNER
G1 F2400 E2781.55462
G1 F7694.1 X229.37 Y199.37 E2782.05646
G1 X229.37 Y191.114 E2782.20062
G1 X200.63 Y191.114 E2782.70247
G1 X200.63 Y199.37 E2782.84663
M204 S2500
G0 F15000 X200.21 Y199.79
M204 S1250
;TYPE:WALL-OUTER
G1 F7500 X229.79 Y199.79 E2783.36315
G1 X229.79 Y190.694 E2783.52198
G1 X200.21 Y190.694 E2784.03849
G1 X200.21 Y199.79 E2784.19732
M204 S2500
G0 F15000 X200.41 Y199.79
G0 X201.116 Y198.76
G1 F2400 E2778.19732
G0 F15000 X225.513 Y199.56
G0 X225.513 Y200.665
G0 X225.513 Y229.335
G0 X225.513 Y230.44
G0 X225.513 Y231.075
;TYPE:FILL
G1 F2400 E2784.19732
G1 F7888.1 X218.146 Y238.441 E2784.40089
G1 X211.853 Y238.441 E2784.52386
G1 X204.486 Y231.075 E2784.72742
G1 X207.787 Y231.075 E2784.79193
G1 X201.871 Y236.991 E2784.95541
G1 X201.075 Y236.991 E2784.97096
G1 X201.075 Y237.323 E2784.97745
G1 X201.871 Y237.323 E2784.993
G1 X202.99 Y238.441 E2785.02391
G1 X209.283 Y238.441 E2785.14688
G1 X216.65 Y231.075 E2785.35045
G1 X213.349 Y231.075 E2785.41495
G1 X220.716 Y238.441 E2785.61852
G1 X227.009 Y238.441 E2785.74149
G1 X228.128 Y237.322 E2785.77241
G1 X228.925 Y237.322 E2785.78798
G1 X228.925 Y236.99 E2785.79447
G1 X228.127 Y236.99 E2785.81006
G1 X222.212 Y231.075 E2785.97352
G1 X228.925 Y231.075 E2786.10469
G1 X229.03 Y231.075
G1 F2400 E2780.10469
G0 F15000 X200.89 Y230.89
G0 X200.63 Y230.63
M204 S1250
;TYPE:WALL-INNER
G1 F2400 E2786.10469
G1 F7694.1 X200.63 Y238.886 E2786.24886
G1 X229.37 Y238.886 E2786.7507
G1 X229.37 Y230.63 E2786.89486
G1 X200.63 Y230.63 E2787.39671
M204 S2500
G0 F15000 X200.21 Y230.21
M204 S1250
;TYPE:WALL-OUTER
G1 F7500 X200.21 Y239.306 E2787.55554
G1 X229.79 Y239.306 E2788.07205
G1 X229.79 Y230.21 E2788.23088
G1 X200.21 Y230.21 E2788.7474
M204 S2500
G0 F15000 X200.21 Y230.41
G0 X201.24 Y231.116
G1 F2400 E2782.7474
;MESH:NONMESH
G0 F600 X201.24 Y231.116 Z18.3
G0 F15000 X227.043 Y230.44
G0 X227.043 Y229.335
G0 X227.043 Y200.665
G0 X227.043 Y199.56
G0 X227.043 Y191.591
;TIME_ELAPSED:2319.280732
;LAYER:180
;note -- min layer time used
;TYPE:FILL
;MESH:table_soft_spacer_30x30-Body.stl
G1 F2400 E2788.7474
G1 F7870.4 X228.127 Y192.676 E2788.77737
G1 X228.925 Y192.676 E2788.79296
G1 X228.925 Y193.008 E2788.79945
G1 X228.128 Y193.008 E2788.81502
G1 X222.21 Y198.925 E2788.97855
G1 X225.514 Y198.925 E2789.04311
G1 X218.18 Y191.591 E2789.24578
G1 X211.819 Y191.591 E2789.37007
G1 X204.485 Y198.925 E2789.57274
G1 X207.788 Y198.925 E2789.63728
G1 X201.871 Y193.008 E2789.80079
G1 X201.075 Y193.008 E2789.81635
G1 X201.075 Y192.676 E2789.82284
G1 X201.871 Y192.676 E2789.83839
G1 X202.956 Y191.591 E2789.86837
G1 X209.317 Y191.591 E2789.99267
G1 X216.651 Y198.925 E2790.19534
G1 X213.348 Y198.925 E2790.25988
G1 X220.682 Y191.591 E2790.46255
G1 X228.925 Y191.591 E2790.62362
G1 X229.03 Y191.591
G1 F2400 E2784.62362
G0 F15000 X200.89 Y199.11
G0 X200.63 Y199.37
M204 S1250
;TYPE:WALL-INNER
G1 F2400 E2790.62362
G1 F7685.2 X229.37 Y199.37 E2791.12547
G1 X229.37 Y191.146 E2791.26907
G1 X200.63 Y191.146 E2791.77092
G1 X200.63 Y199.37 E2791.91452
M204 S2500
G0 F15000 X200.21 Y199.79
M204 S1250
;TYPE:WALL-OUTER
G1 F7500 X229.79 Y199.79 E2792.43103
G1 X229.79 Y190.726 E2792.5893
G1 X200.21 Y190.726 E2793.10582
G1 X200.21 Y199.79 E2793.26409
M204 S2500
G0 F15000 X200.41 Y199.79
G0 X201.116 Y198.76
G1 F2400 E2787.26409
G0 F15000 X225.513 Y199.56
G0 X225.513 Y200.665
G0 X225.513 Y229.335
G0 X225.513 Y230.44
G0 X225.513 Y231.075
;TYPE:FILL
G1 F2400 E2793.26409
G1 F7870.4 X218.183 Y238.405 E2793.46665
G1 X211.816 Y238.405 E2793.59106
G1 X204.486 Y231.075 E2793.79362
G1 X207.787 Y231.075 E2793.85812
G1 X201.871 Y236.991 E2794.02161
G1 X201.075 Y236.991 E2794.03716
G1 X201.075 Y237.323 E2794.04365
G1 X201.871 Y237.323 E2794.0592
G1 X202.953 Y238.405 E2794.0891
G1 X209.32 Y238.405 E2794.21352
G1 X216.65 Y231.075 E2794.41607
G1 X213.349 Y231.075 E2794.48058
G1 X220.679 Y238.405 E2794.68314
G1 X227.046 Y238.405 E2794.80755
G1 X228.127 Y237.323 E2794.83744
G1 X228.925 Y237.323 E2794.85303
G1 X228.925 Y236.991 E2794.85952
G1 X228.128 Y236.991 E2794.87509
G1 X222.212 Y231.075 E2795.03857
G1 X228.925 Y231.075 E2795.16975
G1 X229.03 Y231.075
G1 F2400 E2789.16975
G0 F15000 X200.89 Y230.89
G0 X200.63 Y230.63
M204 S1250
;TYPE:WALL-INNER
G1 F2400 E2795.16975
G1 F7685.2 X200.63 Y238.85 E2795.31328
G1 X229.37 Y238.85 E2795.81513
G1 X229.37 Y230.63 E2795.95866
G1 X200.63 Y230.63 E2796.46051
M204 S2500
G0 F15000 X200.21 Y230.21
M204 S1250
;TYPE:WALL-OUTER
G1 F7500 X200.21 Y239.27 E2796.61871
G1 X229.79 Y239.27 E2797.13522
G1 X229.79 Y230.21 E2797.29342
G1 X200.21 Y230.21 E2797.80994
M204 S2500
G0 F15000 X200.21 Y230.41
G0 X201.24 Y231.116
G1 F2400 E2791.80994
;MESH:NONMESH
G0 F600 X201.24 Y231.116 Z18.4
G0 F15000 X227.075 Y230.44
G0 X227.075 Y229.335
G0 X227.075 Y200.665
G0 X227.075 Y199.56
G0 X227.075 Y191.624
;TIME_ELAPSED:2328.916054
;LAYER:181
;note -- min layer time used
;TYPE:FILL
;MESH:table_soft_spacer_30x30-Body.stl
G1 F2400 E2797.80994
G1 F7853 X228.127 Y192.676 E2797.83901
G1 X228.924 Y192.676 E2797.85458
G1 X228.925 Y193.008 E2797.86107
G1 X228.127 Y193.008 E2797.87666
G1 X222.21 Y198.925 E2798.04017
G1 X225.514 Y198.925 E2798.10474
G1 X218.213 Y191.625 E2798.30648
G1 X211.785 Y191.625 E2798.43208
G1 X204.485 Y198.925 E2798.63381
G1 X207.788 Y198.925 E2798.69836
G1 X201.871 Y193.008 E2798.86187
G1 X201.075 Y193.008 E2798.87742
G1 X201.075 Y192.676 E2798.88391
G1 X201.871 Y192.676 E2798.89946
G1 X202.921 Y191.626 E2798.92848
G1 X209.352 Y191.626 E2799.05414
G1 X216.651 Y198.925 E2799.25584
G1 X213.348 Y198.925 E2799.32039
G1 X220.649 Y191.624 E2799.52214
G1 X228.925 Y191.623 E2799.68386
G1 X229.03 Y191.623
G1 F2400 E2793.68386
G0 F15000 X200.89 Y199.11
G0 X200.63 Y199.37
M204 S1250
;TYPE:WALL-INNER
G1 F2400 E2799.68386
G1 F7676.5 X229.37 Y199.37 E2800.1857
G1 X229.37 Y191.178 E2800.32875
G1 X200.63 Y191.182 E2800.8306
G1 X200.63 Y199.37 E2800.97357
M204 S2500
G0 F15000 X200.21 Y199.79
M204 S1250
;TYPE:WALL-OUTER
G1 F7500 X229.79 Y199.79 E2801.49008
G1 X229.79 Y190.758 E2801.6478
G1 X200.21 Y190.762 E2802.16431
G1 X200.21 Y199.79 E2802.32195
M204 S2500
G0 F15000 X200.41 Y199.79
G0 X201.116 Y198.76
G1 F2400 E2796.32195
G0 F15000 X225.513 Y199.56
G0 X225.513 Y200.665
G0 X225.513 Y229.335
G0 X225.513 Y230.44
G0 X225.513 Y231.075
;TYPE:FILL
G1 F2400 E2802.32195
G1 F7853 X218.214 Y238.373 E2802.52364
G1 X211.785 Y238.373 E2802.64927
G1 X204.486 Y231.075 E2802.85095
G1 X207.787 Y231.075 E2802.91546
G1 X201.871 Y236.991 E2803.07894
G1 X201.075 Y236.991 E2803.09449
G1 X201.075 Y237.323 E2803.10098
G1 X201.871 Y237.323 E2803.11654
G1 X202.922 Y238.373 E2803.14557
G1 X209.351 Y238.373 E2803.27119
G1 X216.65 Y231.075 E2803.47288
G1 X213.349 Y231.075 E2803.53738
G1 X220.648 Y238.373 E2803.73907
G1 X227.077 Y238.373 E2803.86469
G1 X228.127 Y237.323 E2803.89371
G1 X228.925 Y237.323 E2803.9093
G1 X228.925 Y236.991 E2803.91579
G1 X228.128 Y236.991 E2803.93136
G1 X222.212 Y231.075 E2804.09485
G1 X228.925 Y231.075 E2804.22602
G1 X229.03 Y231.075
G1 F2400 E2798.22602
G0 F15000 X200.89 Y230.89
G0 X200.63 Y230.63
M204 S1250
;TYPE:WALL-INNER
G1 F2400 E2804.22602
G1 F7676.5 X200.63 Y238.818 E2804.369
G1 X229.37 Y238.818 E2804.87084
G1 X229.37 Y230.63 E2805.01382
G1 X200.63 Y230.63 E2805.51566
M204 S2500
G0 F15000 X200.21 Y230.21
M204 S1250
;TYPE:WALL-OUTER
G1 F7500 X200.21 Y239.238 E2805.67331
G1 X229.79 Y239.238 E2806.18982
G1 X229.79 Y230.21 E2806.34746
G1 X200.21 Y230.21 E2806.86398
M204 S2500
G0 F15000 X200.21 Y230.41
G0 X201.24 Y231.116
G1 F2400 E2800.86398
;MESH:NONMESH
G0 F600 X201.24 Y231.116 Z18.5
G0 F15000 X227.111 Y230.44
G0 X227.111 Y229.335
G0 X227.111 Y200.665
G0 X227.111 Y199.56
G0 X227.111 Y191.659
;TIME_ELAPSED:2338.546963
;LAYER:182
;note -- min layer time used
;TYPE:FILL
;MESH:table_soft_spacer_30x30-Body.stl
G1 F2400 E2806.86398
G1 F7834.7 X228.127 Y192.676 E2806.89207
G1 X228.925 Y192.676 E2806.90766
G1 X228.925 Y193.008 E2806.91415
G1 X228.128 Y193.008 E2806.92972
G1 X222.21 Y198.925 E2807.09325
G1 X225.514 Y198.925 E2807.15781
G1 X218.248 Y191.659 E2807.3586
G1 X211.751 Y191.659 E2807.48555
G1 X204.485 Y198.925 E2807.68634
G1 X207.788 Y198.925 E2807.75088
G1 X201.871 Y193.008 E2807.9144
G1 X201.075 Y193.008 E2807.92995
G1 X201.075 Y192.676 E2807.93644
G1 X201.871 Y192.676 E2807.95199
G1 X202.888 Y191.659 E2807.98009
G1 X209.385 Y191.659 E2808.10705
G1 X216.651 Y198.925 E2808.30784
G1 X213.348 Y198.925 E2808.37238
G1 X220.614 Y191.659 E2808.57317
G1 X228.925 Y191.659 E2808.73557
G1 X229.03 Y191.659
G1 F2400 E2802.73557
G0 F15000 X200.89 Y199.11
G0 X200.63 Y199.37
M204 S1250
;TYPE:WALL-INNER
G1 F2400 E2808.73557
G1 F7667.3 X229.37 Y199.37 E2809.23742
G1 X229.37 Y191.214 E2809.37983
G1 X200.63 Y191.214 E2809.88168
G1 X200.63 Y199.37 E2810.02409
M204 S2500
G0 F15000 X200.21 Y199.79
M204 S1250
;TYPE:WALL-OUTER
G1 F7500 X229.79 Y199.79 E2810.54061
G1 X229.79 Y190.794 E2810.69769
G1 X200.21 Y190.794 E2811.21421
G1 X200.21 Y199.79 E2811.37129
M204 S2500
G0 F15000 X200.41 Y199.79
G0 X201.116 Y198.76
G1 F2400 E2805.37129
G0 F15000 X225.513 Y199.56
G0 X225.513 Y200.665
G0 X225.513 Y229.335
G0 X225.513 Y230.44
G0 X225.513 Y231.075
;TYPE:FILL
G1 F2400 E2811.37129
G1 F7834.7 X218.251 Y238.337 E2811.57197
G1 X211.748 Y238.337 E2811.69904
G1 X204.486 Y231.075 E2811.89972
G1 X207.787 Y231.075 E2811.96422
G1 X201.871 Y236.991 E2812.12771
G1 X201.075 Y236.991 E2812.14326
G1 X201.075 Y237.323 E2812.14975
G1 X201.871 Y237.323 E2812.1653
G1 X202.885 Y238.337 E2812.19332
G1 X209.388 Y238.337 E2812.32039
G1 X216.65 Y231.075 E2812.52107
G1 X213.349 Y231.075 E2812.58558
G1 X220.611 Y238.337 E2812.78626
G1 X227.114 Y238.337 E2812.91333
G1 X228.127 Y237.323 E2812.94133
G1 X228.925 Y237.323 E2812.95693
G1 X228.925 Y236.991 E2812.96341
G1 X228.128 Y236.991 E2812.97899
G1 X222.212 Y231.075 E2813.14247
G1 X228.925 Y231.075 E2813.27365
G1 X229.03 Y231.075
G1 F2400 E2807.27365
G0 F15000 X200.89 Y230.89
G0 X200.63 Y230.63
M204 S1250
;TYPE:WALL-INNER
G1 F2400 E2813.27365
G1 F7667.3 X200.63 Y238.782 E2813.41599
G1 X229.37 Y238.782 E2813.91784
G1 X229.37 Y230.63 E2814.06018
G1 X200.63 Y230.63 E2814.56203
M204 S2500
G0 F15000 X200.21 Y230.21
M204 S1250
;TYPE:WALL-OUTER
G1 F7500 X200.21 Y239.202 E2814.71904
G1 X229.79 Y239.202 E2815.23556
G1 X229.79 Y230.21 E2815.39257
G1 X200.21 Y230.21 E2815.90909
M204 S2500
G0 F15000 X200.21 Y230.41
G0 X201.24 Y231.116
G1 F2400 E2809.90909
;MESH:NONMESH
G0 F600 X201.24 Y231.116 Z18.6
G0 F15000 X201.075 Y230.44
G0 X201.075 Y229.335
G0 X201.075 Y200.665
G0 X201.075 Y199.56
G0 X201.075 Y191.695
;TIME_ELAPSED:2347.986559
;LAYER:183
;note -- min layer time used
;TYPE:FILL
;MESH:table_soft_spacer_30x30-Body.stl
G1 F2400 E2815.90909
G1 F7141.7 X201.075 Y193.472 E2815.94381
G1 X202.853 Y191.695 E2815.99293
G1 X209.422 Y191.696 E2816.12129
G1 X216.651 Y198.925 E2816.32106
G1 X213.348 Y198.925 E2816.3856
G1 X220.576 Y191.697 E2816.58534
G1 X227.15 Y191.699 E2816.7138
G1 X228.127 Y192.676 E2816.74079
G1 X228.925 Y192.676 E2816.75639
G1 X228.925 Y193.008 E2816.76288
G1 X228.128 Y193.008 E2816.77845
G1 X222.21 Y198.925 E2816.94197
G1 X225.514 Y198.925 E2817.00654
G1 X218.286 Y191.697 E2817.20628
G1 X211.714 Y191.696 E2817.33469
G1 X204.485 Y198.925 E2817.53446
G1 X207.788 Y198.925 E2817.599
G1 X201.075 Y192.212 E2817.78451
G1 X201.001 Y192.138
G0 F15000 X200.89 Y199.11
G0 X200.63 Y199.37
M204 S1250
;TYPE:WALL-INNER
G1 F7141.7 X229.37 Y199.37 E2818.28636
G1 X229.37 Y191.254 E2818.42808
G1 X200.63 Y191.25 E2818.92992
G1 X200.63 Y199.37 E2819.07171
M204 S2500
G0 F15000 X200.21 Y199.79
M204 S1250
;TYPE:WALL-OUTER
G1 F7141.7 X229.79 Y199.79 E2819.58822
G1 X229.79 Y190.834 E2819.74461
G1 X200.21 Y190.83 E2820.26112
G1 X200.21 Y199.79 E2820.41758
M204 S2500
G0 F15000 X200.41 Y199.79
G0 X201.116 Y198.76
G1 F2400 E2814.41758
G0 F15000 X225.513 Y199.56
G0 X225.513 Y200.665
G0 X225.513 Y229.335
G0 X225.513 Y230.44
G0 X225.513 Y231.075
;TYPE:FILL
G1 F2400 E2820.41758
G1 F7141.7 X218.286 Y238.301 E2820.61728
G1 X211.713 Y238.301 E2820.74571
G1 X204.486 Y231.075 E2820.94541
G1 X207.787 Y231.075 E2821.00992
G1 X201.871 Y236.991 E2821.1734
G1 X201.075 Y236.991 E2821.18895
G1 X201.075 Y237.323 E2821.19544
G1 X201.871 Y237.323 E2821.211
G1 X202.85 Y238.301 E2821.23804
G1 X209.423 Y238.301 E2821.36647
G1 X216.65 Y231.075 E2821.56617
G1 X213.349 Y231.075 E2821.63068
G1 X220.576 Y238.301 E2821.83037
G1 X227.149 Y238.301 E2821.95881
G1 X228.127 Y237.323 E2821.98584
G1 X228.925 Y237.323 E2822.00143
G1 X228.925 Y236.991 E2822.00792
G1 X228.128 Y236.991 E2822.02349
G1 X222.212 Y231.075 E2822.18698
G1 X228.925 Y231.075 E2822.31815
G1 X229.03 Y231.075
G1 F2400 E2816.31815
G0 F15000 X200.89 Y230.89
G0 X200.63 Y230.63
M204 S1250
;TYPE:WALL-INNER
G1 F2400 E2822.31815
G1 F7141.7 X200.63 Y238.746 E2822.45987
G1 X229.37 Y238.746 E2822.96171
G1 X229.37 Y230.63 E2823.10343
G1 X200.63 Y230.63 E2823.60528
M204 S2500
G0 F15000 X200.21 Y230.21
M204 S1250
;TYPE:WALL-OUTER
G1 F7141.7 X200.21 Y239.166 E2823.76166
G1 X229.79 Y239.166 E2824.27818
G1 X229.79 Y230.21 E2824.43456
G1 X200.21 Y230.21 E2824.95108
M204 S2500
G0 F15000 X200.21 Y230.41
G0 X201.24 Y231.116
G1 F2400 E2818.95108
;MESH:NONMESH
G0 F600 X201.24 Y231.116 Z18.7
G0 F15000 X227.187 Y230.44
G0 X227.187 Y229.335
G0 X227.187 Y200.665
G0 X227.187 Y199.56
G0 X227.187 Y191.736
;TIME_ELAPSED:2357.247069
;LAYER:184
;note -- min layer time used
;TYPE:FILL
;MESH:table_soft_spacer_30x30-Body.stl
G1 F2400 E2824.95108
G1 F7794.4 X228.127 Y192.676 E2824.97705
G1 X228.925 Y192.676 E2824.99265
G1 X228.925 Y193.008 E2824.99913
G1 X228.128 Y193.008 E2825.01471
G1 X222.21 Y198.925 E2825.17823
G1 X225.514 Y198.925 E2825.24279
G1 X218.324 Y191.736 E2825.44147
G1 X211.675 Y191.736 E2825.57139
G1 X204.485 Y198.925 E2825.77007
G1 X207.788 Y198.925 E2825.83461
G1 X201.871 Y193.008 E2825.99812
G1 X201.075 Y193.008 E2826.01368
G1 X201.075 Y192.676 E2826.02016
G1 X201.871 Y192.676 E2826.03572
G1 X202.812 Y191.736 E2826.06171
G1 X209.461 Y191.736 E2826.19163
G1 X216.651 Y198.925 E2826.39031
G1 X213.348 Y198.925 E2826.45485
G1 X220.537 Y191.736 E2826.65351
G1 X228.925 Y191.735 E2826.81742
G1 X229.03 Y191.735
G1 F2400 E2820.81742
G0 F15000 X200.89 Y199.11
G0 X200.63 Y199.37
M204 S1250
;TYPE:WALL-INNER
G1 F2400 E2826.81742
G1 F7647.2 X229.37 Y199.37 E2827.31926
G1 X229.37 Y191.29 E2827.46035
G1 X200.63 Y191.29 E2827.9622
G1 X200.63 Y199.37 E2828.10329
M204 S2500
G0 F15000 X200.21 Y199.79
M204 S1250
;TYPE:WALL-OUTER
G1 F7500 X229.79 Y199.79 E2828.6198
G1 X229.79 Y190.87 E2828.77556
G1 X200.21 Y190.87 E2829.29207
G1 X200.21 Y199.79 E2829.44783
M204 S2500
G0 F15000 X200.41 Y199.79
G0 X201.116 Y198.76
G1 F2400 E2823.44783
G0 F15000 X225.513 Y199.56
G0 X225.513 Y200.665
G0 X225.513 Y229.335
G0 X225.513 Y230.44
G0 X225.513 Y231.075
;TYPE:FILL
G1 F2400 E2829.44783
G1 F7794.4 X218.326 Y238.261 E2829.64642
G1 X211.672 Y238.26 E2829.77644
G1 X204.486 Y231.075 E2829.97501
G1 X207.787 Y231.075 E2830.03951
G1 X201.871 Y236.991 E2830.20299
G1 X201.075 Y236.991 E2830.21855
G1 X201.075 Y237.323 E2830.22504
G1 X201.871 Y237.323 E2830.24059
G1 X202.809 Y238.26 E2830.2665
G1 X209.463 Y238.261 E2830.39652
G1 X216.65 Y231.075 E2830.59511
G1 X213.349 Y231.075 E2830.65961
G1 X220.535 Y238.26 E2830.85818
G1 X227.189 Y238.261 E2830.9882
G1 X228.127 Y237.323 E2831.01412
G1 X228.925 Y237.323 E2831.02971
G1 X228.924 Y236.991 E2831.0362
G1 X228.128 Y236.991 E2831.05176
G1 X222.212 Y231.075 E2831.21524
G1 X228.925 Y231.075 E2831.34641
G1 X229.03 Y231.075
G1 F2400 E2825.34641
G0 F15000 X200.89 Y230.89
G0 X200.63 Y230.63
M204 S1250
;TYPE:WALL-INNER
G1 F2400 E2831.34641
G1 F7647.2 X200.63 Y238.706 E2831.48743
G1 X229.37 Y238.706 E2831.98928
G1 X229.37 Y230.63 E2832.1303
G1 X200.63 Y230.63 E2832.63214
M204 S2500
G0 F15000 X200.21 Y230.21
M204 S1250
;TYPE:WALL-OUTER
G1 F7500 X200.21 Y239.126 E2832.78783
G1 X229.79 Y239.126 E2833.30435
G1 X229.79 Y230.21 E2833.46003
G1 X200.21 Y230.21 E2833.97655
M204 S2500
G0 F15000 X200.21 Y230.41
G0 X201.24 Y231.116
G1 F2400 E2827.97655
;MESH:NONMESH
G0 F600 X201.24 Y231.116 Z18.8
G0 F15000 X227.227 Y230.44
G0 X227.227 Y229.335
G0 X227.227 Y200.665
G0 X227.227 Y199.56
G0 X227.227 Y191.775
;TIME_ELAPSED:2366.862604
;LAYER:185
;note -- min layer time used
;TYPE:FILL
;MESH:table_soft_spacer_30x30-Body.stl
G1 F2400 E2833.97655
G1 F7774.6 X228.127 Y192.676 E2834.00143
G1 X228.925 Y192.676 E2834.01702
G1 X228.925 Y193.008 E2834.02351
G1 X228.128 Y193.008 E2834.03908
G1 X222.21 Y198.925 E2834.20261
G1 X225.514 Y198.925 E2834.26717
G1 X218.364 Y191.775 E2834.46476
G1 X211.635 Y191.775 E2834.59624
G1 X204.485 Y198.925 E2834.79383
G1 X207.788 Y198.925 E2834.85837
G1 X201.871 Y193.008 E2835.02188
G1 X201.075 Y193.008 E2835.03743
G1 X201.075 Y192.676 E2835.04392
G1 X201.871 Y192.676 E2835.05948
G1 X202.772 Y191.775 E2835.08437
G1 X209.501 Y191.775 E2835.21586
G1 X216.651 Y198.925 E2835.41345
G1 X213.348 Y198.925 E2835.47799
G1 X220.498 Y191.775 E2835.67557
G1 X228.925 Y191.775 E2835.84024
G1 X229.03 Y191.775
G1 F2400 E2829.84024
G0 F15000 X200.89 Y199.11
G0 X200.63 Y199.37
M204 S1250
;TYPE:WALL-INNER
G1 F2400 E2835.84024
G1 F7637.3 X229.37 Y199.37 E2836.34208
G1 X229.37 Y191.33 E2836.48247
G1 X200.63 Y191.33 E2836.98432
G1 X200.63 Y199.37 E2837.12471
M204 S2500
G0 F15000 X200.21 Y199.79
M204 S1250
;TYPE:WALL-OUTER
G1 F7500 X229.79 Y199.79 E2837.64122
G1 X229.79 Y190.91 E2837.79628
G1 X200.21 Y190.91 E2838.3128
G1 X200.21 Y199.79 E2838.46786
M204 S2500
G0 F15000 X200.41 Y199.79
G0 X201.116 Y198.76
G1 F2400 E2832.46786
G0 F15000 X225.513 Y199.56
G0 X225.513 Y200.665
G0 X225.513 Y229.335
G0 X225.513 Y230.44
G0 X225.513 Y231.075
;TYPE:FILL
G1 F2400 E2838.46786
G1 F7774.6 X218.362 Y238.225 E2838.66545
G1 X211.636 Y238.225 E2838.79688
G1 X204.486 Y231.075 E2838.99447
G1 X207.787 Y231.075 E2839.05897
G1 X201.871 Y236.991 E2839.22245
G1 X201.075 Y236.991 E2839.23801
G1 X201.075 Y237.323 E2839.24449
G1 X201.871 Y237.323 E2839.26005
G1 X202.773 Y238.225 E2839.28497
G1 X209.499 Y238.225 E2839.4164
G1 X216.65 Y231.075 E2839.614
G1 X213.349 Y231.075 E2839.6785
G1 X220.499 Y238.225 E2839.87609
G1 X227.225 Y238.225 E2840.00752
G1 X228.128 Y237.322 E2840.03247
G1 X228.925 Y237.322 E2840.04804
G1 X228.925 Y236.99 E2840.05453
G1 X228.127 Y236.99 E2840.07012
G1 X222.212 Y231.075 E2840.23358
G1 X228.925 Y231.075 E2840.36476
G1 X229.03 Y231.075
G1 F2400 E2834.36476
G0 F15000 X200.89 Y230.89
G0 X200.63 Y230.63
M204 S1250
;TYPE:WALL-INNER
G1 F2400 E2840.36476
G1 F7637.3 X200.63 Y238.67 E2840.50515
G1 X229.37 Y238.67 E2841.00699
G1 X229.37 Y230.63 E2841.14738
G1 X200.63 Y230.63 E2841.64923
M204 S2500
G0 F15000 X200.21 Y230.21
M204 S1250
;TYPE:WALL-OUTER
G1 F7500 X200.21 Y239.09 E2841.80429
G1 X229.79 Y239.09 E2842.3208
G1 X229.79 Y230.21 E2842.47586
G1 X200.21 Y230.21 E2842.99237
M204 S2500
G0 F15000 X200.21 Y230.41
G0 X201.24 Y231.116
G1 F2400 E2836.99237
;MESH:NONMESH
G0 F600 X201.24 Y231.116 Z18.9
G0 F15000 X201.075 Y230.44
G0 X201.075 Y229.335
G0 X201.075 Y200.665
G0 X201.075 Y199.56
G0 X201.075 Y191.811
;TIME_ELAPSED:2376.285775
;LAYER:186
;note -- min layer time used
;TYPE:FILL
;MESH:table_soft_spacer_30x30-Body.stl
G1 F2400 E2842.99237
G1 F7124.1 X201.075 Y192.212 E2843.00021
G1 X207.788 Y198.925 E2843.18572
G1 X204.485 Y198.925 E2843.25026
G1 X211.598 Y191.812 E2843.44682
G1 X218.402 Y191.813 E2843.57977
G1 X225.514 Y198.925 E2843.77631
G1 X222.21 Y198.925 E2843.84087
G1 X228.128 Y193.008 E2844.00439
G1 X228.925 Y193.008 E2844.01997
G1 X228.925 Y192.676 E2844.02645
G1 X228.127 Y192.676 E2844.04205
G1 X227.266 Y191.815 E2844.06584
G1 X220.46 Y191.813 E2844.19883
G1 X213.348 Y198.925 E2844.39537
G1 X216.651 Y198.925 E2844.45991
G1 X209.538 Y191.812 E2844.65647
G1 X202.737 Y191.81 E2844.78936
G1 X201.075 Y193.472 E2844.83529
G1 X201.075 Y191.811 E2844.86775
G0 F15000 X200.89 Y199.11
G0 X200.63 Y199.37
M204 S1250
;TYPE:WALL-INNER
G1 F7124.1 X229.37 Y199.37 E2845.36959
G1 X229.37 Y191.37 E2845.50929
G1 X200.63 Y191.366 E2846.01113
G1 X200.63 Y199.37 E2846.1509
M204 S2500
G0 F15000 X200.21 Y199.79
M204 S1250
;TYPE:WALL-OUTER
G1 F7124.1 X229.79 Y199.79 E2846.66741
G1 X229.79 Y190.95 E2846.82177
G1 X200.21 Y190.946 E2847.33828
G1 X200.21 Y199.79 E2847.49271
M204 S2500
G0 F15000 X200.41 Y199.79
G0 X201.116 Y198.76
G1 F2400 E2841.49271
G0 F15000 X225.513 Y199.56
G0 X225.513 Y200.665
G0 X225.513 Y229.335
G0 X225.513 Y230.44
G0 X225.513 Y231.075
;TYPE:FILL
G1 F2400 E2847.49271
G1 F7124.1 X218.402 Y238.185 E2847.6892
G1 X211.597 Y238.185 E2847.82218
G1 X204.486 Y231.075 E2848.01867
G1 X207.787 Y231.075 E2848.08317
G1 X201.871 Y236.991 E2848.24666
G1 X201.075 Y236.991 E2848.26221
G1 X201.075 Y237.323 E2848.2687
G1 X201.871 Y237.323 E2848.28425
G1 X202.734 Y238.185 E2848.30809
G1 X209.539 Y238.185 E2848.44106
G1 X216.65 Y231.075 E2848.63755
G1 X213.349 Y231.075 E2848.70205
G1 X220.46 Y238.185 E2848.89855
G1 X227.265 Y238.185 E2849.03152
G1 X228.128 Y237.322 E2849.05537
G1 X228.925 Y237.322 E2849.07094
G1 X228.925 Y236.99 E2849.07743
G1 X228.127 Y236.99 E2849.09302
G1 X222.212 Y231.075 E2849.25648
G1 X228.925 Y231.075 E2849.38765
G1 X229.03 Y231.075
G1 F2400 E2843.38765
G0 F15000 X200.89 Y230.89
G0 X200.63 Y230.63
M204 S1250
;TYPE:WALL-INNER
G1 F2400 E2849.38765
G1 F7124.1 X200.63 Y238.63 E2849.52734
G1 X229.37 Y238.63 E2850.02919
G1 X229.37 Y230.63 E2850.16888
G1 X200.63 Y230.63 E2850.67073
M204 S2500
G0 F15000 X200.21 Y230.21
M204 S1250
;TYPE:WALL-OUTER
G1 F7124.1 X200.21 Y239.05 E2850.82509
G1 X229.79 Y239.05 E2851.3416
G1 X229.79 Y230.21 E2851.49596
G1 X200.21 Y230.21 E2852.01248
M204 S2500
G0 F15000 X200.21 Y230.41
G0 X201.24 Y231.116
G1 F2400 E2846.01248
;MESH:NONMESH
G0 F600 X201.24 Y231.116 Z19
G0 F15000 X227.307 Y230.44
G0 X227.307 Y229.335
G0 X227.307 Y200.665
G0 X227.307 Y199.56
G0 X227.307 Y191.855
;TIME_ELAPSED:2385.549648
;LAYER:187
;note -- min layer time used
;TYPE:FILL
;MESH:table_soft_spacer_30x30-Body.stl
G1 F2400 E2852.01248
G1 F7731.7 X228.128 Y192.676 E2852.03516
G1 X228.924 Y192.676 E2852.05072
G1 X228.925 Y193.008 E2852.0572
G1 X228.127 Y193.008 E2852.0728
G1 X222.21 Y198.925 E2852.23631
G1 X225.514 Y198.925 E2852.30087
G1 X218.444 Y191.855 E2852.49624
G1 X211.556 Y191.854 E2852.63084
G1 X204.485 Y198.925 E2852.82624
G1 X207.788 Y198.925 E2852.89078
G1 X201.871 Y193.008 E2853.05429
G1 X201.075 Y193.008 E2853.06985
G1 X201.075 Y192.676 E2853.07633
G1 X201.871 Y192.676 E2853.09189
G1 X202.693 Y191.854 E2853.1146
G1 X209.581 Y191.855 E2853.2492
G1 X216.651 Y198.925 E2853.44457
G1 X213.348 Y198.925 E2853.50911
G1 X220.419 Y191.854 E2853.70451
G1 X228.925 Y191.855 E2853.87072
G1 X229.03 Y191.855
G1 F2400 E2847.87072
G0 F15000 X200.89 Y199.11
G0 X200.63 Y199.37
M204 S1250
;TYPE:WALL-INNER
G1 F2400 E2853.87072
G1 F7615.9 X229.37 Y199.37 E2854.37257
G1 X229.37 Y191.41 E2854.51156
G1 X200.63 Y191.41 E2855.01341
G1 X200.63 Y199.37 E2855.1524
M204 S2500
G0 F15000 X200.21 Y199.79
M204 S1250
;TYPE:WALL-OUTER
G1 F7500 X229.79 Y199.79 E2855.66892
G1 X229.79 Y190.99 E2855.82258
G1 X200.21 Y190.99 E2856.33909
G1 X200.21 Y199.79 E2856.49275
M204 S2500
G0 F15000 X200.41 Y199.79
G0 X201.116 Y198.76
G1 F2400 E2850.49275
G0 F15000 X225.513 Y199.56
G0 X225.513 Y200.665
G0 X225.513 Y229.335
G0 X225.513 Y230.44
G0 X225.513 Y231.075
;TYPE:FILL
G1 F2400 E2856.49275
G1 F7731.7 X218.446 Y238.142 E2856.68804
G1 X211.553 Y238.142 E2856.82274
G1 X204.486 Y231.075 E2857.01803
G1 X207.787 Y231.075 E2857.08253
G1 X201.871 Y236.991 E2857.24601
G1 X201.075 Y236.991 E2857.26157
G1 X201.075 Y237.323 E2857.26806
G1 X201.871 Y237.323 E2857.28361
G1 X202.69 Y238.142 E2857.30624
G1 X209.583 Y238.142 E2857.44093
G1 X216.65 Y231.075 E2857.63622
G1 X213.349 Y231.075 E2857.70073
G1 X220.416 Y238.142 E2857.89602
G1 X227.309 Y238.142 E2858.03071
G1 X228.127 Y237.323 E2858.05333
G1 X228.925 Y237.323 E2858.06892
G1 X228.925 Y236.991 E2858.07541
G1 X228.128 Y236.991 E2858.09098
G1 X222.212 Y231.075 E2858.25447
G1 X228.925 Y231.075 E2858.38564
G1 X229.03 Y231.075
G1 F2400 E2852.38564
G0 F15000 X200.89 Y230.89
G0 X200.63 Y230.63
M204 S1250
;TYPE:WALL-INNER
G1 F2400 E2858.38564
G1 F7615.9 X200.63 Y238.586 E2858.52456
G1 X229.37 Y238.586 E2859.02641
G1 X229.37 Y230.63 E2859.16533
G1 X200.63 Y230.63 E2859.66718
M204 S2500
G0 F15000 X200.21 Y230.21
M204 S1250
;TYPE:WALL-OUTER
G1 F7500 X200.21 Y239.006 E2859.82077
G1 X229.79 Y239.006 E2860.33728
G1 X229.79 Y230.21 E2860.49088
G1 X200.21 Y230.21 E2861.00739
M204 S2500
G0 F15000 X200.21 Y230.41
G0 X201.24 Y231.116
G1 F2400 E2855.00739
;MESH:NONMESH
G0 F600 X201.24 Y231.116 Z19.1
G0 F15000 X227.351 Y230.44
G0 X227.351 Y229.335
G0 X227.351 Y200.665
G0 X227.351 Y199.56
G0 X227.351 Y191.9
;TIME_ELAPSED:2395.148018
;LAYER:188
;note -- min layer time used
;TYPE:FILL
;MESH:table_soft_spacer_30x30-Body.stl
G1 F2400 E2861.00739
G1 F7708.3 X228.127 Y192.676 E2861.02883
G1 X228.925 Y192.676 E2861.04443
G1 X228.925 Y193.008 E2861.05091
G1 X228.128 Y193.008 E2861.06649
G1 X222.21 Y198.925 E2861.23001
G1 X225.514 Y198.925 E2861.29458
G1 X218.488 Y191.9 E2861.48872
G1 X211.51 Y191.9 E2861.62507
G1 X204.485 Y198.925 E2861.8192
G1 X207.788 Y198.925 E2861.88374
G1 X201.871 Y193.008 E2862.04726
G1 X201.075 Y193.008 E2862.06281
G1 X201.075 Y192.676 E2862.0693
G1 X201.872 Y192.676 E2862.08487
G1 X202.648 Y191.9 E2862.10631
G1 X209.625 Y191.9 E2862.24265
G1 X216.651 Y198.925 E2862.43679
G1 X213.348 Y198.925 E2862.50133
G1 X220.373 Y191.9 E2862.69546
G1 X228.925 Y191.899 E2862.86257
G1 X229.03 Y191.899
G1 F2400 E2856.86257
G0 F15000 X200.89 Y199.11
G0 X200.63 Y199.37
M204 S1250
;TYPE:WALL-INNER
G1 F2400 E2862.86257
G1 F7604.2 X229.37 Y199.37 E2863.36442
G1 X229.37 Y191.454 E2863.50264
G1 X200.63 Y191.454 E2864.00449
G1 X200.63 Y199.37 E2864.14271
M204 S2500
G0 F15000 X200.21 Y199.79
M204 S1250
;TYPE:WALL-OUTER
G1 F7500 X229.79 Y199.79 E2864.65923
G1 X229.79 Y191.034 E2864.81212
G1 X200.21 Y191.034 E2865.32863
G1 X200.21 Y199.79 E2865.48153
M204 S2500
G0 F15000 X200.41 Y199.79
G0 X201.116 Y198.76
G1 F2400 E2859.48153
G0 F15000 X225.513 Y199.56
G0 X225.513 Y200.665
G0 X225.513 Y229.335
G0 X225.513 Y230.44
G0 X225.513 Y231.075
;TYPE:FILL
G1 F2400 E2865.48153
G1 F7708.3 X218.49 Y238.097 E2865.67559
G1 X211.508 Y238.097 E2865.81202
G1 X204.486 Y231.075 E2866.00607
G1 X207.787 Y231.075 E2866.07057
G1 X201.871 Y236.991 E2866.23405
G1 X201.074 Y236.991 E2866.24963
G1 X201.075 Y237.323 E2866.25612
G1 X201.871 Y237.323 E2866.27167
G1 X202.645 Y238.097 E2866.29306
G1 X209.627 Y238.097 E2866.42949
G1 X216.65 Y231.075 E2866.62355
G1 X213.349 Y231.075 E2866.68805
G1 X220.371 Y238.097 E2866.8821
G1 X227.353 Y238.097 E2867.01853
G1 X228.128 Y237.322 E2867.03995
G1 X228.925 Y237.322 E2867.05552
G1 X228.924 Y236.99 E2867.06201
G1 X228.127 Y236.99 E2867.07758
G1 X222.212 Y231.075 E2867.24104
G1 X228.925 Y231.075 E2867.37221
G1 X229.03 Y231.075
G1 F2400 E2861.37221
G0 F15000 X200.89 Y230.89
G0 X200.63 Y230.63
M204 S1250
;TYPE:WALL-INNER
G1 F2400 E2867.37221
G1 F7604.2 X200.63 Y238.542 E2867.51037
G1 X229.37 Y238.542 E2868.01221
G1 X229.37 Y230.63 E2868.15037
G1 X200.63 Y230.63 E2868.65222
M204 S2500
G0 F15000 X200.21 Y230.21
M204 S1250
;TYPE:WALL-OUTER
G1 F7500 X200.21 Y238.962 E2868.80504
G1 X229.79 Y238.962 E2869.32155
G1 X229.79 Y230.21 E2869.47438
G1 X200.21 Y230.21 E2869.99089
M204 S2500
G0 F15000 X200.21 Y230.41
G0 X201.24 Y231.116
G1 F2400 E2863.99089
;MESH:NONMESH
G0 F600 X201.24 Y231.116 Z19.2
G0 F15000 X227.395 Y230.44
G0 X227.395 Y229.335
G0 X227.395 Y200.665
G0 X227.395 Y199.56
G0 X227.395 Y191.943
;TIME_ELAPSED:2404.739790
;LAYER:189
;note -- min layer time used
;TYPE:FILL
;MESH:table_soft_spacer_30x30-Body.stl
G1 F2400 E2869.99089
G1 F7685.2 X228.127 Y192.676 E2870.01113
G1 X228.925 Y192.676 E2870.02672
G1 X228.925 Y193.008 E2870.03321
G1 X228.128 Y193.008 E2870.04879
G1 X222.21 Y198.925 E2870.21231
G1 X225.514 Y198.925 E2870.27687
G1 X218.532 Y191.943 E2870.46981
G1 X211.467 Y191.943 E2870.60787
G1 X204.485 Y198.925 E2870.80081
G1 X207.788 Y198.925 E2870.86535
G1 X201.871 Y193.008 E2871.02886
G1 X201.075 Y193.008 E2871.04442
G1 X201.075 Y192.676 E2871.0509
G1 X201.871 Y192.676 E2871.06646
G1 X202.604 Y191.943 E2871.08671
G1 X209.669 Y191.943 E2871.22477
G1 X216.651 Y198.925 E2871.41771
G1 X213.348 Y198.925 E2871.48225
G1 X220.33 Y191.943 E2871.67519
G1 X228.925 Y191.943 E2871.84314
G1 X229.03 Y191.943
G1 F2400 E2865.84314
G0 F15000 X200.89 Y199.11
G0 X200.63 Y199.37
M204 S1250
;TYPE:WALL-INNER
G1 F2400 E2871.84314
G1 F7592.6 X229.37 Y199.37 E2872.34499
G1 X229.37 Y191.498 E2872.48244
G1 X200.63 Y191.498 E2872.98429
G1 X200.63 Y199.37 E2873.12175
M204 S2500
G0 F15000 X200.21 Y199.79
M204 S1250
;TYPE:WALL-OUTER
G1 F7500 X229.79 Y199.79 E2873.63826
G1 X229.79 Y191.078 E2873.79038
G1 X200.21 Y191.078 E2874.3069
G1 X200.21 Y199.79 E2874.45902
M204 S2500
G0 F15000 X200.41 Y199.79
G0 X201.116 Y198.76
G1 F2400 E2868.45902
G0 F15000 X225.513 Y199.56
G0 X225.513 Y200.665
G0 X225.513 Y229.335
G0 X225.513 Y230.44
G0 X225.513 Y231.075
;TYPE:FILL
G1 F2400 E2874.45902
G1 F7685.2 X218.535 Y238.052 E2874.65184
G1 X211.464 Y238.052 E2874.79001
G1 X204.486 Y231.075 E2874.98283
G1 X207.787 Y231.075 E2875.04733
G1 X201.871 Y236.991 E2875.21081
G1 X201.075 Y236.991 E2875.22637
G1 X201.075 Y237.323 E2875.23286
G1 X201.872 Y237.323 E2875.24843
G1 X202.601 Y238.052 E2875.26858
G1 X209.672 Y238.052 E2875.40674
G1 X216.65 Y231.075 E2875.59956
G1 X213.349 Y231.075 E2875.66407
G1 X220.327 Y238.052 E2875.85688
G1 X227.398 Y238.052 E2875.99505
G1 X228.128 Y237.322 E2876.01523
G1 X228.925 Y237.322 E2876.0308
G1 X228.925 Y236.99 E2876.03729
G1 X228.127 Y236.99 E2876.05288
G1 X222.212 Y231.075 E2876.21634
G1 X228.925 Y231.075 E2876.34751
G1 X229.03 Y231.075
G1 F2400 E2870.34751
G0 F15000 X200.89 Y230.89
G0 X200.63 Y230.63
M204 S1250
;TYPE:WALL-INNER
G1 F2400 E2876.34751
G1 F7592.6 X200.63 Y238.498 E2876.4849
G1 X229.37 Y238.498 E2876.98674
G1 X229.37 Y230.63 E2877.12413
G1 X200.63 Y230.63 E2877.62598
M204 S2500
G0 F15000 X200.21 Y230.21
M204 S1250
;TYPE:WALL-OUTER
G1 F7500 X200.21 Y238.918 E2877.77803
G1 X229.79 Y238.918 E2878.29455
G1 X229.79 Y230.21 E2878.4466
G1 X200.21 Y230.21 E2878.96311
M204 S2500
G0 F15000 X200.21 Y230.41
G0 X201.24 Y231.116
G1 F2400 E2872.96311
;MESH:NONMESH
G0 F600 X201.24 Y231.116 Z19.3
G0 F15000 X227.439 Y230.44
G0 X227.439 Y229.335
G0 X227.439 Y200.665
G0 X227.439 Y199.56
G0 X227.439 Y191.987
;TIME_ELAPSED:2414.324922
;LAYER:190
;note -- min layer time used
;TYPE:FILL
;MESH:table_soft_spacer_30x30-Body.stl
G1 F2400 E2878.96311
G1 F7662.2 X228.127 Y192.676 E2878.98214
G1 X228.925 Y192.676 E2878.99773
G1 X228.925 Y193.008 E2879.00422
G1 X228.128 Y193.008 E2879.01979
G1 X222.21 Y198.925 E2879.18332
G1 X225.514 Y198.925 E2879.24788
G1 X218.576 Y191.987 E2879.43961
G1 X211.423 Y191.987 E2879.57938
G1 X204.485 Y198.925 E2879.7711
G1 X207.788 Y198.925 E2879.83565
G1 X201.871 Y193.008 E2879.99916
G1 X201.075 Y193.008 E2880.01471
G1 X201.075 Y192.676 E2880.0212
G1 X201.871 Y192.676 E2880.03675
G1 X202.56 Y191.987 E2880.05579
G1 X209.713 Y191.987 E2880.19557
G1 X216.651 Y198.925 E2880.38729
G1 X213.348 Y198.925 E2880.45183
G1 X220.286 Y191.987 E2880.64356
G1 X228.925 Y191.987 E2880.81237
G1 X229.03 Y191.987
G1 F2400 E2874.81237
G0 F15000 X200.89 Y199.11
G0 X200.63 Y199.37
M204 S1250
;TYPE:WALL-INNER
G1 F2400 E2880.81237
G1 F7581.1 X229.37 Y199.37 E2881.31421
G1 X229.37 Y191.542 E2881.4509
G1 X200.63 Y191.542 E2881.95275
G1 X200.63 Y199.37 E2882.08944
M204 S2500
G0 F15000 X200.21 Y199.79
M204 S1250
;TYPE:WALL-OUTER
G1 F7500 X229.79 Y199.79 E2882.60595
G1 X229.79 Y191.122 E2882.75731
G1 X200.21 Y191.122 E2883.27382
G1 X200.21 Y199.79 E2883.42518
M204 S2500
G0 F15000 X200.41 Y199.79
G0 X201.116 Y198.76
G1 F2400 E2877.42518
G0 F15000 X225.513 Y199.56
G0 X225.513 Y200.665
G0 X225.513 Y229.335
G0 X225.513 Y230.44
G0 X225.513 Y231.075
;TYPE:FILL
G1 F2400 E2883.42518
G1 F7662.2 X218.579 Y238.009 E2883.61679
G1 X211.42 Y238.009 E2883.75668
G1 X204.486 Y231.075 E2883.9483
G1 X207.787 Y231.075 E2884.0128
G1 X201.871 Y236.991 E2884.17628
G1 X201.075 Y236.991 E2884.19184
G1 X201.075 Y237.323 E2884.19833
G1 X201.871 Y237.323 E2884.21388
G1 X202.557 Y238.009 E2884.23284
G1 X209.716 Y238.009 E2884.37273
G1 X216.65 Y231.075 E2884.56434
G1 X213.349 Y231.075 E2884.62884
G1 X220.283 Y238.009 E2884.82046
G1 X227.442 Y238.009 E2884.96035
G1 X228.127 Y237.323 E2884.97929
G1 X228.925 Y237.323 E2884.99489
G1 X228.925 Y236.991 E2885.00137
G1 X228.128 Y236.991 E2885.01695
G1 X222.212 Y231.075 E2885.18043
G1 X228.925 Y231.075 E2885.31161
G1 X229.03 Y231.075
G1 F2400 E2879.31161
G0 F15000 X200.89 Y230.89
G0 X200.63 Y230.63
M204 S1250
;TYPE:WALL-INNER
G1 F2400 E2885.31161
G1 F7581.1 X200.63 Y238.454 E2885.44822
G1 X229.37 Y238.454 E2885.95007
G1 X229.37 Y230.63 E2886.08669
G1 X200.63 Y230.63 E2886.58854
M204 S2500
G0 F15000 X200.21 Y230.21
M204 S1250
;TYPE:WALL-OUTER
G1 F7500 X200.21 Y238.874 E2886.73982
G1 X229.79 Y238.874 E2887.25634
G1 X229.79 Y230.21 E2887.40762
G1 X200.21 Y230.21 E2887.92414
M204 S2500
G0 F15000 X200.21 Y230.41
G0 X201.24 Y231.116
G1 F2400 E2881.92414
;MESH:NONMESH
G0 F600 X201.24 Y231.116 Z19.4
G0 F15000 X201.075 Y230.44
G0 X201.075 Y229.335
G0 X201.075 Y200.665
G0 X201.075 Y199.56
G0 X201.075 Y192.031
;TIME_ELAPSED:2423.715388
;LAYER:191
;note -- min layer time used
;TYPE:FILL
;MESH:table_soft_spacer_30x30-Body.stl
G1 F2400 E2887.92414
G1 F7073.6 X201.075 Y192.212 E2887.92767
G1 X207.788 Y198.925 E2888.11318
G1 X204.485 Y198.925 E2888.17772
G1 X211.378 Y192.033 E2888.36819
G1 X218.623 Y192.034 E2888.50976
G1 X225.514 Y198.925 E2888.70019
G1 X222.21 Y198.925 E2888.76475
G1 X228.128 Y193.008 E2888.92827
G1 X228.925 Y193.008 E2888.94385
G1 X228.925 Y192.676 E2888.95034
G1 X228.128 Y192.676 E2888.96591
G1 X227.487 Y192.035 E2888.98362
G1 X220.239 Y192.034 E2889.12525
G1 X213.348 Y198.925 E2889.31568
G1 X216.651 Y198.925 E2889.38022
G1 X209.758 Y192.033 E2889.57069
G1 X202.516 Y192.031 E2889.7122
G1 X201.075 Y193.472 E2889.75202
G1 X201.075 Y192.031 E2889.78018
G0 F15000 X200.89 Y199.11
G0 X200.63 Y199.37
M204 S1250
;TYPE:WALL-INNER
G1 F7073.6 X229.37 Y199.37 E2890.28202
G1 X229.37 Y191.59 E2890.41788
G1 X200.63 Y191.586 E2890.91972
G1 X200.63 Y199.37 E2891.05564
M204 S2500
G0 F15000 X200.21 Y199.79
M204 S1250
;TYPE:WALL-OUTER
G1 F7073.6 X229.79 Y199.79 E2891.57215
G1 X229.79 Y191.17 E2891.72267
G1 X200.21 Y191.166 E2892.23919
G1 X200.21 Y199.79 E2892.38978
M204 S2500
G0 F15000 X200.41 Y199.79
G0 X201.116 Y198.76
G1 F2400 E2886.38978
G0 F15000 X225.513 Y199.56
G0 X225.513 Y200.665
G0 X225.513 Y229.335
G0 X225.513 Y230.44
G0 X225.513 Y231.075
;TYPE:FILL
G1 F2400 E2892.38978
G1 F7073.6 X218.623 Y237.965 E2892.58018
G1 X211.376 Y237.965 E2892.72178
G1 X204.486 Y231.075 E2892.91218
G1 X207.787 Y231.075 E2892.97669
G1 X201.871 Y236.991 E2893.14017
G1 X201.075 Y236.991 E2893.15572
G1 X201.075 Y237.323 E2893.16221
G1 X201.871 Y237.323 E2893.17777
G1 X202.513 Y237.965 E2893.19551
G1 X209.76 Y237.965 E2893.33712
G1 X216.65 Y231.075 E2893.52752
G1 X213.349 Y231.075 E2893.59202
G1 X220.239 Y237.965 E2893.78242
G1 X227.485 Y237.965 E2893.92401
G1 X228.127 Y237.323 E2893.94175
G1 X228.925 Y237.323 E2893.95734
G1 X228.925 Y236.991 E2893.96383
G1 X228.128 Y236.991 E2893.9794
G1 X222.212 Y231.075 E2894.14289
G1 X228.925 Y231.075 E2894.27406
G1 X229.03 Y231.075
G1 F2400 E2888.27406
G0 F15000 X200.89 Y230.89
G0 X200.63 Y230.63
M204 S1250
;TYPE:WALL-INNER
G1 F2400 E2894.27406
G1 F7073.6 X200.63 Y238.41 E2894.40991
G1 X229.37 Y238.41 E2894.91176
G1 X229.37 Y230.63 E2895.04761
G1 X200.63 Y230.63 E2895.54945
M204 S2500
G0 F15000 X200.21 Y230.21
M204 S1250
;TYPE:WALL-OUTER
G1 F7073.6 X200.21 Y238.83 E2895.69997
G1 X229.79 Y238.83 E2896.21649
G1 X229.79 Y230.21 E2896.367
G1 X200.21 Y230.21 E2896.88352
M204 S2500
G0 F15000 X200.21 Y230.41
G0 X201.24 Y231.116
G1 F2400 E2890.88352
;MESH:NONMESH
G0 F600 X201.24 Y231.116 Z19.5
G0 F15000 X227.535 Y230.44
G0 X227.535 Y229.335
G0 X227.535 Y200.665
G0 X227.535 Y199.56
G0 X227.535 Y192.083
;TIME_ELAPSED:2432.940406
;LAYER:192
;note -- min layer time used
;TYPE:FILL
;MESH:table_soft_spacer_30x30-Body.stl
G1 F2400 E2896.88352
G1 F7611.6 X228.128 Y192.676 E2896.8999
G1 X228.925 Y192.676 E2896.91548
G1 X228.925 Y193.008 E2896.92197
G1 X228.128 Y193.008 E2896.93754
G1 X222.21 Y198.925 E2897.10106
G1 X225.514 Y198.925 E2897.16563
G1 X218.672 Y192.083 E2897.3547
G1 X211.327 Y192.083 E2897.49822
G1 X204.485 Y198.925 E2897.6873
G1 X207.788 Y198.925 E2897.75184
G1 X201.871 Y193.008 E2897.91535
G1 X201.075 Y193.008 E2897.9309
G1 X201.075 Y192.676 E2897.93739
G1 X201.871 Y192.676 E2897.95294
G1 X202.464 Y192.083 E2897.96933
G1 X209.809 Y192.083 E2898.11286
G1 X216.651 Y198.925 E2898.30193
G1 X213.348 Y198.925 E2898.36647
G1 X220.19 Y192.083 E2898.55554
G1 X228.925 Y192.083 E2898.72623
G1 X229.03 Y192.083
G1 F2400 E2892.72623
G0 F15000 X200.89 Y199.11
G0 X200.63 Y199.37
M204 S1250
;TYPE:WALL-INNER
G1 F2400 E2898.72623
G1 F7555.8 X229.37 Y199.37 E2899.22807
G1 X229.37 Y191.638 E2899.36309
G1 X200.63 Y191.638 E2899.86493
G1 X200.63 Y199.37 E2899.99995
M204 S2500
G0 F15000 X200.21 Y199.79
M204 S1250
;TYPE:WALL-OUTER
G1 F7500 X229.79 Y199.79 E2900.51646
G1 X229.79 Y191.218 E2900.66614
G1 X200.21 Y191.218 E2901.18265
G1 X200.21 Y199.79 E2901.33233
M204 S2500
G0 F15000 X200.41 Y199.79
G0 X201.116 Y198.76
G1 F2400 E2895.33233
G0 F15000 X225.513 Y199.56
G0 X225.513 Y200.665
G0 X225.513 Y229.335
G0 X225.513 Y230.44
G0 X225.513 Y231.075
;TYPE:FILL
G1 F2400 E2901.33233
G1 F7611.6 X218.675 Y237.912 E2901.52128
G1 X211.324 Y237.912 E2901.66492
G1 X204.486 Y231.075 E2901.85387
G1 X207.787 Y231.075 E2901.91837
G1 X201.871 Y236.991 E2902.08186
G1 X201.075 Y236.991 E2902.09741
G1 X201.075 Y237.323 E2902.1039
G1 X201.872 Y237.323 E2902.11947
G1 X202.461 Y237.912 E2902.13575
G1 X209.812 Y237.912 E2902.27939
G1 X216.65 Y231.075 E2902.46834
G1 X213.349 Y231.075 E2902.53284
G1 X220.187 Y237.912 E2902.72179
G1 X227.538 Y237.912 E2902.86543
G1 X228.127 Y237.323 E2902.88171
G1 X228.925 Y237.323 E2902.8973
G1 X228.925 Y236.991 E2902.90379
G1 X228.128 Y236.991 E2902.91936
G1 X222.212 Y231.075 E2903.08285
G1 X228.925 Y231.075 E2903.21402
G1 X229.03 Y231.075
G1 F2400 E2897.21402
G0 F15000 X200.89 Y230.89
G0 X200.63 Y230.63
M204 S1250
;TYPE:WALL-INNER
G1 F2400 E2903.21402
G1 F7555.8 X200.63 Y238.358 E2903.34896
G1 X229.37 Y238.358 E2903.85081
G1 X229.37 Y230.63 E2903.98575
G1 X200.63 Y230.63 E2904.4876
M204 S2500
G0 F15000 X200.21 Y230.21
M204 S1250
;TYPE:WALL-OUTER
G1 F7500 X200.21 Y238.778 E2904.63721
G1 X229.79 Y238.778 E2905.15372
G1 X229.79 Y230.21 E2905.30333
G1 X200.21 Y230.21 E2905.81985
M204 S2500
G0 F15000 X200.21 Y230.41
G0 X201.24 Y231.116
G1 F2400 E2899.81985
;MESH:NONMESH
G0 F600 X201.24 Y231.116 Z19.6
G0 F15000 X227.587 Y230.44
G0 X227.587 Y229.335
G0 X227.587 Y200.665
G0 X227.587 Y199.56
G0 X227.587 Y192.135
;TIME_ELAPSED:2442.503509
;LAYER:193
;note -- min layer time used
;TYPE:FILL
;MESH:table_soft_spacer_30x30-Body.stl
G1 F2400 E2905.81985
G1 F7584.9 X228.128 Y192.676 E2905.8348
G1 X228.924 Y192.676 E2905.85035
G1 X228.925 Y193.008 E2905.85684
G1 X228.127 Y193.008 E2905.87243
G1 X222.21 Y198.925 E2906.03594
G1 X225.514 Y198.925 E2906.1005
G1 X218.724 Y192.135 E2906.28814
G1 X211.276 Y192.134 E2906.43368
G1 X204.485 Y198.925 E2906.62134
G1 X207.788 Y198.925 E2906.68588
G1 X201.871 Y193.008 E2906.84939
G1 X201.075 Y193.008 E2906.86495
G1 X201.075 Y192.676 E2906.87143
G1 X201.871 Y192.676 E2906.88699
G1 X202.413 Y192.134 E2906.90197
G1 X209.861 Y192.135 E2907.0475
G1 X216.651 Y198.925 E2907.23514
G1 X213.348 Y198.925 E2907.29968
G1 X220.139 Y192.134 E2907.48734
G1 X228.925 Y192.135 E2907.65903
G1 X229.03 Y192.135
G1 F2400 E2901.65903
G0 F15000 X200.89 Y199.11
G0 X200.63 Y199.37
M204 S1250
;TYPE:WALL-INNER
G1 F2400 E2907.65903
G1 F7542.4 X229.37 Y199.37 E2908.16087
G1 X229.37 Y191.69 E2908.29498
G1 X200.63 Y191.69 E2908.79682
G1 X200.63 Y199.37 E2908.93093
M204 S2500
G0 F15000 X200.21 Y199.79
M204 S1250
;TYPE:WALL-OUTER
G1 F7500 X229.79 Y199.79 E2909.44744
G1 X229.79 Y191.27 E2909.59621
G1 X200.21 Y191.27 E2910.11273
G1 X200.21 Y199.79 E2910.2615
M204 S2500
G0 F15000 X200.41 Y199.79
G0 X201.116 Y198.76
G1 F2400 E2904.2615
G0 F15000 X225.513 Y199.56
G0 X225.513 Y200.665
G0 X225.513 Y229.335
G0 X225.513 Y230.44
G0 X225.513 Y231.075
;TYPE:FILL
G1 F2400 E2910.2615
G1 F7584.9 X218.724 Y237.863 E2910.44909
G1 X211.274 Y237.863 E2910.59467
G1 X204.486 Y231.075 E2910.78225
G1 X207.787 Y231.075 E2910.84675
G1 X201.871 Y236.991 E2911.01024
G1 X201.075 Y236.991 E2911.02579
G1 X201.075 Y237.323 E2911.03228
G1 X201.871 Y237.323 E2911.04783
G1 X202.412 Y237.864 E2911.06278
G1 X209.861 Y237.864 E2911.20834
G1 X216.65 Y231.075 E2911.39595
G1 X213.349 Y231.075 E2911.46045
G1 X220.136 Y237.862 E2911.648
G1 X227.588 Y237.862 E2911.79362
G1 X228.128 Y237.322 E2911.80854
G1 X228.925 Y237.322 E2911.82411
G1 X228.925 Y236.99 E2911.8306
G1 X228.127 Y236.99 E2911.84619
G1 X222.212 Y231.075 E2912.00965
G1 X228.925 Y231.075 E2912.14082
G1 X229.03 Y231.075
G1 F2400 E2906.14082
G0 F15000 X200.89 Y230.89
G0 X200.63 Y230.63
M204 S1250
;TYPE:WALL-INNER
G1 F2400 E2912.14082
G1 F7542.4 X200.63 Y238.31 E2912.27493
G1 X229.37 Y238.306 E2912.77677
G1 X229.37 Y230.63 E2912.91081
G1 X200.63 Y230.63 E2913.41266
M204 S2500
G0 F15000 X200.21 Y230.21
M204 S1250
;TYPE:WALL-OUTER
G1 F7500 X200.21 Y238.73 E2913.56143
G1 X229.79 Y238.726 E2914.07794
G1 X229.79 Y230.21 E2914.22664
G1 X200.21 Y230.21 E2914.74316
M204 S2500
G0 F15000 X200.21 Y230.41
G0 X201.24 Y231.116
G1 F2400 E2908.74316
;MESH:NONMESH
G0 F600 X201.24 Y231.116 Z19.7
G0 F15000 X227.634 Y230.44
G0 X227.634 Y229.335
G0 X227.634 Y200.665
G0 X227.634 Y199.56
G0 X227.634 Y192.182
;TIME_ELAPSED:2452.058285
;LAYER:194
;note -- min layer time used
;TYPE:FILL
;MESH:table_soft_spacer_30x30-Body.stl
G1 F2400 E2914.74316
G1 F7559.2 X228.128 Y192.676 E2914.75681
G1 X228.925 Y192.676 E2914.77238
G1 X228.925 Y193.008 E2914.77887
G1 X228.128 Y193.008 E2914.79444
G1 X222.21 Y198.925 E2914.95797
G1 X225.514 Y198.925 E2915.02253
G1 X218.771 Y192.182 E2915.20887
G1 X211.228 Y192.182 E2915.35626
G1 X204.485 Y198.925 E2915.5426
G1 X207.788 Y198.925 E2915.60714
G1 X201.871 Y193.008 E2915.77065
G1 X201.075 Y193.008 E2915.7862
G1 X201.075 Y192.676 E2915.79269
G1 X201.871 Y192.676 E2915.80825
G1 X202.365 Y192.182 E2915.8219
G1 X209.908 Y192.182 E2915.96929
G1 X216.651 Y198.925 E2916.15563
G1 X213.348 Y198.925 E2916.22017
G1 X220.091 Y192.182 E2916.40651
G1 X228.925 Y192.183 E2916.57913
G1 X229.03 Y192.183
G1 F2400 E2910.57913
G0 F15000 X200.89 Y199.11
G0 X200.63 Y199.37
M204 S1250
;TYPE:WALL-INNER
G1 F2400 E2916.57913
G1 F7529.6 X229.37 Y199.37 E2917.08097
G1 X229.37 Y191.738 E2917.21424
G1 X200.63 Y191.738 E2917.71608
G1 X200.63 Y199.37 E2917.84935
M204 S2500
G0 F15000 X200.21 Y199.79
M204 S1250
;TYPE:WALL-OUTER
G1 F7500 X229.79 Y199.79 E2918.36586
G1 X229.79 Y191.318 E2918.5138
G1 X200.21 Y191.318 E2919.03031
G1 X200.21 Y199.79 E2919.17825
M204 S2500
G0 F15000 X200.41 Y199.79
G0 X201.116 Y198.76
G1 F2400 E2913.17825
G0 F15000 X225.513 Y199.56
G0 X225.513 Y200.665
G0 X225.513 Y229.335
G0 X225.513 Y230.44
G0 X225.513 Y231.075
;TYPE:FILL
G1 F2400 E2919.17825
G1 F7559.2 X218.774 Y237.813 E2919.36446
G1 X211.225 Y237.813 E2919.51197
G1 X204.486 Y231.075 E2919.69818
G1 X207.787 Y231.075 E2919.76268
G1 X201.871 Y236.991 E2919.92617
G1 X201.075 Y236.991 E2919.94172
G1 X201.075 Y237.323 E2919.94821
G1 X201.872 Y237.323 E2919.96378
G1 X202.362 Y237.813 E2919.97732
G1 X209.911 Y237.813 E2920.12483
G1 X216.65 Y231.075 E2920.31105
G1 X213.349 Y231.075 E2920.37555
G1 X220.088 Y237.813 E2920.56176
G1 X227.637 Y237.813 E2920.70927
G1 X228.127 Y237.323 E2920.72281
G1 X228.925 Y237.323 E2920.73841
G1 X228.925 Y236.991 E2920.74489
G1 X228.128 Y236.991 E2920.76047
G1 X222.212 Y231.075 E2920.92395
G1 X228.925 Y231.075 E2921.05513
G1 X229.03 Y231.075
G1 F2400 E2915.05513
G0 F15000 X200.89 Y230.89
G0 X200.63 Y230.63
M204 S1250
;TYPE:WALL-INNER
G1 F2400 E2921.05513
G1 F7529.6 X200.63 Y238.258 E2921.18832
G1 X229.37 Y238.258 E2921.69017
G1 X229.37 Y230.63 E2921.82337
G1 X200.63 Y230.63 E2922.32521
M204 S2500
G0 F15000 X200.21 Y230.21
M204 S1250
;TYPE:WALL-OUTER
G1 F7500 X200.21 Y238.678 E2922.47308
G1 X229.79 Y238.678 E2922.98959
G1 X229.79 Y230.21 E2923.13745
G1 X200.21 Y230.21 E2923.65397
M204 S2500
G0 F15000 X200.21 Y230.41
G0 X201.24 Y231.116
G1 F2400 E2917.65397
;MESH:NONMESH
G0 F600 X201.24 Y231.116 Z19.8
G0 F15000 X201.539 Y230.44
G0 X201.539 Y229.335
G0 X201.539 Y200.665
G0 X201.539 Y199.56
G0 X201.539 Y192.235
;TIME_ELAPSED:2461.424452
;LAYER:195
;note -- min layer time used
;TYPE:FILL
;MESH:table_soft_spacer_30x30-Body.stl
G1 F2400 E2923.65397
G1 F7005.9 X201.871 Y192.235 E2923.66045
G1 X201.871 Y193.008 E2923.67556
G1 X207.788 Y198.925 E2923.83907
G1 X213.348 Y198.925 E2923.94771
G1 X219.265 Y193.008 E2924.11123
G1 X219.265 Y192.235 E2924.12633
G1 X219.597 Y192.235 E2924.13282
G1 X219.597 Y193.009 E2924.14794
G1 X225.514 Y198.925 E2924.31144
G1 X228.925 Y198.925 E2924.37809
G1 X228.925 Y193.474 E2924.48461
G1 X227.686 Y192.235 E2924.51885
G1 X228.925 Y192.235 E2924.54306
G1 X228.901 Y192.235 E2924.54352
G1 X222.21 Y198.925 E2924.72841
G1 X216.651 Y198.925 E2924.83704
G1 X210.734 Y193.008 E2925.00055
G1 X210.734 Y192.235 E2925.01565
G1 X210.402 Y192.235 E2925.02214
G1 X210.402 Y193.008 E2925.03724
G1 X204.485 Y198.925 E2925.20076
G1 X201.075 Y198.925 E2925.26739
G1 X201.075 Y193.472 E2925.37394
G1 X201.539 Y193.008 E2925.38676
G1 X201.539 Y192.235 E2925.40187
G0 F15000 X200.89 Y199.11
G0 X200.63 Y199.37
M204 S1250
;TYPE:WALL-INNER
G1 F7005.9 X229.37 Y199.37 E2925.90371
G1 X229.37 Y191.79 E2926.03607
G1 X200.63 Y191.79 E2926.53792
G1 X200.63 Y199.37 E2926.67028
M204 S2500
G0 F15000 X200.21 Y199.79
M204 S1250
;TYPE:WALL-OUTER
G1 F7005.9 X229.79 Y199.79 E2927.18679
G1 X229.79 Y191.37 E2927.33382
G1 X200.21 Y191.37 E2927.85033
G1 X200.21 Y199.79 E2927.99736
M204 S2500
G0 F15000 X200.41 Y199.79
G0 X201.116 Y198.76
G1 F2400 E2921.99736
G0 F15000 X225.513 Y199.56
G0 X225.513 Y200.665
G0 X225.513 Y229.335
G0 X225.513 Y230.44
G0 X225.513 Y231.075
;TYPE:FILL
G1 F2400 E2927.99736
G1 F7005.9 X218.824 Y237.763 E2928.18219
G1 X211.175 Y237.763 E2928.33165
G1 X204.486 Y231.075 E2928.51648
G1 X207.787 Y231.075 E2928.58099
G1 X201.075 Y237.786 E2928.76645
G1 X201.075 Y236.527 E2928.79105
G1 X202.313 Y237.765 E2928.82527
G1 X209.96 Y237.765 E2928.97469
G1 X216.65 Y231.075 E2929.15956
G1 X213.349 Y231.075 E2929.22407
G1 X220.036 Y237.762 E2929.40886
G1 X227.688 Y237.762 E2929.55838
G1 X228.925 Y236.525 E2929.59256
G1 X228.925 Y237.761 E2929.61671
G1 X228.898 Y237.761 E2929.61724
G1 X222.212 Y231.075 E2929.802
G1 X228.925 Y231.075 E2929.93318
G1 X229.03 Y231.075
G1 F2400 E2923.93318
G0 F15000 X200.89 Y230.89
G0 X200.63 Y230.63
M204 S1250
;TYPE:WALL-INNER
G1 F2400 E2929.93318
G1 F7005.9 X200.63 Y238.21 E2930.06554
G1 X229.37 Y238.206 E2930.56738
G1 X229.37 Y230.63 E2930.69967
G1 X200.63 Y230.63 E2931.20152
M204 S2500
G0 F15000 X200.21 Y230.21
M204 S1250
;TYPE:WALL-OUTER
G1 F7005.9 X200.21 Y238.63 E2931.34854
G1 X229.79 Y238.626 E2931.86506
G1 X229.79 Y230.21 E2932.01201
G1 X200.21 Y230.21 E2932.52853
M204 S2500
G0 F15000 X200.21 Y230.41
G0 X201.24 Y231.116
G1 F2400 E2926.52853
;MESH:NONMESH
G0 F600 X201.24 Y231.116 Z19.9
G0 F15000 X201.539 Y230.44
G0 X201.539 Y229.335
G0 X201.539 Y200.665
G0 X201.539 Y199.56
G0 X201.539 Y192.291
;TIME_ELAPSED:2470.494649
;LAYER:196
;note -- min layer time used
;TYPE:FILL
;MESH:table_soft_spacer_30x30-Body.stl
G1 F2400 E2932.52853
G1 F6986.8 X201.871 Y192.291 E2932.53501
G1 X201.871 Y193.008 E2932.54902
G1 X207.788 Y198.925 E2932.71253
G1 X213.348 Y198.925 E2932.82118
G1 X219.265 Y193.008 E2932.98469
G1 X219.265 Y192.291 E2932.9987
G1 X219.597 Y192.291 E2933.00519
G1 X219.597 Y193.008 E2933.0192
G1 X225.514 Y198.925 E2933.18271
G1 X228.925 Y198.925 E2933.24936
G1 X228.925 Y193.474 E2933.35588
G1 X227.743 Y192.291 E2933.38855
G1 X228.925 Y192.291 E2933.41165
G1 X228.845 Y192.291 E2933.41321
G1 X222.21 Y198.925 E2933.59655
G1 X216.651 Y198.925 E2933.70518
G1 X210.734 Y193.008 E2933.86869
G1 X210.734 Y192.291 E2933.8827
G1 X210.402 Y192.291 E2933.88919
G1 X210.402 Y193.008 E2933.9032
G1 X204.485 Y198.925 E2934.06671
G1 X201.075 Y198.925 E2934.13334
G1 X201.075 Y193.472 E2934.2399
G1 X201.539 Y193.008 E2934.25272
G1 X201.539 Y192.291 E2934.26673
G0 F15000 X200.89 Y199.11
G0 X200.63 Y199.37
M204 S1250
;TYPE:WALL-INNER
G1 F6986.8 X229.37 Y199.37 E2934.76857
G1 X229.37 Y191.846 E2934.89995
G1 X200.63 Y191.846 E2935.4018
G1 X200.63 Y199.37 E2935.53318
M204 S2500
G0 F15000 X200.21 Y199.79
M204 S1250
;TYPE:WALL-OUTER
G1 F6986.8 X229.79 Y199.79 E2936.04969
G1 X229.79 Y191.426 E2936.19574
G1 X200.21 Y191.426 E2936.71226
G1 X200.21 Y199.79 E2936.8583
M204 S2500
G0 F15000 X200.41 Y199.79
G0 X201.116 Y198.76
G1 F2400 E2930.8583
G0 F15000 X225.513 Y199.56
G0 X225.513 Y200.665
G0 X225.513 Y229.335
G0 X225.513 Y230.44
G0 X225.513 Y231.075
;TYPE:FILL
G1 F2400 E2936.8583
G1 F6986.8 X218.88 Y237.707 E2937.04159
G1 X211.117 Y237.706 E2937.19328
G1 X204.486 Y231.075 E2937.37652
G1 X207.787 Y231.075 E2937.44102
G1 X201.156 Y237.705 E2937.62425
G1 X201.075 Y237.705 E2937.62584
G1 X201.075 Y236.527 E2937.64885
G1 X202.253 Y237.705 E2937.68141
G1 X210.018 Y237.706 E2937.83314
G1 X216.65 Y231.075 E2938.01639
G1 X213.349 Y231.075 E2938.0809
G1 X219.982 Y237.707 E2938.26418
G1 X227.741 Y237.709 E2938.41579
G1 X228.925 Y236.525 E2938.44851
G1 X228.925 Y237.709 E2938.47165
G1 X228.845 Y237.708 E2938.47321
G1 X222.212 Y231.075 E2938.65651
G1 X228.925 Y231.075 E2938.78768
G1 X229.03 Y231.075
G1 F2400 E2932.78768
G0 F15000 X200.89 Y230.89
G0 X200.63 Y230.63
M204 S1250
;TYPE:WALL-INNER
G1 F2400 E2938.78768
G1 F6986.8 X200.63 Y238.15 E2938.919
G1 X229.37 Y238.154 E2939.42084
G1 X229.37 Y230.63 E2939.55222
G1 X200.63 Y230.63 E2940.05407
M204 S2500
G0 F15000 X200.21 Y230.21
M204 S1250
;TYPE:WALL-OUTER
G1 F6986.8 X200.21 Y238.57 E2940.20005
G1 X229.79 Y238.574 E2940.71656
G1 X229.79 Y230.21 E2940.86261
G1 X200.21 Y230.21 E2941.37912
M204 S2500
G0 F15000 X200.21 Y230.41
G0 X201.24 Y231.116
G1 F2400 E2935.37912
;MESH:NONMESH
G0 F600 X201.24 Y231.116 Z20
G0 F15000 X201.539 Y230.44
G0 X201.539 Y229.335
G0 X201.539 Y200.665
G0 X201.539 Y199.56
G0 X201.539 Y192.346
;TIME_ELAPSED:2479.559287
;LAYER:197
;note -- min layer time used
;TYPE:FILL
;MESH:table_soft_spacer_30x30-Body.stl
G1 F2400 E2941.37912
G1 F6968.3 X201.871 Y192.346 E2941.38561
G1 X201.871 Y193.008 E2941.39854
G1 X207.788 Y198.925 E2941.56206
G1 X213.348 Y198.925 E2941.6707
G1 X219.265 Y193.007 E2941.83423
G1 X219.265 Y192.346 E2941.84714
G1 X219.596 Y192.346 E2941.85361
G1 X219.597 Y193.008 E2941.86655
G1 X225.514 Y198.925 E2942.03006
G1 X228.925 Y198.925 E2942.09671
G1 X228.925 Y193.474 E2942.20322
G1 X227.798 Y192.346 E2942.23438
G1 X228.925 Y192.347 E2942.2564
G1 X228.789 Y192.346 E2942.25906
G1 X222.21 Y198.925 E2942.44087
G1 X216.651 Y198.925 E2942.54949
G1 X210.734 Y193.008 E2942.713
G1 X210.734 Y192.346 E2942.72594
G1 X210.402 Y192.346 E2942.73242
G1 X210.402 Y193.008 E2942.74536
G1 X204.485 Y198.925 E2942.90887
G1 X201.075 Y198.925 E2942.9755
G1 X201.075 Y193.472 E2943.08206
G1 X201.539 Y193.008 E2943.09488
G1 X201.539 Y192.346 E2943.10782
G0 F15000 X200.89 Y199.11
G0 X200.63 Y199.37
M204 S1250
;TYPE:WALL-INNER
G1 F6968.3 X229.37 Y199.37 E2943.60966
G1 X229.37 Y191.902 E2943.74006
G1 X200.63 Y191.902 E2944.24191
G1 X200.63 Y199.37 E2944.37231
M204 S2500
G0 F15000 X200.21 Y199.79
M204 S1250
;TYPE:WALL-OUTER
G1 F6968.3 X229.79 Y199.79 E2944.88883
G1 X229.79 Y191.482 E2945.0339
G1 X200.21 Y191.482 E2945.55041
G1 X200.21 Y199.79 E2945.69548
M204 S2500
G0 F15000 X200.41 Y199.79
G0 X201.116 Y198.76
G1 F2400 E2939.69548
G0 F15000 X225.513 Y199.56
G0 X225.513 Y200.665
G0 X225.513 Y229.335
G0 X225.513 Y230.44
G0 X225.513 Y231.075
;TYPE:FILL
G1 F2400 E2945.69548
G1 F6968.3 X218.935 Y237.652 E2945.87725
G1 X211.061 Y237.65 E2946.03111
G1 X204.486 Y231.075 E2946.2128
G1 X207.787 Y231.075 E2946.2773
G1 X201.211 Y237.65 E2946.45901
G1 X201.075 Y237.649 E2946.46167
G1 X201.075 Y236.527 E2946.48359
G1 X202.198 Y237.649 E2946.51461
G1 X210.074 Y237.651 E2946.66851
G1 X216.65 Y231.075 E2946.85024
G1 X213.349 Y231.075 E2946.91474
G1 X219.926 Y237.652 E2947.09649
G1 X227.797 Y237.653 E2947.25029
G1 X228.924 Y236.526 E2947.28143
G1 X228.925 Y237.653 E2947.30346
G1 X228.789 Y237.652 E2947.30611
G1 X222.212 Y231.075 E2947.48786
G1 X228.925 Y231.075 E2947.61904
G1 X229.03 Y231.075
G1 F2400 E2941.61904
G0 F15000 X200.89 Y230.89
G0 X200.63 Y230.63
M204 S1250
;TYPE:WALL-INNER
G1 F2400 E2947.61904
G1 F6968.3 X200.63 Y238.094 E2947.74937
G1 X229.37 Y238.098 E2948.25122
G1 X229.37 Y230.63 E2948.38162
G1 X200.63 Y230.63 E2948.88346
M204 S2500
G0 F15000 X200.21 Y230.21
M204 S1250
;TYPE:WALL-OUTER
G1 F6968.3 X200.21 Y238.514 E2949.02847
G1 X229.79 Y238.518 E2949.54498
G1 X229.79 Y230.21 E2949.69005
G1 X200.21 Y230.21 E2950.20656
M204 S2500
G0 F15000 X200.21 Y230.41
G0 X201.24 Y231.116
G1 F2400 E2944.20656
;MESH:NONMESH
G0 F600 X201.24 Y231.116 Z20.1
G0 F15000 X201.539 Y230.44
G0 X201.539 Y229.335
G0 X201.539 Y200.665
G0 X201.539 Y199.56
G0 X201.539 Y192.403
;TIME_ELAPSED:2488.616052
;LAYER:198
;note -- min layer time used
;TYPE:FILL
;MESH:table_soft_spacer_30x30-Body.stl
G1 F2400 E2950.20656
G1 F6949.3 X201.871 Y192.403 E2950.21305
G1 X201.871 Y193.008 E2950.22487
G1 X207.788 Y198.925 E2950.38838
G1 X213.348 Y198.925 E2950.49703
G1 X219.265 Y193.008 E2950.66054
G1 X219.265 Y192.403 E2950.67236
G1 X219.597 Y192.403 E2950.67885
G1 X219.597 Y193.008 E2950.69067
G1 X225.514 Y198.925 E2950.85418
G1 X228.925 Y198.925 E2950.92083
G1 X228.925 Y193.474 E2951.02735
G1 X227.855 Y192.403 E2951.05693
G1 X228.925 Y192.403 E2951.07784
G1 X228.733 Y192.403 E2951.08159
G1 X222.21 Y198.925 E2951.26183
G1 X216.651 Y198.925 E2951.37046
G1 X210.734 Y193.008 E2951.53397
G1 X210.734 Y192.403 E2951.54579
G1 X210.402 Y192.403 E2951.55228
G1 X210.402 Y193.008 E2951.5641
G1 X204.485 Y198.925 E2951.72761
G1 X201.075 Y198.925 E2951.79425
G1 X201.075 Y193.472 E2951.9008
G1 X201.539 Y193.008 E2951.91362
G1 X201.539 Y192.403 E2951.92544
G0 F15000 X200.89 Y199.11
G0 X200.63 Y199.37
M204 S1250
;TYPE:WALL-INNER
G1 F6949.3 X229.37 Y199.37 E2952.42729
G1 X229.37 Y191.958 E2952.55671
G1 X200.63 Y191.958 E2953.05856
G1 X200.63 Y199.37 E2953.18799
M204 S2500
G0 F15000 X200.21 Y199.79
M204 S1250
;TYPE:WALL-OUTER
G1 F6949.3 X229.79 Y199.79 E2953.7045
G1 X229.79 Y191.538 E2953.84859
G1 X200.21 Y191.538 E2954.3651
G1 X200.21 Y199.79 E2954.5092
M204 S2500
G0 F15000 X200.41 Y199.79
G0 X201.116 Y198.76
G1 F2400 E2948.5092
G0 F15000 X225.513 Y199.56
G0 X225.513 Y200.665
G0 X225.513 Y229.335
G0 X225.513 Y230.44
G0 X225.513 Y231.075
;TYPE:FILL
G1 F2400 E2954.5092
G1 F6949.3 X218.995 Y237.593 E2954.68932
G1 X211.004 Y237.593 E2954.84546
G1 X204.486 Y231.075 E2955.02558
G1 X207.787 Y231.075 E2955.09009
G1 X201.269 Y237.593 E2955.27021
G1 X201.075 Y237.593 E2955.274
G1 X201.075 Y236.527 E2955.29483
G1 X202.141 Y237.593 E2955.32429
G1 X210.132 Y237.593 E2955.48043
G1 X216.65 Y231.075 E2955.66055
G1 X213.349 Y231.075 E2955.72505
G1 X219.867 Y237.593 E2955.90517
G1 X227.857 Y237.593 E2956.0613
G1 X228.925 Y236.525 E2956.09081
G1 X228.925 Y237.593 E2956.11168
G1 X228.73 Y237.593 E2956.11549
G1 X222.212 Y231.075 E2956.29561
G1 X228.925 Y231.075 E2956.42679
G1 X229.03 Y231.075
G1 F2400 E2950.42679
G0 F15000 X200.89 Y230.89
G0 X200.63 Y230.63
M204 S1250
;TYPE:WALL-INNER
G1 F2400 E2956.42679
G1 F6949.3 X200.63 Y238.038 E2956.55614
G1 X229.37 Y238.038 E2957.05799
G1 X229.37 Y230.63 E2957.18734
G1 X200.63 Y230.63 E2957.68919
M204 S2500
G0 F15000 X200.21 Y230.21
M204 S1250
;TYPE:WALL-OUTER
G1 F6949.3 X200.21 Y238.458 E2957.83321
G1 X229.79 Y238.458 E2958.34973
G1 X229.79 Y230.21 E2958.49375
G1 X200.21 Y230.21 E2959.01026
M204 S2500
G0 F15000 X200.21 Y230.41
G0 X201.24 Y231.116
G1 F2400 E2953.01026
;MESH:NONMESH
G0 F600 X201.24 Y231.116 Z20.2
G0 F15000 X201.54 Y230.44
G0 X201.54 Y229.335
G0 X201.54 Y200.665
G0 X201.54 Y199.56
G0 X201.54 Y192.46
;TIME_ELAPSED:2497.662741
;LAYER:199
;note -- min layer time used
;TYPE:FILL
;MESH:table_soft_spacer_30x30-Body.stl
G1 F2400 E2959.01026
G1 F6930.6 X201.87 Y192.459 E2959.01671
G1 X201.87 Y193.008 E2959.02744
G1 X207.788 Y198.925 E2959.19096
G1 X213.348 Y198.925 E2959.29961
G1 X219.266 Y193.007 E2959.46315
G1 X219.266 Y192.46 E2959.47384
G1 X219.596 Y192.459 E2959.48028
G1 X219.596 Y193.008 E2959.49101
G1 X225.514 Y198.925 E2959.65454
G1 X228.925 Y198.925 E2959.72119
G1 X228.925 Y193.474 E2959.8277
G1 X227.911 Y192.46 E2959.85572
G1 X228.925 Y192.459 E2959.87554
G1 X228.677 Y192.459 E2959.88038
G1 X222.21 Y198.925 E2960.05908
G1 X216.651 Y198.925 E2960.16771
G1 X210.733 Y193.008 E2960.33123
G1 X210.733 Y192.459 E2960.34196
G1 X210.403 Y192.46 E2960.34841
G1 X210.403 Y193.007 E2960.3591
G1 X204.485 Y198.925 E2960.52263
G1 X201.075 Y198.925 E2960.58927
G1 X201.075 Y193.472 E2960.69582
G1 X201.54 Y193.007 E2960.70867
G1 X201.54 Y192.46 E2960.71936
G0 F15000 X200.89 Y199.11
G0 X200.63 Y199.37
M204 S1250
;TYPE:WALL-INNER
G1 F6930.6 X229.37 Y199.37 E2961.2212
G1 X229.37 Y192.014 E2961.34965
G1 X200.63 Y192.014 E2961.8515
G1 X200.63 Y199.37 E2961.97994
M204 S2500
G0 F15000 X200.21 Y199.79
M204 S1250
;TYPE:WALL-OUTER
G1 F6930.6 X229.79 Y199.79 E2962.49646
G1 X229.79 Y191.594 E2962.63957
G1 X200.21 Y191.594 E2963.15609
G1 X200.21 Y199.79 E2963.2992
M204 S2500
G0 F15000 X200.41 Y199.79
G0 X201.116 Y198.76
G1 F2400 E2957.2992
G0 F15000 X225.513 Y199.56
G0 X225.513 Y200.665
G0 X225.513 Y229.335
G0 X225.513 Y230.44
G0 X225.513 Y231.075
;TYPE:FILL
G1 F2400 E2963.2992
G1 F6930.6 X219.05 Y237.538 E2963.4778
G1 X210.948 Y237.537 E2963.63612
G1 X204.486 Y231.075 E2963.81469
G1 X207.787 Y231.075 E2963.87919
G1 X201.324 Y237.538 E2964.05779
G1 X201.075 Y237.537 E2964.06266
G1 X201.075 Y236.527 E2964.08239
G1 X202.085 Y237.537 E2964.1103
G1 X210.187 Y237.538 E2964.26862
G1 X216.65 Y231.075 E2964.44722
G1 X213.349 Y231.075 E2964.51172
G1 X219.811 Y237.537 E2964.69029
G1 X227.913 Y237.538 E2964.84861
G1 X228.924 Y236.526 E2964.87656
G1 X228.925 Y237.537 E2964.89632
G1 X228.674 Y237.537 E2964.90122
G1 X222.212 Y231.075 E2965.07979
G1 X228.925 Y231.075 E2965.21097
G1 X229.03 Y231.075
G1 F2400 E2959.21097
G0 F15000 X200.89 Y230.89
G0 X200.63 Y230.63
M204 S1250
;TYPE:WALL-INNER
G1 F2400 E2965.21097
G1 F6930.6 X200.63 Y237.982 E2965.33935
G1 X229.37 Y237.982 E2965.84119
G1 X229.37 Y230.63 E2965.96957
G1 X200.63 Y230.63 E2966.47141
M204 S2500
G0 F15000 X200.21 Y230.21
M204 S1250
;TYPE:WALL-OUTER
G1 F6930.6 X200.21 Y238.402 E2966.61446
G1 X229.79 Y238.402 E2967.13097
G1 X229.79 Y230.21 E2967.27402
G1 X200.21 Y230.21 E2967.79053
M204 S2500
G0 F15000 X200.21 Y230.41
G0 X201.24 Y231.116
G1 F2400 E2961.79053
;MESH:NONMESH
G0 F600 X201.24 Y231.116 Z20.3
G0 F15000 X201.539 Y230.44
G0 X201.539 Y229.335
G0 X201.539 Y200.665
G0 X201.539 Y199.56
G0 X201.539 Y192.519
;TIME_ELAPSED:2506.697611
;LAYER:200
;note -- min layer time used
;TYPE:FILL
;MESH:table_soft_spacer_30x30-Body.stl
G1 F2400 E2967.79053
G1 F6910.8 X201.871 Y192.519 E2967.79702
G1 X201.871 Y193.008 E2967.80657
G1 X207.788 Y198.925 E2967.97008
G1 X213.348 Y198.925 E2968.07873
G1 X219.265 Y193.008 E2968.24224
G1 X219.265 Y192.519 E2968.2518
G1 X219.597 Y192.519 E2968.25828
G1 X219.597 Y193.008 E2968.26784
G1 X225.514 Y198.925 E2968.43135
G1 X228.925 Y198.925 E2968.498
G1 X228.925 Y193.474 E2968.60452
G1 X227.971 Y192.519 E2968.63089
G1 X228.925 Y192.519 E2968.64953
G1 X228.617 Y192.519 E2968.65555
G1 X222.21 Y198.925 E2968.83259
G1 X216.651 Y198.925 E2968.94122
G1 X210.734 Y193.008 E2969.10473
G1 X210.734 Y192.519 E2969.11428
G1 X210.402 Y192.519 E2969.12077
G1 X210.402 Y193.008 E2969.13033
G1 X204.485 Y198.925 E2969.29384
G1 X201.075 Y198.925 E2969.36047
G1 X201.075 Y193.472 E2969.46702
G1 X201.539 Y193.008 E2969.47985
G1 X201.539 Y192.519 E2969.4894
G0 F15000 X200.89 Y199.11
G0 X200.63 Y199.37
M204 S1250
;TYPE:WALL-INNER
G1 F6910.8 X229.37 Y199.37 E2969.99125
G1 X229.37 Y192.074 E2970.11865
G1 X200.63 Y192.074 E2970.62049
G1 X200.63 Y199.37 E2970.74789
M204 S2500
G0 F15000 X200.21 Y199.79
M204 S1250
;TYPE:WALL-OUTER
G1 F6910.8 X229.79 Y199.79 E2971.2644
G1 X229.79 Y191.654 E2971.40647
G1 X200.21 Y191.654 E2971.92299
G1 X200.21 Y199.79 E2972.06505
M204 S2500
G0 F15000 X200.41 Y199.79
G0 X201.116 Y198.76
G1 F2400 E2966.06505
G0 F15000 X225.513 Y199.56
G0 X225.513 Y200.665
G0 X225.513 Y229.335
G0 X225.513 Y230.44
G0 X225.513 Y231.075
;TYPE:FILL
G1 F2400 E2972.06505
G1 F6910.8 X219.11 Y237.477 E2972.24198
G1 X210.888 Y237.477 E2972.40264
G1 X204.486 Y231.075 E2972.57956
G1 X207.787 Y231.075 E2972.64406
G1 X201.385 Y237.477 E2972.82097
G1 X201.075 Y237.477 E2972.82703
G1 X201.075 Y236.527 E2972.84559
G1 X202.025 Y237.477 E2972.87185
G1 X210.248 Y237.477 E2973.03253
G1 X216.65 Y231.075 E2973.20944
G1 X213.349 Y231.075 E2973.27394
G1 X219.751 Y237.477 E2973.45086
G1 X227.973 Y237.477 E2973.61152
G1 X228.925 Y236.525 E2973.63782
G1 X228.925 Y237.477 E2973.65643
G1 X228.614 Y237.477 E2973.6625
G1 X222.212 Y231.075 E2973.83942
G1 X228.925 Y231.075 E2973.97059
G1 X229.03 Y231.075
G1 F2400 E2967.97059
G0 F15000 X200.89 Y230.89
G0 X200.63 Y230.63
M204 S1250
;TYPE:WALL-INNER
G1 F2400 E2973.97059
G1 F6910.8 X200.63 Y237.922 E2974.09792
G1 X229.37 Y237.922 E2974.59977
G1 X229.37 Y230.63 E2974.7271
G1 X200.63 Y230.63 E2975.22894
M204 S2500
G0 F15000 X200.21 Y230.21
M204 S1250
;TYPE:WALL-OUTER
G1 F6910.8 X200.21 Y238.342 E2975.37094
G1 X229.79 Y238.342 E2975.88745
G1 X229.79 Y230.21 E2976.02945
G1 X200.21 Y230.21 E2976.54596
M204 S2500
G0 F15000 X200.21 Y230.41
G0 X201.24 Y231.116
G1 F2400 E2970.54596
;MESH:NONMESH
G0 F600 X201.24 Y231.116 Z20.4
G0 F15000 X201.539 Y230.44
G0 X201.539 Y229.335
G0 X201.539 Y200.665
G0 X201.539 Y199.56
G0 X201.539 Y192.583
;TIME_ELAPSED:2515.719059
;LAYER:201
;note -- min layer time used
;TYPE:FILL
;MESH:table_soft_spacer_30x30-Body.stl
G1 F2400 E2976.54596
G1 F6889.5 X201.871 Y192.583 E2976.55245
G1 X201.871 Y193.008 E2976.56076
G1 X207.788 Y198.925 E2976.72427
G1 X213.348 Y198.925 E2976.83291
G1 X219.265 Y193.008 E2976.99642
G1 X219.265 Y192.583 E2977.00473
G1 X219.597 Y192.583 E2977.01122
G1 X219.597 Y193.009 E2977.01954
G1 X225.514 Y198.925 E2977.18304
G1 X228.925 Y198.925 E2977.24969
G1 X228.925 Y193.474 E2977.3562
G1 X228.034 Y192.583 E2977.38083
G1 X228.925 Y192.583 E2977.39824
G1 X228.553 Y192.583 E2977.40551
G1 X222.21 Y198.925 E2977.58078
G1 X216.651 Y198.925 E2977.6894
G1 X210.734 Y193.009 E2977.8529
G1 X210.734 Y192.583 E2977.86122
G1 X210.402 Y192.583 E2977.86771
G1 X210.402 Y193.008 E2977.87601
G1 X204.485 Y198.925 E2978.03953
G1 X201.075 Y198.925 E2978.10616
G1 X201.075 Y193.472 E2978.21271
G1 X201.539 Y193.009 E2978.22552
G1 X201.539 Y192.583 E2978.23384
G0 F15000 X200.89 Y199.11
G0 X200.63 Y199.37
M204 S1250
;TYPE:WALL-INNER
G1 F6889.5 X229.37 Y199.37 E2978.73569
G1 X229.37 Y192.138 E2978.86197
G1 X200.63 Y192.138 E2979.36382
G1 X200.63 Y199.37 E2979.4901
M204 S2500
G0 F15000 X200.21 Y199.79
M204 S1250
;TYPE:WALL-OUTER
G1 F6889.5 X229.79 Y199.79 E2980.00661
G1 X229.79 Y191.718 E2980.14756
G1 X200.21 Y191.718 E2980.66408
G1 X200.21 Y199.79 E2980.80503
M204 S2500
G0 F15000 X200.41 Y199.79
G0 X201.116 Y198.76
G1 F2400 E2974.80503
G0 F15000 X225.513 Y199.56
G0 X225.513 Y200.665
G0 X225.513 Y229.335
G0 X225.513 Y230.44
G0 X225.513 Y231.075
;TYPE:FILL
G1 F2400 E2980.80503
G1 F6889.5 X219.174 Y237.413 E2980.98019
G1 X210.825 Y237.413 E2981.14333
G1 X204.486 Y231.075 E2981.31849
G1 X207.787 Y231.075 E2981.38299
G1 X201.448 Y237.413 E2981.55815
G1 X201.075 Y237.413 E2981.56544
G1 X201.075 Y236.527 E2981.58275
G1 X201.962 Y237.413 E2981.60725
G1 X210.311 Y237.413 E2981.77039
G1 X216.65 Y231.075 E2981.94555
G1 X213.349 Y231.075 E2982.01005
G1 X219.687 Y237.413 E2982.1852
G1 X228.037 Y237.413 E2982.34836
G1 X228.925 Y236.525 E2982.3729
G1 X228.925 Y237.413 E2982.39025
G1 X228.55 Y237.413 E2982.39758
G1 X222.212 Y231.075 E2982.57272
G1 X228.925 Y231.075 E2982.7039
G1 X229.03 Y231.075
G1 F2400 E2976.7039
G0 F15000 X200.89 Y230.89
G0 X200.63 Y230.63
M204 S1250
;TYPE:WALL-INNER
G1 F2400 E2982.7039
G1 F6889.5 X200.63 Y237.858 E2982.83011
G1 X229.37 Y237.858 E2983.33196
G1 X229.37 Y230.63 E2983.45817
G1 X200.63 Y230.63 E2983.96001
M204 S2500
G0 F15000 X200.21 Y230.21
M204 S1250
;TYPE:WALL-OUTER
G1 F6889.5 X200.21 Y238.278 E2984.10089
G1 X229.79 Y238.278 E2984.61741
G1 X229.79 Y230.21 E2984.75829
G1 X200.21 Y230.21 E2985.2748
M204 S2500
G0 F15000 X200.21 Y230.41
G0 X201.24 Y231.116
G1 F2400 E2979.2748
;MESH:NONMESH
G0 F600 X201.24 Y231.116 Z20.5
G0 F15000 X201.539 Y230.44
G0 X201.539 Y229.335
G0 X201.539 Y200.665
G0 X201.539 Y199.56
G0 X201.539 Y192.647
;TIME_ELAPSED:2524.724468
;LAYER:202
;note -- min layer time used
;TYPE:FILL
;MESH:table_soft_spacer_30x30-Body.stl
G1 F2400 E2985.2748
G1 F6868.3 X201.871 Y192.647 E2985.28129
G1 X201.871 Y193.008 E2985.28834
G1 X207.788 Y198.925 E2985.45185
G1 X213.348 Y198.925 E2985.5605
G1 X219.265 Y193.008 E2985.72401
G1 X219.265 Y192.647 E2985.73106
G1 X219.597 Y192.647 E2985.73755
G1 X219.597 Y193.008 E2985.7446
G1 X225.514 Y198.925 E2985.90812
G1 X228.925 Y198.925 E2985.97477
G1 X228.925 Y193.474 E2986.08128
G1 X228.099 Y192.647 E2986.10412
G1 X228.925 Y192.647 E2986.12026
G1 X228.489 Y192.647 E2986.12878
G1 X222.21 Y198.925 E2986.30228
G1 X216.651 Y198.925 E2986.41091
G1 X210.734 Y193.008 E2986.57442
G1 X210.734 Y192.647 E2986.58147
G1 X210.402 Y192.647 E2986.58796
G1 X210.402 Y193.008 E2986.59501
G1 X204.485 Y198.925 E2986.75853
G1 X201.075 Y198.925 E2986.82516
G1 X201.075 Y193.472 E2986.93171
G1 X201.539 Y193.008 E2986.94453
G1 X201.539 Y192.647 E2986.95159
G0 F15000 X200.89 Y199.11
G0 X200.63 Y199.37
M204 S1250
;TYPE:WALL-INNER
G1 F6868.3 X229.37 Y199.37 E2987.45343
G1 X229.37 Y192.202 E2987.5786
G1 X200.63 Y192.202 E2988.08044
G1 X200.63 Y199.37 E2988.20561
M204 S2500
G0 F15000 X200.21 Y199.79
M204 S1250
;TYPE:WALL-OUTER
G1 F6868.3 X229.79 Y199.79 E2988.72212
G1 X229.79 Y191.782 E2988.86195
G1 X200.21 Y191.782 E2989.37847
G1 X200.21 Y199.79 E2989.5183
M204 S2500
G0 F15000 X200.41 Y199.79
G0 X201.116 Y198.76
G1 F2400 E2983.5183
G0 F15000 X225.513 Y199.56
G0 X225.513 Y200.665
G0 X225.513 Y229.335
G0 X225.513 Y230.44
G0 X225.513 Y231.075
;TYPE:FILL
G1 F2400 E2989.5183
G1 F6868.3 X219.238 Y237.35 E2989.6917
G1 X210.761 Y237.35 E2989.85735
G1 X204.486 Y231.075 E2990.03075
G1 X207.787 Y231.075 E2990.09525
G1 X201.512 Y237.35 E2990.26866
G1 X201.075 Y237.349 E2990.2772
G1 X201.075 Y236.527 E2990.29326
G1 X201.898 Y237.35 E2990.316
G1 X210.375 Y237.35 E2990.48165
G1 X216.65 Y231.075 E2990.65505
G1 X213.349 Y231.075 E2990.71955
G1 X219.624 Y237.35 E2990.89296
G1 X228.101 Y237.35 E2991.0586
G1 X228.925 Y236.525 E2991.08139
G1 X228.925 Y237.349 E2991.09749
G1 X228.487 Y237.35 E2991.10605
G1 X222.212 Y231.075 E2991.27945
G1 X228.925 Y231.075 E2991.41063
G1 X229.03 Y231.075
G1 F2400 E2985.41063
G0 F15000 X200.89 Y230.89
G0 X200.63 Y230.63
M204 S1250
;TYPE:WALL-INNER
G1 F2400 E2991.41063
G1 F6868.3 X200.63 Y237.794 E2991.53572
G1 X229.37 Y237.794 E2992.03757
G1 X229.37 Y230.63 E2992.16266
G1 X200.63 Y230.63 E2992.66451
M204 S2500
G0 F15000 X200.21 Y230.21
M204 S1250
;TYPE:WALL-OUTER
G1 F6868.3 X200.21 Y238.214 E2992.80427
G1 X229.79 Y238.214 E2993.32078
G1 X229.79 Y230.21 E2993.46054
G1 X200.21 Y230.21 E2993.97706
M204 S2500
G0 F15000 X200.21 Y230.41
G0 X201.24 Y231.116
G1 F2400 E2987.97706
;MESH:NONMESH
G0 F600 X201.24 Y231.116 Z20.6
G0 F15000 X228.424 Y230.44
G0 X228.424 Y229.335
G0 X228.424 Y200.665
G0 X228.424 Y199.56
G0 X228.424 Y192.711
;TIME_ELAPSED:2533.895389
;LAYER:203
;note -- min layer time used
;TYPE:FILL
;MESH:table_soft_spacer_30x30-Body.stl
G1 F2400 E2993.97706
G1 F7313.3 X222.21 Y198.925 E2994.14878
G1 X216.651 Y198.925 E2994.2574
G1 X210.717 Y192.693 E2994.42555
G1 X204.485 Y198.925 E2994.59777
G1 X201.075 Y198.925 E2994.6644
G1 X201.075 Y193.472 E2994.77095
G1 X201.552 Y192.689 E2994.78887
G1 X207.788 Y198.925 E2994.96119
G1 X213.348 Y198.925 E2995.06984
G1 X219.282 Y192.693 E2995.23799
G1 X225.514 Y198.925 E2995.4102
G1 X228.925 Y198.925 E2995.47686
G1 X228.925 Y193.474 E2995.58337
G1 X228.163 Y192.711 E2995.60444
G1 X228.925 Y192.711 E2995.61933
G1 X229.03 Y192.711
G1 F2400 E2989.61933
G0 F15000 X200.89 Y199.11
G0 X200.63 Y199.37
M204 S1250
;TYPE:WALL-INNER
G1 F2400 E2995.61933
G1 F7313.3 X229.37 Y199.37 E2996.12118
G1 X229.37 Y192.266 E2996.24522
G1 X200.63 Y192.266 E2996.74707
G1 X200.63 Y199.37 E2996.87112
M204 S2500
G0 F15000 X200.21 Y199.79
M204 S1250
;TYPE:WALL-OUTER
G1 F7313.3 X229.79 Y199.79 E2997.38763
G1 X229.79 Y191.846 E2997.52634
G1 X200.21 Y191.846 E2998.04286
G1 X200.21 Y199.79 E2998.18157
M204 S2500
G0 F15000 X200.41 Y199.79
G0 X201.116 Y198.76
G1 F2400 E2992.18157
G0 F15000 X225.513 Y199.56
G0 X225.513 Y200.665
G0 X225.513 Y229.335
G0 X225.513 Y230.44
G0 X225.513 Y231.075
;TYPE:FILL
G1 F2400 E2998.18157
G1 F7313.3 X219.299 Y237.289 E2998.35329
G1 X210.7 Y237.289 E2998.52132
G1 X204.486 Y231.075 E2998.69304
G1 X207.787 Y231.075 E2998.75754
G1 X201.573 Y237.289 E2998.92926
G1 X201.075 Y237.289 E2998.93899
G1 X201.075 Y236.527 E2998.95388
G1 X201.837 Y237.289 E2998.97494
G1 X210.436 Y237.289 E2999.14296
G1 X216.65 Y231.075 E2999.31468
G1 X213.349 Y231.075 E2999.37919
G1 X219.563 Y237.289 E2999.55091
G1 X228.161 Y237.289 E2999.71891
G1 X228.925 Y236.525 E2999.74003
G1 X228.925 Y237.289 E2999.75495
G1 X228.426 Y237.289 E2999.76471
G1 X222.212 Y231.075 E2999.93642
G1 X228.925 Y231.075 E3000.0676
G1 X229.03 Y231.075
G1 F2400 E2994.0676
G0 F15000 X200.89 Y230.89
G0 X200.63 Y230.63
M204 S1250
;TYPE:WALL-INNER
G1 F2400 E3000.0676
G1 F7313.3 X200.63 Y237.734 E3000.19165
G1 X229.37 Y237.734 E3000.69349
G1 X229.37 Y230.63 E3000.81754
G1 X200.63 Y230.63 E3001.31938
M204 S2500
G0 F15000 X200.21 Y230.21
M204 S1250
;TYPE:WALL-OUTER
G1 F7313.3 X200.21 Y238.154 E3001.4581
G1 X229.79 Y238.154 E3001.97461
G1 X229.79 Y230.21 E3002.11333
G1 X200.21 Y230.21 E3002.62984
M204 S2500
G0 F15000 X200.21 Y230.41
G0 X201.24 Y231.116
G1 F2400 E2996.62984
;MESH:NONMESH
G0 F600 X201.24 Y231.116 Z20.7
G0 F15000 X201.075 Y230.44
G0 X201.075 Y229.335
G0 X201.075 Y200.665
G0 X201.075 Y199.56
G0 X201.075 Y192.775
;TIME_ELAPSED:2543.048393
;LAYER:204
;note -- min layer time used
;TYPE:FILL
;MESH:table_soft_spacer_30x30-Body.stl
G1 F2400 E3002.62984
G1 F6803.9 X201.075 Y198.925 E3002.75001
G1 X204.485 Y198.925 E3002.81664
G1 X210.402 Y192.778 E3002.98336
G1 X210.503 Y192.777 E3002.98534
G1 X216.651 Y198.925 E3003.15523
G1 X222.21 Y198.925 E3003.26386
G1 X228.128 Y192.779 E3003.43058
G1 X228.231 Y192.779 E3003.43259
G1 X228.925 Y193.474 E3003.45178
G1 X228.925 Y198.925 E3003.5583
G1 X225.514 Y198.925 E3003.62495
G1 X219.596 Y192.776 E3003.79171
G1 X219.496 Y192.777 E3003.79366
G1 X213.348 Y198.925 E3003.96356
G1 X207.788 Y198.925 E3004.0722
G1 X201.871 Y192.774 E3004.23898
G1 X201.772 Y192.775 E3004.24091
G1 X201.075 Y193.472 E3004.26017
G1 X201.001 Y193.546
G0 F15000 X200.89 Y199.11
G0 X200.63 Y199.37
M204 S1250
;TYPE:WALL-INNER
G1 F6803.9 X229.37 Y199.37 E3004.76202
G1 X229.37 Y192.334 E3004.88488
G1 X200.63 Y192.33 E3005.38673
G1 X200.63 Y199.37 E3005.50966
M204 S2500
G0 F15000 X200.21 Y199.79
M204 S1250
;TYPE:WALL-OUTER
G1 F6803.9 X229.79 Y199.79 E3006.02617
G1 X229.79 Y191.914 E3006.1637
G1 X200.21 Y191.91 E3006.68021
G1 X200.21 Y199.79 E3006.81781
M204 S2500
G0 F15000 X200.41 Y199.79
G0 X201.116 Y198.76
G1 F2400 E3000.81781
G0 F15000 X225.513 Y199.56
G0 X225.513 Y200.665
G0 X225.513 Y229.335
G0 X225.513 Y230.44
G0 X225.513 Y231.075
;TYPE:FILL
G1 F2400 E3006.81781
G1 F6803.9 X219.366 Y237.221 E3006.98766
G1 X210.632 Y237.221 E3007.15832
G1 X204.486 Y231.075 E3007.32816
G1 X207.787 Y231.075 E3007.39267
G1 X201.641 Y237.221 E3007.56251
G1 X201.075 Y237.221 E3007.57357
G1 X201.075 Y236.527 E3007.58713
G1 X201.769 Y237.221 E3007.60631
G1 X210.504 Y237.221 E3007.77699
G1 X216.65 Y231.075 E3007.94683
G1 X213.349 Y231.075 E3008.01133
G1 X219.495 Y237.221 E3008.18117
G1 X228.229 Y237.221 E3008.35184
G1 X228.925 Y236.525 E3008.37107
G1 X228.925 Y237.221 E3008.38467
G1 X228.358 Y237.221 E3008.39575
G1 X222.212 Y231.075 E3008.56559
G1 X228.925 Y231.075 E3008.69677
G1 X229.03 Y231.075
G1 F2400 E3002.69677
G0 F15000 X200.89 Y230.89
G0 X200.63 Y230.63
M204 S1250
;TYPE:WALL-INNER
G1 F2400 E3008.69677
G1 F6803.9 X200.63 Y237.666 E3008.81962
G1 X229.37 Y237.666 E3009.32147
G1 X229.37 Y230.63 E3009.44433
G1 X200.63 Y230.63 E3009.94618
M204 S2500
G0 F15000 X200.21 Y230.21
M204 S1250
;TYPE:WALL-OUTER
G1 F6803.9 X200.21 Y238.086 E3010.0837
G1 X229.79 Y238.086 E3010.60022
G1 X229.79 Y230.21 E3010.73774
G1 X200.21 Y230.21 E3011.25426
M204 S2500
G0 F15000 X200.21 Y230.41
G0 X201.24 Y231.116
G1 F2400 E3005.25426
;MESH:NONMESH
G0 F600 X201.24 Y231.116 Z20.8
G0 F15000 X228.299 Y230.44
G0 X228.299 Y229.335
G0 X228.299 Y200.665
G0 X228.299 Y199.56
G0 X228.299 Y192.847
;TIME_ELAPSED:2552.031556
;LAYER:205
;note -- min layer time used
;TYPE:FILL
;MESH:table_soft_spacer_30x30-Body.stl
G1 F2400 E3011.25426
G1 F7015.5 X228.925 Y193.474 E3011.27157
G1 X228.925 Y198.925 E3011.37808
G1 X225.514 Y198.925 E3011.44474
G1 X219.431 Y192.842 E3011.61283
G1 X213.348 Y198.925 E3011.78093
G1 X207.788 Y198.925 E3011.88958
G1 X201.705 Y192.842 E3012.05768
G1 X201.075 Y193.472 E3012.07509
G1 X201.075 Y198.925 E3012.18164
G1 X204.485 Y198.925 E3012.24827
G1 X210.568 Y192.842 E3012.41637
G1 X216.651 Y198.925 E3012.58447
G1 X222.21 Y198.925 E3012.69309
G1 X228.289 Y192.847 E3012.86107
G1 X228.925 Y192.847 E3012.8735
G1 X229.03 Y192.847
G1 F2400 E3006.8735
G0 F15000 X200.89 Y199.11
G0 X200.63 Y199.37
M204 S1250
;TYPE:WALL-INNER
G1 F2400 E3012.8735
G1 F7015.5 X229.37 Y199.37 E3013.37534
G1 X229.37 Y192.402 E3013.49701
G1 X200.63 Y192.402 E3013.99886
G1 X200.63 Y199.37 E3014.12053
M204 S2500
G0 F15000 X200.21 Y199.79
M204 S1250
;TYPE:WALL-OUTER
G1 F7015.5 X229.79 Y199.79 E3014.63705
G1 X229.79 Y191.982 E3014.77339
G1 X200.21 Y191.982 E3015.2899
G1 X200.21 Y199.79 E3015.42624
M204 S2500
G0 F15000 X200.41 Y199.79
G0 X201.116 Y198.76
G1 F2400 E3009.42624
G0 F15000 X228.925 Y199.56
G0 X228.925 Y200.665
G0 X228.925 Y229.335
G0 X228.925 Y230.44
G0 X228.925 Y231.075
;TYPE:FILL
G1 F2400 E3015.42624
G1 F7015.5 X225.513 Y231.075 E3015.49291
G1 X219.431 Y237.157 E3015.66098
G1 X213.349 Y231.075 E3015.82905
G1 X207.787 Y231.075 E3015.93774
G1 X201.705 Y237.157 E3016.10581
G1 X201.075 Y236.527 E3016.12322
G1 X201.075 Y231.075 E3016.22975
G1 X204.486 Y231.075 E3016.2964
G1 X210.568 Y237.157 E3016.46447
G1 X216.65 Y231.075 E3016.63254
G1 X222.212 Y231.075 E3016.74123
G1 X228.286 Y237.149 E3016.90908
G1 X228.925 Y237.149 E3016.92156
G1 X228.925 Y236.525 E3016.93376
G1 X228.301 Y237.149 E3016.951
G1 X228.227 Y237.223
G1 F2400 E3010.951
G0 F15000 X200.89 Y230.89
G0 X200.63 Y230.63
M204 S1250
;TYPE:WALL-INNER
G1 F2400 E3016.951
G1 F7015.5 X200.63 Y237.594 E3017.0726
G1 X229.37 Y237.594 E3017.57445
G1 X229.37 Y230.63 E3017.69605
G1 X200.63 Y230.63 E3018.1979
M204 S2500
G0 F15000 X200.21 Y230.21
M204 S1250
;TYPE:WALL-OUTER
G1 F7015.5 X200.21 Y238.014 E3018.33417
G1 X229.79 Y238.014 E3018.85068
G1 X229.79 Y230.21 E3018.98695
G1 X200.21 Y230.21 E3019.50346
M204 S2500
G0 F15000 X200.21 Y230.41
G0 X201.24 Y231.116
G1 F2400 E3013.50346
;MESH:NONMESH
G0 F600 X201.24 Y231.116 Z20.9
G0 F15000 X228.371 Y230.44
G0 X228.371 Y229.335
G0 X228.371 Y200.665
G0 X228.371 Y199.56
G0 X228.371 Y192.919
;TIME_ELAPSED:2561.171032
;LAYER:206
;note -- min layer time used
;TYPE:FILL
;MESH:table_soft_spacer_30x30-Body.stl
G1 F2400 E3019.50346
G1 F6995.8 X228.925 Y193.474 E3019.51879
G1 X228.925 Y198.925 E3019.6253
G1 X225.514 Y198.925 E3019.69195
G1 X219.508 Y192.919 E3019.85792
G1 X219.354 Y192.919 E3019.86093
G1 X213.348 Y198.925 E3020.0269
G1 X207.788 Y198.925 E3020.13555
G1 X201.782 Y192.919 E3020.30152
G1 X201.628 Y192.919 E3020.30453
G1 X201.075 Y193.472 E3020.31981
G1 X201.075 Y198.925 E3020.42636
G1 X204.485 Y198.925 E3020.493
G1 X210.491 Y192.919 E3020.65897
G1 X210.645 Y192.919 E3020.66198
G1 X216.651 Y198.925 E3020.82795
G1 X222.21 Y198.925 E3020.93657
G1 X228.217 Y192.919 E3021.10256
G1 X228.925 Y192.919 E3021.11639
G1 X229.03 Y192.919
G1 F2400 E3015.11639
G0 F15000 X200.89 Y199.11
G0 X200.63 Y199.37
M204 S1250
;TYPE:WALL-INNER
G1 F2400 E3021.11639
G1 F6995.8 X229.37 Y199.37 E3021.61824
G1 X229.37 Y192.474 E3021.73865
G1 X200.63 Y192.474 E3022.2405
G1 X200.63 Y199.37 E3022.36091
M204 S2500
G0 F15000 X200.21 Y199.79
M204 S1250
;TYPE:WALL-OUTER
G1 F6995.8 X229.79 Y199.79 E3022.87743
G1 X229.79 Y192.054 E3023.01251
G1 X200.21 Y192.054 E3023.52902
G1 X200.21 Y199.79 E3023.66411
M204 S2500
G0 F15000 X200.41 Y199.79
G0 X201.116 Y198.76
G1 F2400 E3017.66411
G0 F15000 X228.925 Y199.56
G0 X228.925 Y200.665
G0 X228.925 Y229.335
G0 X228.925 Y230.44
G0 X228.925 Y231.075
;TYPE:FILL
G1 F2400 E3023.66411
G1 F6995.8 X225.513 Y231.075 E3023.73078
G1 X219.508 Y237.079 E3023.89671
G1 X219.353 Y237.079 E3023.89974
G1 X213.349 Y231.075 E3024.06565
G1 X207.787 Y231.075 E3024.17433
G1 X201.784 Y237.077 E3024.34021
G1 X201.625 Y237.077 E3024.34332
G1 X201.075 Y236.527 E3024.35851
G1 X201.075 Y231.075 E3024.46505
G1 X204.486 Y231.075 E3024.5317
G1 X210.489 Y237.078 E3024.69759
G1 X210.646 Y237.079 E3024.70066
G1 X216.65 Y231.075 E3024.86657
G1 X222.212 Y231.075 E3024.97526
G1 X228.217 Y237.08 E3025.1412
G1 X228.925 Y237.081 E3025.15503
G1 X228.925 Y236.525 E3025.1659
G1 X228.369 Y237.081 E3025.18126
G1 X228.295 Y237.155
G1 F2400 E3019.18126
G0 F15000 X200.89 Y230.89
G0 X200.63 Y230.63
M204 S1250
;TYPE:WALL-INNER
G1 F2400 E3025.18126
G1 F6995.8 X200.63 Y237.522 E3025.30161
G1 X229.37 Y237.526 E3025.80345
G1 X229.37 Y230.63 E3025.92387
G1 X200.63 Y230.63 E3026.42571
M204 S2500
G0 F15000 X200.21 Y230.21
M204 S1250
;TYPE:WALL-OUTER
G1 F6995.8 X200.21 Y237.942 E3026.56073
G1 X229.79 Y237.946 E3027.07724
G1 X229.79 Y230.21 E3027.21232
G1 X200.21 Y230.21 E3027.72884
M204 S2500
G0 F15000 X200.21 Y230.41
G0 X201.24 Y231.116
G1 F2400 E3021.72884
;MESH:NONMESH
G0 F600 X201.24 Y231.116 Z21
G0 F15000 X201.075 Y230.44
G0 X201.075 Y229.335
G0 X201.075 Y200.665
G0 X201.075 Y199.56
G0 X201.075 Y192.987
;TIME_ELAPSED:2570.134851
;LAYER:207
;note -- min layer time used
;TYPE:FILL
;MESH:table_soft_spacer_30x30-Body.stl
G1 F2400 E3027.72884
G1 F6510.6 X201.075 Y198.925 E3027.84487
G1 X204.485 Y198.925 E3027.9115
G1 X210.422 Y192.989 E3028.07555
G1 X210.715 Y192.989 E3028.08127
G1 X216.651 Y198.925 E3028.24531
G1 X222.21 Y198.925 E3028.35394
G1 X228.145 Y192.991 E3028.51793
G1 X228.443 Y192.991 E3028.52375
G1 X228.925 Y193.474 E3028.53709
G1 X228.925 Y198.925 E3028.6436
G1 X225.514 Y198.925 E3028.71025
G1 X219.579 Y192.99 E3028.87426
G1 X219.284 Y192.989 E3028.88003
G1 X213.348 Y198.925 E3029.04406
G1 X207.788 Y198.925 E3029.15271
G1 X201.851 Y192.988 E3029.31677
G1 X201.56 Y192.987 E3029.32246
G1 X201.075 Y193.472 E3029.33586
G1 X201.001 Y193.546
G0 F15000 X200.89 Y199.11
G0 X200.63 Y199.37
M204 S1250
;TYPE:WALL-INNER
G1 F6510.6 X229.37 Y199.37 E3029.83771
G1 X229.37 Y192.546 E3029.95686
G1 X200.63 Y192.542 E3030.45871
G1 X200.63 Y199.37 E3030.57794
M204 S2500
G0 F15000 X200.21 Y199.79
M204 S1250
;TYPE:WALL-OUTER
G1 F6510.6 X229.79 Y199.79 E3031.09445
G1 X229.79 Y192.126 E3031.22828
G1 X200.21 Y192.122 E3031.74479
G1 X200.21 Y199.79 E3031.87868
M204 S2500
G0 F15000 X200.41 Y199.79
G0 X201.116 Y198.76
G1 F2400 E3025.87868
G0 F15000 X228.925 Y199.56
G0 X228.925 Y200.665
G0 X228.925 Y229.335
G0 X228.925 Y230.44
G0 X228.925 Y231.075
;TYPE:FILL
G1 F2400 E3031.87868
G1 F6510.6 X225.513 Y231.075 E3031.94536
G1 X219.579 Y237.009 E3032.10934
G1 X219.283 Y237.009 E3032.11512
G1 X213.349 Y231.075 E3032.2791
G1 X207.787 Y231.075 E3032.38779
G1 X201.853 Y237.009 E3032.55177
G1 X201.557 Y237.009 E3032.55755
G1 X201.075 Y236.527 E3032.57087
G1 X201.075 Y231.075 E3032.67741
G1 X204.486 Y231.075 E3032.74406
G1 X210.42 Y237.009 E3032.90804
G1 X210.716 Y237.009 E3032.91382
G1 X216.65 Y231.075 E3033.0778
G1 X222.212 Y231.075 E3033.18649
G1 X228.146 Y237.009 E3033.35047
G1 X228.925 Y237.009 E3033.36569
G1 X228.925 Y236.525 E3033.37515
G1 X228.441 Y237.009 E3033.38852
G1 X228.367 Y237.083
G1 F2400 E3027.38852
G0 F15000 X200.89 Y230.89
G0 X200.63 Y230.63
M204 S1250
;TYPE:WALL-INNER
G1 F2400 E3033.38852
G1 F6510.6 X200.63 Y237.454 E3033.50768
G1 X229.37 Y237.454 E3034.00953
G1 X229.37 Y230.63 E3034.12868
G1 X200.63 Y230.63 E3034.63053
M204 S2500
G0 F15000 X200.21 Y230.21
M204 S1250
;TYPE:WALL-OUTER
G1 F6510.6 X200.21 Y237.874 E3034.76435
G1 X229.79 Y237.874 E3035.28087
G1 X229.79 Y230.21 E3035.41469
G1 X200.21 Y230.21 E3035.93121
M204 S2500
G0 F15000 X200.21 Y230.41
G0 X201.24 Y231.116
G1 F2400 E3029.93121
;MESH:NONMESH
G0 F600 X201.24 Y231.116 Z21.1
G0 F15000 X201.075 Y230.44
G0 X201.075 Y229.335
G0 X201.075 Y200.665
G0 X201.075 Y199.56
G0 X201.075 Y193.472
;TIME_ELAPSED:2578.767489
;LAYER:208
;note -- min layer time used
;TYPE:FILL
;MESH:table_soft_spacer_30x30-Body.stl
G1 F2400 E3035.93121
G1 F6493.6 X201.075 Y198.925 E3036.03776
G1 X204.485 Y198.925 E3036.10439
G1 X210.347 Y193.063 E3036.26638
G1 X210.789 Y193.063 E3036.27502
G1 X216.651 Y198.925 E3036.43701
G1 X222.21 Y198.925 E3036.54564
G1 X228.072 Y193.063 E3036.70763
G1 X228.925 Y193.063 E3036.7243
G1 X228.515 Y193.063 E3036.73231
G1 X228.925 Y193.474 E3036.74365
G1 X228.925 Y198.925 E3036.85017
G1 X225.514 Y198.925 E3036.91682
G1 X219.652 Y193.063 E3037.07881
G1 X219.209 Y193.063 E3037.08747
G1 X213.348 Y198.925 E3037.24945
G1 X207.788 Y198.925 E3037.35809
G1 X201.926 Y193.063 E3037.52008
G1 X201.484 Y193.063 E3037.52872
G1 X201.075 Y193.472 E3037.54002
G0 F15000 X200.89 Y199.11
G0 X200.63 Y199.37
M204 S1250
;TYPE:WALL-INNER
G1 F6493.6 X229.37 Y199.37 E3038.04187
G1 X229.37 Y192.618 E3038.15977
G1 X200.63 Y192.618 E3038.66161
G1 X200.63 Y199.37 E3038.77951
M204 S2500
G0 F15000 X200.21 Y199.79
M204 S1250
;TYPE:WALL-OUTER
G1 F6493.6 X229.79 Y199.79 E3039.29603
G1 X229.79 Y192.198 E3039.42859
G1 X200.21 Y192.198 E3039.94511
G1 X200.21 Y199.79 E3040.07768
M204 S2500
G0 F15000 X200.41 Y199.79
G0 X201.116 Y198.76
G1 F2400 E3034.07768
G0 F15000 X228.925 Y199.56
G0 X228.925 Y200.665
G0 X228.925 Y229.335
G0 X228.925 Y230.44
G0 X228.925 Y231.075
;TYPE:FILL
G1 F2400 E3040.07768
G1 F6493.6 X225.513 Y231.075 E3040.14435
G1 X219.654 Y236.933 E3040.30624
G1 X219.207 Y236.932 E3040.31498
G1 X213.349 Y231.075 E3040.47684
G1 X207.787 Y231.075 E3040.58553
G1 X201.928 Y236.933 E3040.74742
G1 X201.481 Y236.932 E3040.75616
G1 X201.075 Y236.527 E3040.76736
G1 X201.075 Y231.075 E3040.8739
G1 X204.486 Y231.075 E3040.94055
G1 X210.344 Y236.932 E3041.10242
G1 X210.791 Y236.933 E3041.11115
G1 X216.65 Y231.075 E3041.27304
G1 X222.212 Y231.075 E3041.38173
G1 X228.07 Y236.932 E3041.5436
G1 X228.925 Y236.933 E3041.5603
G1 X228.924 Y236.526 E3041.56826
G1 X228.517 Y236.933 E3041.5795
G1 X228.443 Y237.007
G1 F2400 E3035.5795
G0 F15000 X200.89 Y230.89
G0 X200.63 Y230.63
M204 S1250
;TYPE:WALL-INNER
G1 F2400 E3041.5795
G1 F6493.6 X200.63 Y237.378 E3041.69733
G1 X229.37 Y237.378 E3042.19918
G1 X229.37 Y230.63 E3042.31701
G1 X200.63 Y230.63 E3042.81886
M204 S2500
G0 F15000 X200.21 Y230.21
M204 S1250
;TYPE:WALL-OUTER
G1 F6493.6 X200.21 Y237.798 E3042.95135
G1 X229.79 Y237.798 E3043.46787
G1 X229.79 Y230.21 E3043.60037
G1 X200.21 Y230.21 E3044.11688
M204 S2500
G0 F15000 X200.21 Y230.41
G0 X201.24 Y231.116
G1 F2400 E3038.11688
;MESH:NONMESH
G0 F600 X201.24 Y231.116 Z21.2
G0 F15000 X201.075 Y230.44
G0 X201.075 Y229.335
G0 X201.075 Y200.665
G0 X201.075 Y199.56
G0 X201.075 Y193.472
;TIME_ELAPSED:2587.439437
;LAYER:209
;note -- min layer time used
;TYPE:FILL
;MESH:table_soft_spacer_30x30-Body.stl
G1 F2400 E3044.11688
G1 F6473.4 X201.075 Y198.925 E3044.22343
G1 X204.485 Y198.925 E3044.29006
G1 X210.269 Y193.141 E3044.4499
G1 X210.867 Y193.141 E3044.46159
G1 X216.651 Y198.925 E3044.62142
G1 X222.21 Y198.925 E3044.73005
G1 X227.997 Y193.138 E3044.88997
G1 X228.925 Y193.139 E3044.9081
G1 X228.591 Y193.139 E3044.91463
G1 X228.925 Y193.474 E3044.92387
G1 X228.925 Y198.925 E3045.03038
G1 X225.514 Y198.925 E3045.09704
G1 X219.728 Y193.14 E3045.25691
G1 X219.133 Y193.14 E3045.26854
G1 X213.348 Y198.925 E3045.4284
G1 X207.788 Y198.925 E3045.53705
G1 X202.006 Y193.143 E3045.69683
G1 X201.405 Y193.142 E3045.70857
G1 X201.075 Y193.472 E3045.71769
G0 F15000 X200.89 Y199.11
G0 X200.63 Y199.37
M204 S1250
;TYPE:WALL-INNER
G1 F6473.4 X229.37 Y199.37 E3046.21954
G1 X229.37 Y192.694 E3046.33611
G1 X200.63 Y192.698 E3046.83796
G1 X200.63 Y199.37 E3046.95446
M204 S2500
G0 F15000 X200.21 Y199.79
M204 S1250
;TYPE:WALL-OUTER
G1 F6473.4 X229.79 Y199.79 E3047.47097
G1 X229.79 Y192.274 E3047.60221
G1 X200.21 Y192.278 E3048.11873
G1 X200.21 Y199.79 E3048.2499
M204 S2500
G0 F15000 X200.41 Y199.79
G0 X201.116 Y198.76
G1 F2400 E3042.2499
G0 F15000 X228.925 Y199.56
G0 X228.925 Y200.665
G0 X228.925 Y229.335
G0 X228.925 Y230.44
G0 X228.925 Y231.075
;TYPE:FILL
G1 F2400 E3048.2499
G1 F6473.4 X225.513 Y231.075 E3048.31657
G1 X219.73 Y236.857 E3048.47637
G1 X219.132 Y236.857 E3048.48805
G1 X213.349 Y231.075 E3048.64785
G1 X207.787 Y231.075 E3048.75653
G1 X202.004 Y236.857 E3048.91632
G1 X201.406 Y236.857 E3048.92801
G1 X201.075 Y236.527 E3048.93714
G1 X201.075 Y231.075 E3049.04368
G1 X204.486 Y231.075 E3049.11033
G1 X210.269 Y236.857 E3049.27012
G1 X210.867 Y236.857 E3049.28181
G1 X216.65 Y231.075 E3049.4416
G1 X222.212 Y231.075 E3049.55029
G1 X227.995 Y236.857 E3049.71008
G1 X228.925 Y236.857 E3049.72825
G1 X228.925 Y236.525 E3049.73474
G1 X228.593 Y236.857 E3049.74391
G1 X228.519 Y236.931
G1 F2400 E3043.74391
G0 F15000 X200.89 Y230.89
G0 X200.63 Y230.63
M204 S1250
;TYPE:WALL-INNER
G1 F2400 E3049.74391
G1 F6473.4 X200.63 Y237.302 E3049.86042
G1 X229.37 Y237.302 E3050.36226
G1 X229.37 Y230.63 E3050.47877
G1 X200.63 Y230.63 E3050.98061
M204 S2500
G0 F15000 X200.21 Y230.21
M204 S1250
;TYPE:WALL-OUTER
G1 F6473.4 X200.21 Y237.722 E3051.11178
G1 X229.79 Y237.722 E3051.6283
G1 X229.79 Y230.21 E3051.75947
G1 X200.21 Y230.21 E3052.27598
M204 S2500
G0 F15000 X200.21 Y230.41
G0 X201.24 Y231.116
G1 F2400 E3046.27598
;MESH:NONMESH
G0 F600 X201.24 Y231.116 Z21.3
G0 F15000 X201.075 Y230.44
G0 X201.075 Y229.335
G0 X201.075 Y200.665
G0 X201.075 Y199.56
G0 X201.075 Y193.472
;TIME_ELAPSED:2596.110574
;LAYER:210
;note -- min layer time used
;TYPE:FILL
;MESH:table_soft_spacer_30x30-Body.stl
G1 F2400 E3052.27598
G1 F6452.5 X201.075 Y198.925 E3052.38254
G1 X204.485 Y198.925 E3052.44917
G1 X210.191 Y193.219 E3052.60685
G1 X210.945 Y193.219 E3052.62158
G1 X216.651 Y198.925 E3052.77926
G1 X222.21 Y198.925 E3052.88789
G1 X227.917 Y193.219 E3053.04558
G1 X228.925 Y193.219 E3053.06528
G1 X228.671 Y193.219 E3053.07024
G1 X228.925 Y193.474 E3053.07728
G1 X228.925 Y198.925 E3053.18379
G1 X225.514 Y198.925 E3053.25044
G1 X219.808 Y193.219 E3053.40812
G1 X219.054 Y193.219 E3053.42286
G1 X213.348 Y198.925 E3053.58054
G1 X207.788 Y198.925 E3053.68918
G1 X202.082 Y193.219 E3053.84686
G1 X201.328 Y193.219 E3053.86159
G1 X201.075 Y193.472 E3053.86859
G0 F15000 X200.89 Y199.11
G0 X200.63 Y199.37
M204 S1250
;TYPE:WALL-INNER
G1 F6452.5 X229.37 Y199.37 E3054.37043
G1 X229.37 Y192.774 E3054.48561
G1 X200.63 Y192.774 E3054.98745
G1 X200.63 Y199.37 E3055.10263
M204 S2500
G0 F15000 X200.21 Y199.79
M204 S1250
;TYPE:WALL-OUTER
G1 F6452.5 X229.79 Y199.79 E3055.61914
G1 X229.79 Y192.354 E3055.74899
G1 X200.21 Y192.354 E3056.2655
G1 X200.21 Y199.79 E3056.39535
M204 S2500
G0 F15000 X200.41 Y199.79
G0 X201.116 Y198.76
G1 F2400 E3050.39535
G0 F15000 X228.925 Y199.56
G0 X228.925 Y200.665
G0 X228.925 Y229.335
G0 X228.925 Y230.44
G0 X228.925 Y231.075
;TYPE:FILL
G1 F2400 E3056.39535
G1 F6452.5 X225.513 Y231.075 E3056.46202
G1 X219.811 Y236.777 E3056.61959
G1 X219.051 Y236.777 E3056.63444
G1 X213.349 Y231.075 E3056.79201
G1 X207.787 Y231.075 E3056.90069
G1 X202.085 Y236.777 E3057.05826
G1 X201.325 Y236.777 E3057.07311
G1 X201.075 Y236.527 E3057.08002
G1 X201.075 Y231.075 E3057.18655
G1 X204.486 Y231.075 E3057.25321
G1 X210.188 Y236.777 E3057.41078
G1 X210.948 Y236.777 E3057.42563
G1 X216.65 Y231.075 E3057.5832
G1 X222.212 Y231.075 E3057.69188
G1 X227.914 Y236.777 E3057.84945
G1 X228.925 Y236.777 E3057.86921
G1 X228.925 Y236.525 E3057.87413
G1 X228.673 Y236.777 E3057.88109
G1 X228.599 Y236.851
G1 F2400 E3051.88109
G0 F15000 X200.89 Y230.89
G0 X200.63 Y230.63
M204 S1250
;TYPE:WALL-INNER
G1 F2400 E3057.88109
G1 F6452.5 X200.63 Y237.222 E3057.9962
G1 X229.37 Y237.222 E3058.49805
G1 X229.37 Y230.63 E3058.61315
G1 X200.63 Y230.63 E3059.115
M204 S2500
G0 F15000 X200.21 Y230.21
M204 S1250
;TYPE:WALL-OUTER
G1 F6452.5 X200.21 Y237.642 E3059.24477
G1 X229.79 Y237.642 E3059.76129
G1 X229.79 Y230.21 E3059.89106
G1 X200.21 Y230.21 E3060.40757
M204 S2500
G0 F15000 X200.21 Y230.41
G0 X201.24 Y231.116
G1 F2400 E3054.40757
;MESH:NONMESH
G0 F600 X201.24 Y231.116 Z21.4
G0 F15000 X201.075 Y230.44
G0 X201.075 Y229.335
G0 X201.075 Y200.665
G0 X201.075 Y199.56
G0 X201.075 Y193.472
;TIME_ELAPSED:2604.775755
;LAYER:211
;note -- min layer time used
;TYPE:FILL
;MESH:table_soft_spacer_30x30-Body.stl
G1 F2400 E3060.40757
G1 F6432.1 X201.075 Y198.925 E3060.51413
G1 X204.485 Y198.925 E3060.58076
G1 X210.112 Y193.298 E3060.73626
G1 X211.024 Y193.298 E3060.75408
G1 X216.651 Y198.925 E3060.90958
G1 X222.21 Y198.925 E3061.0182
G1 X227.84 Y193.295 E3061.17378
G1 X228.925 Y193.295 E3061.19498
G1 X228.748 Y193.296 E3061.19844
G1 X228.925 Y193.474 E3061.20335
G1 X228.925 Y198.925 E3061.30986
G1 X225.514 Y198.925 E3061.37651
G1 X219.885 Y193.297 E3061.53205
G1 X218.976 Y193.297 E3061.54981
G1 X213.348 Y198.925 E3061.70534
G1 X207.788 Y198.925 E3061.81398
G1 X202.163 Y193.3 E3061.96943
G1 X201.248 Y193.299 E3061.98731
G1 X201.075 Y193.472 E3061.99209
G0 F15000 X200.89 Y199.11
G0 X200.63 Y199.37
M204 S1250
;TYPE:WALL-INNER
G1 F6432.1 X229.37 Y199.37 E3062.49393
G1 X229.37 Y192.85 E3062.60778
G1 X200.63 Y192.854 E3063.10963
G1 X200.63 Y199.37 E3063.22341
M204 S2500
G0 F15000 X200.21 Y199.79
M204 S1250
;TYPE:WALL-OUTER
G1 F6432.1 X229.79 Y199.79 E3063.73992
G1 X229.79 Y192.43 E3063.86844
G1 X200.21 Y192.434 E3064.38495
G1 X200.21 Y199.79 E3064.5134
M204 S2500
G0 F15000 X200.41 Y199.79
G0 X201.116 Y198.76
G1 F2400 E3058.5134
G0 F15000 X228.925 Y199.56
G0 X228.925 Y200.665
G0 X228.925 Y229.335
G0 X228.925 Y230.44
G0 X228.925 Y231.075
;TYPE:FILL
G1 F2400 E3064.5134
G1 F6432.1 X225.513 Y231.075 E3064.58007
G1 X219.887 Y236.7 E3064.73553
G1 X218.975 Y236.7 E3064.75335
G1 X213.349 Y231.075 E3064.9088
G1 X207.787 Y231.075 E3065.01749
G1 X202.161 Y236.7 E3065.17294
G1 X201.249 Y236.7 E3065.19076
G1 X201.075 Y236.527 E3065.19556
G1 X201.075 Y231.075 E3065.30209
G1 X204.486 Y231.075 E3065.36874
G1 X210.112 Y236.7 E3065.5242
G1 X211.024 Y236.7 E3065.54202
G1 X216.65 Y231.075 E3065.69748
G1 X222.212 Y231.075 E3065.80616
G1 X227.838 Y236.7 E3065.96162
G1 X228.925 Y236.701 E3065.98286
G1 X228.925 Y236.525 E3065.98629
G1 X228.75 Y236.7 E3065.99113
G1 X228.676 Y236.774
G1 F2400 E3059.99113
G0 F15000 X200.89 Y230.89
G0 X200.63 Y230.63
M204 S1250
;TYPE:WALL-INNER
G1 F2400 E3065.99113
G1 F6432.1 X200.63 Y237.146 E3066.10491
G1 X229.37 Y237.146 E3066.60676
G1 X229.37 Y230.63 E3066.72054
G1 X200.63 Y230.63 E3067.22238
M204 S2500
G0 F15000 X200.21 Y230.21
M204 S1250
;TYPE:WALL-OUTER
G1 F6432.1 X200.21 Y237.566 E3067.35083
G1 X229.79 Y237.566 E3067.86734
G1 X229.79 Y230.21 E3067.99579
G1 X200.21 Y230.21 E3068.5123
M204 S2500
G0 F15000 X200.21 Y230.41
G0 X201.24 Y231.116
G1 F2400 E3062.5123
;MESH:NONMESH
G0 F600 X201.24 Y231.116 Z21.5
G0 F15000 X201.075 Y230.44
G0 X201.075 Y229.335
G0 X201.075 Y200.665
G0 X201.075 Y199.56
G0 X201.075 Y193.472
;TIME_ELAPSED:2613.430067
;LAYER:212
;note -- min layer time used
;TYPE:FILL
;MESH:table_soft_spacer_30x30-Body.stl
G1 F2400 E3068.5123
G1 F6409.7 X201.075 Y198.925 E3068.61886
G1 X204.485 Y198.925 E3068.68549
G1 X210.027 Y193.383 E3068.83864
G1 X211.109 Y193.383 E3068.85978
G1 X216.651 Y198.925 E3069.01293
G1 X222.21 Y198.925 E3069.12155
G1 X227.753 Y193.383 E3069.27472
G1 X228.925 Y193.383 E3069.29762
G1 X228.835 Y193.383 E3069.29938
G1 X228.925 Y193.474 E3069.30188
G1 X228.925 Y198.925 E3069.40839
G1 X225.514 Y198.925 E3069.47504
G1 X219.972 Y193.383 E3069.62819
G1 X218.89 Y193.383 E3069.64933
G1 X213.348 Y198.925 E3069.80248
G1 X207.788 Y198.925 E3069.91113
G1 X202.246 Y193.383 E3070.06428
G1 X201.164 Y193.383 E3070.08542
G1 X201.075 Y193.472 E3070.08788
G0 F15000 X200.89 Y199.11
G0 X200.63 Y199.37
M204 S1250
;TYPE:WALL-INNER
G1 F6409.7 X229.37 Y199.37 E3070.58972
G1 X229.37 Y192.938 E3070.70204
G1 X200.63 Y192.938 E3071.20388
G1 X200.63 Y199.37 E3071.31619
M204 S2500
G0 F15000 X200.21 Y199.79
M204 S1250
;TYPE:WALL-OUTER
G1 F6409.7 X229.79 Y199.79 E3071.83271
G1 X229.79 Y192.518 E3071.95969
G1 X200.21 Y192.518 E3072.4762
G1 X200.21 Y199.79 E3072.60318
M204 S2500
G0 F15000 X200.41 Y199.79
G0 X201.116 Y198.76
G1 F2400 E3066.60318
G0 F15000 X228.925 Y199.56
G0 X228.925 Y200.665
G0 X228.925 Y229.335
G0 X228.925 Y230.44
G0 X228.925 Y231.075
;TYPE:FILL
G1 F2400 E3072.60318
G1 F6409.7 X225.513 Y231.075 E3072.66985
G1 X219.97 Y236.617 E3072.82302
G1 X218.891 Y236.617 E3072.8441
G1 X213.349 Y231.075 E3072.99725
G1 X207.787 Y231.075 E3073.10593
G1 X202.245 Y236.617 E3073.25908
G1 X201.166 Y236.617 E3073.28017
G1 X201.075 Y236.527 E3073.28267
G1 X201.075 Y231.075 E3073.3892
G1 X204.486 Y231.075 E3073.45585
G1 X210.028 Y236.617 E3073.609
G1 X211.107 Y236.617 E3073.63008
G1 X216.65 Y231.075 E3073.78325
G1 X222.212 Y231.075 E3073.89193
G1 X227.754 Y236.617 E3074.04508
G1 X228.925 Y236.617 E3074.06796
G1 X228.925 Y236.525 E3074.06976
G1 X228.833 Y236.617 E3074.0723
G1 X228.759 Y236.691
G1 F2400 E3068.0723
G0 F15000 X200.89 Y230.89
G0 X200.63 Y230.63
M204 S1250
;TYPE:WALL-INNER
G1 F2400 E3074.0723
G1 F6409.7 X200.63 Y237.062 E3074.18461
G1 X229.37 Y237.062 E3074.68646
G1 X229.37 Y230.63 E3074.79877
G1 X200.63 Y230.63 E3075.30062
M204 S2500
G0 F15000 X200.21 Y230.21
M204 S1250
;TYPE:WALL-OUTER
G1 F6409.7 X200.21 Y237.482 E3075.4276
G1 X229.79 Y237.482 E3075.94411
G1 X229.79 Y230.21 E3076.07109
G1 X200.21 Y230.21 E3076.58761
M204 S2500
G0 F15000 X200.21 Y230.41
G0 X201.24 Y231.116
G1 F2400 E3070.58761
;MESH:NONMESH
G0 F600 X201.24 Y231.116 Z21.6
G0 F15000 X201.075 Y230.44
G0 X201.075 Y229.335
G0 X201.075 Y200.665
G0 X201.075 Y199.56
G0 X201.075 Y193.472
;TIME_ELAPSED:2622.065006
;LAYER:213
;note -- min layer time used
;TYPE:FILL
;MESH:table_soft_spacer_30x30-Body.stl
G1 F2400 E3076.58761
G1 F6387.8 X201.075 Y198.925 E3076.69416
G1 X204.485 Y198.925 E3076.76079
G1 X209.944 Y193.467 E3076.91163
G1 X211.192 Y193.467 E3076.93602
G1 X216.651 Y198.925 E3077.08686
G1 X222.21 Y198.925 E3077.19549
G1 X227.669 Y193.467 E3077.34633
G1 X228.925 Y193.467 E3077.37087
G1 X228.918 Y193.467 E3077.37101
G1 X228.925 Y193.474 E3077.3712
G1 X228.925 Y198.925 E3077.47771
G1 X225.514 Y198.925 E3077.54437
G1 X220.055 Y193.467 E3077.69521
G1 X218.806 Y193.467 E3077.71961
G1 X213.348 Y198.925 E3077.87044
G1 X207.788 Y198.925 E3077.97908
G1 X202.329 Y193.467 E3078.12993
G1 X201.081 Y193.467 E3078.15431
G1 X201.075 Y193.472 E3078.15446
G0 F15000 X200.89 Y199.11
G0 X200.63 Y199.37
M204 S1250
;TYPE:WALL-INNER
G1 F6387.8 X229.37 Y199.37 E3078.65631
G1 X229.37 Y193.022 E3078.76716
G1 X200.63 Y193.022 E3079.269
G1 X200.63 Y199.37 E3079.37985
M204 S2500
G0 F15000 X200.21 Y199.79
M204 S1250
;TYPE:WALL-OUTER
G1 F6387.8 X229.79 Y199.79 E3079.89636
G1 X229.79 Y192.602 E3080.02187
G1 X200.21 Y192.602 E3080.53839
G1 X200.21 Y199.79 E3080.6639
M204 S2500
G0 F15000 X200.41 Y199.79
G0 X201.116 Y198.76
G1 F2400 E3074.6639
G0 F15000 X228.925 Y199.56
G0 X228.925 Y200.665
G0 X228.925 Y229.335
G0 X228.925 Y230.44
G0 X228.925 Y231.075
;TYPE:FILL
G1 F2400 E3080.6639
G1 F6387.8 X225.513 Y231.075 E3080.73057
G1 X220.058 Y236.529 E3080.8813
G1 X218.804 Y236.529 E3080.90581
G1 X213.349 Y231.075 E3081.05654
G1 X207.787 Y231.075 E3081.16522
G1 X202.332 Y236.529 E3081.31595
G1 X201.075 Y236.527 E3081.34051
G1 X201.075 Y231.075 E3081.44705
G1 X204.486 Y231.075 E3081.5137
G1 X209.941 Y236.529 E3081.66443
G1 X211.195 Y236.529 E3081.68894
G1 X216.65 Y231.075 E3081.83967
G1 X222.212 Y231.075 E3081.94835
G1 X227.666 Y236.529 E3082.09907
G1 X228.921 Y236.529 E3082.12359
G1 X229.026 Y236.529
G1 F2400 E3076.12359
G0 F15000 X200.89 Y230.89
G0 X200.63 Y230.63
M204 S1250
;TYPE:WALL-INNER
G1 F2400 E3082.12359
G1 F6387.8 X200.63 Y236.974 E3082.23437
G1 X229.37 Y236.974 E3082.73621
G1 X229.37 Y230.63 E3082.84699
G1 X200.63 Y230.63 E3083.34883
M204 S2500
G0 F15000 X200.21 Y230.21
M204 S1250
;TYPE:WALL-OUTER
G1 F6387.8 X200.21 Y237.394 E3083.47428
G1 X229.79 Y237.394 E3083.99079
G1 X229.79 Y230.21 E3084.11623
G1 X200.21 Y230.21 E3084.63275
M204 S2500
G0 F15000 X200.21 Y230.41
G0 X201.24 Y231.116
G1 F2400 E3078.63275
;MESH:NONMESH
G0 F600 X201.24 Y231.116 Z21.7
G0 F15000 X209.855 Y230.44
G0 X209.855 Y229.335
G0 X209.855 Y200.665
G0 X209.855 Y199.56
G0 X209.855 Y193.555
;TIME_ELAPSED:2630.758207
;LAYER:214
;note -- min layer time used
;TYPE:FILL
;MESH:table_soft_spacer_30x30-Body.stl
G1 F2400 E3084.63275
G1 F6602.3 X204.485 Y198.925 E3084.78114
G1 X207.788 Y198.925 E3084.84568
G1 X202.419 Y193.556 E3084.99405
G1 X211.281 Y193.556 E3085.16722
G1 X216.651 Y198.925 E3085.3156
G1 X213.348 Y198.925 E3085.38014
G1 X218.718 Y193.555 E3085.52854
G1 X220.144 Y193.556 E3085.5564
G1 X225.514 Y198.925 E3085.70478
G1 X222.21 Y198.925 E3085.76935
G1 X227.581 Y193.555 E3085.91776
G1 X228.925 Y193.555 E3085.94402
G1 X229.03 Y193.555
G1 F2400 E3079.94402
G0 F15000 X200.89 Y199.11
G0 X200.63 Y199.37
M204 S1250
;TYPE:WALL-INNER
G1 F2400 E3085.94402
G1 F6602.3 X229.37 Y199.37 E3086.44586
G1 X229.37 Y193.11 E3086.55517
G1 X200.63 Y193.11 E3087.05702
G1 X200.63 Y199.37 E3087.16633
M204 S2500
G0 F15000 X200.21 Y199.79
M204 S1250
;TYPE:WALL-OUTER
G1 F6602.3 X229.79 Y199.79 E3087.68284
G1 X229.79 Y192.69 E3087.80682
G1 X200.21 Y192.69 E3088.32333
G1 X200.21 Y199.79 E3088.44731
M204 S2500
G0 F15000 X200.41 Y199.79
G0 X201.116 Y198.76
G1 F2400 E3082.44731
G0 F15000 X207.787 Y199.56
G0 X207.787 Y200.665
G0 X207.787 Y229.335
G0 X207.787 Y230.44
G0 X207.787 Y231.075
;TYPE:FILL
G1 F2400 E3088.44731
G1 F6602.3 X202.417 Y236.444 E3088.59569
G1 X209.856 Y236.444 E3088.74105
G1 X204.486 Y231.075 E3088.88943
G1 X213.349 Y231.075 E3089.06262
G1 X218.719 Y236.444 E3089.211
G1 X211.28 Y236.444 E3089.35636
G1 X216.65 Y231.075 E3089.50474
G1 X222.212 Y231.075 E3089.61343
G1 X227.582 Y236.444 E3089.76181
G1 X220.143 Y236.444 E3089.90717
G1 X225.513 Y231.075 E3090.05555
G1 X228.925 Y231.075 E3090.12222
G1 X229.03 Y231.075
G1 F2400 E3084.12222
G0 F15000 X200.89 Y230.89
G0 X200.63 Y230.63
M204 S1250
;TYPE:WALL-INNER
G1 F2400 E3090.12222
G1 F6602.3 X200.63 Y236.89 E3090.23153
G1 X229.37 Y236.89 E3090.73338
G1 X229.37 Y230.63 E3090.84269
G1 X200.63 Y230.63 E3091.34453
M204 S2500
G0 F15000 X200.21 Y230.21
M204 S1250
;TYPE:WALL-OUTER
G1 F6602.3 X200.21 Y237.31 E3091.46851
G1 X229.79 Y237.31 E3091.98502
G1 X229.79 Y230.21 E3092.109
G1 X200.21 Y230.21 E3092.62551
M204 S2500
G0 F15000 X200.21 Y230.41
G0 X201.24 Y231.116
G1 F2400 E3086.62551
;MESH:NONMESH
G0 F600 X201.24 Y231.116 Z21.8
G0 F15000 X201.075 Y230.44
G0 X201.075 Y229.335
G0 X201.075 Y200.665
G0 X201.075 Y199.56
G0 X201.075 Y193.639
;TIME_ELAPSED:2639.465282
;LAYER:215
;note -- min layer time used
;TYPE:FILL
;MESH:table_soft_spacer_30x30-Body.stl
G1 F2400 E3092.62551
G1 F6988.2 X201.075 Y198.925 E3092.7288
G1 X204.485 Y198.925 E3092.79544
G1 X209.77 Y193.64 E3092.94148
G1 X202.503 Y193.64 E3093.08348
G1 X207.788 Y198.925 E3093.22953
G1 X213.348 Y198.925 E3093.33817
G1 X218.632 Y193.641 E3093.48419
G1 X211.367 Y193.641 E3093.62615
G1 X216.651 Y198.925 E3093.77217
G1 X225.514 Y198.925 E3093.94536
G1 X220.231 Y193.643 E3094.09133
G1 X227.493 Y193.643 E3094.23324
G1 X222.21 Y198.925 E3094.37921
G1 X222.136 Y198.999
G0 F15000 X227.026 Y194.11
G1 F6988.2 X229.16 Y194.11 E3094.42091
G1 X229.265 Y194.11
G1 F2400 E3088.42091
G0 F15000 X229.08 Y194.11
G0 X200.89 Y199.11
G0 X200.63 Y199.37
M204 S1250
;TYPE:WALL-INNER
G1 F2400 E3094.42091
G1 F6988.2 X229.37 Y199.37 E3094.92276
G1 X229.37 Y193.198 E3095.03053
G1 X200.63 Y193.194 E3095.53238
G1 X200.63 Y199.37 E3095.64022
M204 S2500
G0 F15000 X200.21 Y199.79
M204 S1250
;TYPE:WALL-OUTER
G1 F6988.2 X229.79 Y199.79 E3096.15673
G1 X229.79 Y192.778 E3096.27917
G1 X200.21 Y192.774 E3096.79569
G1 X200.21 Y199.79 E3096.9182
M204 S2500
G0 F15000 X200.41 Y199.79
G0 X201.116 Y198.76
G1 F2400 E3090.9182
G0 F15000 X207.787 Y199.56
G0 X207.787 Y200.665
G0 X207.787 Y229.335
G0 X207.787 Y230.44
G0 X207.787 Y231.075
;TYPE:FILL
G1 F2400 E3096.9182
G1 F6988.2 X202.505 Y236.357 E3097.06416
G1 X209.768 Y236.357 E3097.20608
G1 X204.486 Y231.075 E3097.35205
G1 X213.349 Y231.075 E3097.52523
G1 X218.631 Y236.357 E3097.6712
G1 X211.368 Y236.357 E3097.81312
G1 X216.65 Y231.075 E3097.95908
G1 X222.212 Y231.075 E3098.06776
G1 X227.494 Y236.357 E3098.21373
G1 X220.231 Y236.357 E3098.35565
G1 X225.513 Y231.075 E3098.50161
G1 X228.925 Y231.075 E3098.56829
G1 X229.03 Y231.075
G1 F2400 E3092.56829
G0 F15000 X200.89 Y230.89
G0 X200.63 Y230.63
M204 S1250
;TYPE:WALL-INNER
G1 F2400 E3098.56829
G1 F6988.2 X200.63 Y236.802 E3098.67606
G1 X229.37 Y236.802 E3099.1779
G1 X229.37 Y230.63 E3099.28568
G1 X200.63 Y230.63 E3099.78752
M204 S2500
G0 F15000 X200.21 Y230.21
M204 S1250
;TYPE:WALL-OUTER
G1 F6988.2 X200.21 Y237.222 E3099.90996
G1 X229.79 Y237.222 E3100.42648
G1 X229.79 Y230.21 E3100.54892
G1 X200.21 Y230.21 E3101.06543
M204 S2500
G0 F15000 X200.21 Y230.41
G0 X201.24 Y231.116
G1 F2400 E3095.06543
;MESH:NONMESH
G0 F600 X201.24 Y231.116 Z21.9
G0 F15000 X201.075 Y230.44
G0 X201.075 Y229.335
G0 X201.075 Y200.665
G0 X201.075 Y199.56
G0 X201.075 Y194.576
;TIME_ELAPSED:2648.471837
;LAYER:216
;note -- min layer time used
;TYPE:FILL
;MESH:table_soft_spacer_30x30-Body.stl
G1 F2400 E3101.06543
G1 F7813.7 X201.075 Y198.925 E3101.15041
G1 X204.485 Y198.925 E3101.21704
G1 X208.833 Y194.577 E3101.3372
G1 X203.44 Y194.577 E3101.44258
G1 X207.788 Y198.925 E3101.56273
G1 X213.348 Y198.925 E3101.67138
G1 X217.696 Y194.577 E3101.79153
G1 X212.302 Y194.577 E3101.89693
G1 X216.651 Y198.925 E3102.0171
G1 X225.514 Y198.925 E3102.19028
G1 X221.165 Y194.577 E3102.31045
G1 X226.559 Y194.577 E3102.41585
G1 X222.21 Y198.925 E3102.53602
G1 X222.136 Y198.999
G1 F2400 E3096.53602
G0 F15000 X200.89 Y199.11
G0 X200.63 Y199.37
M204 S1250
;TYPE:WALL-INNER
G1 F2400 E3102.53602
G1 F7656.9 X229.37 Y199.37 E3103.03786
G1 X229.37 Y193.29 E3103.14403
G1 X200.63 Y193.29 E3103.64588
G1 X200.63 Y199.37 E3103.75204
M204 S2500
G0 F15000 X200.21 Y199.79
M204 S1250
;TYPE:WALL-OUTER
G1 F7500 X229.79 Y199.79 E3104.26855
G1 X229.79 Y192.87 E3104.38939
G1 X200.21 Y192.87 E3104.9059
G1 X200.21 Y199.79 E3105.02674
M204 S2500
G0 F15000 X200.41 Y199.79
G0 X200.89 Y199.11
G0 X201.037 Y194.139
;TYPE:SKIN
G1 F7126.7 X201.037 Y193.697 E3105.03486
G1 X228.959 Y193.697 E3105.54796
G1 X228.959 Y194.139 E3105.55608
G1 X201.037 Y194.139 E3106.06918
G0 F15000 X201.24 Y194.139
G1 F2400 E3100.06918
G0 F15000 X207.787 Y199.56
G0 X207.787 Y200.665
G0 X207.787 Y229.335
G0 X207.787 Y230.44
G0 X207.787 Y231.075
;TYPE:FILL
G1 F2400 E3106.06918
G1 F7813.7 X202.601 Y236.261 E3106.21249
G1 X209.672 Y236.261 E3106.35066
G1 X204.486 Y231.075 E3106.49397
G1 X213.349 Y231.075 E3106.66716
G1 X218.535 Y236.261 E3106.81047
G1 X211.464 Y236.261 E3106.94864
G1 X216.65 Y231.075 E3107.09195
G1 X222.212 Y231.075 E3107.20064
G1 X227.398 Y236.261 E3107.34395
G1 X220.327 Y236.261 E3107.48212
G1 X225.513 Y231.075 E3107.62543
G1 X228.925 Y231.075 E3107.6921
G1 X229.03 Y231.075
G0 F15000 X229.08 Y235.94
G0 X229.16 Y235.94
G1 F7813.7 X227.076 Y235.94 E3107.73282
G1 X226.971 Y235.94
G1 F2400 E3101.73282
G0 F15000 X202.662 Y236.41
G1 F2400 E3107.73282
G1 F7813.7 X200.84 Y236.41 E3107.76842
G1 X200.735 Y236.41
G0 F15000 X200.92 Y236.41
G0 X200.89 Y230.89
G0 X200.63 Y230.63
M204 S1250
;TYPE:WALL-INNER
G1 F7656.9 X200.63 Y236.706 E3107.87452
G1 X229.37 Y236.706 E3108.37636
G1 X229.37 Y230.63 E3108.48246
G1 X200.63 Y230.63 E3108.98431
M204 S2500
G0 F15000 X200.21 Y230.21
M204 S1250
;TYPE:WALL-OUTER
G1 F7500 X200.21 Y237.126 E3109.10507
G1 X229.79 Y237.126 E3109.62158
G1 X229.79 Y230.21 E3109.74235
G1 X200.21 Y230.21 E3110.25886
M204 S2500
G0 F15000 X200.21 Y230.41
G0 X201.24 Y231.116
G1 F2400 E3104.25886
;MESH:NONMESH
G0 F600 X201.24 Y231.116 Z22
G0 F15000 X201.075 Y230.44
G0 X201.075 Y229.335
G0 X201.075 Y200.665
G0 X201.075 Y199.56
G0 X201.075 Y194.691
;TIME_ELAPSED:2658.010914
;LAYER:217
;note -- min layer time used
;TYPE:FILL
;MESH:table_soft_spacer_30x30-Body.stl
G1 F2400 E3110.25886
G1 F9773.3 X201.075 Y198.925 E3110.3416
G1 X204.485 Y198.925 E3110.40823
G1 X208.719 Y194.691 E3110.52523
G1 X203.555 Y194.692 E3110.62614
G1 X207.788 Y198.925 E3110.74311
G1 X213.348 Y198.925 E3110.85176
G1 X217.582 Y194.691 E3110.96876
G1 X212.418 Y194.692 E3111.06967
G1 X216.651 Y198.925 E3111.18664
G1 X225.514 Y198.925 E3111.35983
G1 X221.281 Y194.692 E3111.4768
G1 X226.445 Y194.691 E3111.57771
G1 X222.21 Y198.925 E3111.69473
G1 X222.136 Y198.999
G1 F2400 E3105.69473
G0 F15000 X200.89 Y199.11
G0 X200.63 Y199.37
M204 S1250
;TYPE:WALL-INNER
G1 F2400 E3111.69473
G1 F8636.6 X229.37 Y199.37 E3112.19657
G1 X229.37 Y193.386 E3112.30106
G1 X200.63 Y193.386 E3112.80291
G1 X200.63 Y199.37 E3112.9074
M204 S2500
G0 F15000 X200.21 Y199.79
M204 S1250
;TYPE:WALL-OUTER
G1 F7500 X229.79 Y199.79 E3113.42391
G1 X229.79 Y192.966 E3113.54307
G1 X200.21 Y192.966 E3114.05958
G1 X200.21 Y199.79 E3114.17874
M204 S2500
G0 F15000 X200.41 Y199.79
G0 X200.89 Y199.11
G0 X201.042 Y194.25
;TYPE:SKIN
G1 F6969 X201.042 Y193.798 E3114.18723
G1 X228.954 Y193.798 E3114.71176
G1 X228.954 Y194.25 E3114.72025
G1 X201.042 Y194.25 E3115.24477
G0 F15000 X201.24 Y194.25
G1 F2400 E3109.24477
G0 F15000 X207.787 Y199.56
G0 X207.787 Y200.665
G0 X207.787 Y229.335
G0 X207.787 Y230.44
G0 X207.787 Y231.075
;TYPE:FILL
G1 F2400 E3115.24477
G1 F9773.3 X203.553 Y235.309 E3115.36177
G1 X208.72 Y235.308 E3115.46274
G1 X204.486 Y231.075 E3115.57973
G1 X213.349 Y231.075 E3115.75292
G1 X217.582 Y235.307 E3115.86988
G1 X212.416 Y235.309 E3115.97082
G1 X216.65 Y231.075 E3116.08783
G1 X222.212 Y231.075 E3116.19651
G1 X226.445 Y235.307 E3116.31347
G1 X221.279 Y235.308 E3116.41442
G1 X225.513 Y231.075 E3116.53141
G1 X228.925 Y231.075 E3116.59808
G1 X229.03 Y231.075
G1 F2400 E3110.59808
G0 F15000 X200.89 Y230.89
G0 X200.63 Y230.63
M204 S1250
;TYPE:WALL-INNER
G1 F2400 E3116.59808
G1 F8636.6 X200.63 Y236.61 E3116.7025
G1 X229.37 Y236.61 E3117.20434
G1 X229.37 Y230.63 E3117.30876
G1 X200.63 Y230.63 E3117.81061
M204 S2500
G0 F15000 X200.21 Y230.21
M204 S1250
;TYPE:WALL-OUTER
G1 F7500 X200.21 Y237.03 E3117.9297
G1 X229.79 Y237.03 E3118.44621
G1 X229.79 Y230.21 E3118.5653
G1 X200.21 Y230.21 E3119.08181
M204 S2500
G0 F15000 X200.21 Y230.41
G0 X200.89 Y230.89
G0 X201.041 Y235.745
;TYPE:SKIN
G1 F7000 X228.955 Y235.745 E3119.60405
G1 X228.955 Y236.195 E3119.61247
G1 X201.041 Y236.195 E3120.13471
G1 X201.041 Y235.745 E3120.14312
G0 F15000 X201.24 Y235.745
G1 F2400 E3114.14312
;MESH:NONMESH
G0 F600 X201.24 Y235.745 Z22.1
G0 F15000 X201.075 Y230.44
G0 X201.075 Y229.335
G0 X201.075 Y200.665
G0 X201.075 Y199.56
G0 X201.075 Y194.819
;TIME_ELAPSED:2667.799080
;LAYER:218
;note -- min layer time used
;TYPE:FILL
;MESH:table_soft_spacer_30x30-Body.stl
G1 F2400 E3120.14312
G1 F9671.8 X201.075 Y198.925 E3120.22336
G1 X204.485 Y198.925 E3120.28999
G1 X208.592 Y194.819 E3120.40347
G1 X203.682 Y194.819 E3120.49941
G1 X207.788 Y198.925 E3120.61288
G1 X213.348 Y198.925 E3120.72152
G1 X217.454 Y194.819 E3120.83499
G1 X212.545 Y194.819 E3120.93091
G1 X216.651 Y198.925 E3121.04438
G1 X225.514 Y198.925 E3121.21756
G1 X221.409 Y194.82 E3121.331
G1 X226.317 Y194.819 E3121.42691
G1 X222.21 Y198.925 E3121.54039
G1 X222.136 Y198.999
G1 F2400 E3115.54039
G0 F15000 X200.89 Y199.11
G0 X200.63 Y199.37
M204 S1250
;TYPE:WALL-INNER
G1 F2400 E3121.54039
G1 F8585.9 X229.37 Y199.37 E3122.04223
G1 X229.37 Y193.482 E3122.14505
G1 X200.63 Y193.482 E3122.64689
G1 X200.63 Y199.37 E3122.74971
M204 S2500
G0 F15000 X200.21 Y199.79
M204 S1250
;TYPE:WALL-OUTER
G1 F7500 X229.79 Y199.79 E3123.26622
G1 X229.79 Y193.062 E3123.3837
G1 X200.21 Y193.062 E3123.90021
G1 X200.21 Y199.79 E3124.01769
M204 S2500
G0 F15000 X200.41 Y199.79
G0 X200.89 Y199.11
G0 X201.05 Y194.37
;TYPE:SKIN
G1 F6730.8 X201.05 Y193.902 E3124.0268
G1 X228.946 Y193.902 E3124.56958
G1 X228.946 Y194.37 E3124.57868
G1 X201.05 Y194.37 E3125.12146
G0 F15000 X201.24 Y194.37
G1 F2400 E3119.12146
G0 F15000 X207.787 Y199.56
G0 X207.787 Y200.665
G0 X207.787 Y229.335
G0 X207.787 Y230.44
G0 X207.787 Y231.075
;TYPE:FILL
G1 F2400 E3125.12146
G1 F9671.8 X203.681 Y235.181 E3125.23493
G1 X208.592 Y235.18 E3125.33089
G1 X204.486 Y231.075 E3125.44434
G1 X213.349 Y231.075 E3125.61753
G1 X217.454 Y235.18 E3125.73097
G1 X212.544 Y235.181 E3125.82691
G1 X216.65 Y231.075 E3125.94038
G1 X222.212 Y231.075 E3126.04906
G1 X226.317 Y235.18 E3126.1625
G1 X221.406 Y235.181 E3126.25846
G1 X225.513 Y231.075 E3126.37194
G1 X228.925 Y231.075 E3126.43861
G1 X229.03 Y231.075
G1 F2400 E3120.43861
G0 F15000 X200.89 Y230.89
G0 X200.63 Y230.63
M204 S1250
;TYPE:WALL-INNER
G1 F2400 E3126.43861
G1 F8585.9 X200.63 Y236.518 E3126.54143
G1 X229.37 Y236.514 E3127.04327
G1 X229.37 Y230.63 E3127.14601
G1 X200.63 Y230.63 E3127.64786
M204 S2500
G0 F15000 X200.21 Y230.21
M204 S1250
;TYPE:WALL-OUTER
G1 F7500 X200.21 Y236.938 E3127.76534
G1 X229.79 Y236.934 E3128.28185
G1 X229.79 Y230.21 E3128.39927
G1 X200.21 Y230.21 E3128.91578
M204 S2500
G0 F15000 X200.21 Y230.41
G0 X200.89 Y230.89
G0 X201.05 Y235.626
;TYPE:SKIN
G1 F6745.2 X228.947 Y235.625 E3129.45742
G1 F6759.7 X228.947 Y236.091 E3129.46645
G1 F6745.2 X201.05 Y236.094 E3130.00808
G1 F6730.8 X201.05 Y235.626 E3130.01719
G0 F15000 X201.24 Y235.626
G1 F2400 E3124.01719
;MESH:NONMESH
G0 F600 X201.24 Y235.626 Z22.2
G0 F15000 X201.075 Y230.44
G0 X201.075 Y229.335
G0 X201.075 Y200.665
G0 X201.075 Y199.56
G0 X201.075 Y194.947
;TIME_ELAPSED:2677.573820
;LAYER:219
;note -- min layer time used
;TYPE:FILL
;MESH:table_soft_spacer_30x30-Body.stl
G1 F2400 E3130.01719
G1 F9422.9 X201.075 Y198.925 E3130.09492
G1 X204.485 Y198.925 E3130.16155
G1 X208.463 Y194.947 E3130.27148
G1 X203.811 Y194.948 E3130.36238
G1 X207.788 Y198.925 E3130.47228
G1 X213.348 Y198.925 E3130.58093
G1 X217.326 Y194.947 E3130.69086
G1 X212.674 Y194.948 E3130.78176
G1 X216.651 Y198.925 E3130.89166
G1 X225.514 Y198.925 E3131.06485
G1 X221.537 Y194.948 E3131.17475
G1 X226.189 Y194.947 E3131.26565
G1 X222.21 Y198.925 E3131.37559
G1 X222.136 Y198.999
G1 F2400 E3125.37559
G0 F15000 X200.89 Y199.11
G0 X200.63 Y199.37
M204 S1250
;TYPE:WALL-INNER
G1 F2400 E3131.37559
G1 F8461.4 X229.37 Y199.37 E3131.87744
G1 X229.37 Y193.582 E3131.9785
G1 X200.63 Y193.582 E3132.48035
G1 X200.63 Y199.37 E3132.58142
M204 S2500
G0 F15000 X200.21 Y199.79
M204 S1250
;TYPE:WALL-OUTER
G1 F7500 X229.79 Y199.79 E3133.09793
G1 X229.79 Y193.162 E3133.21367
G1 X200.21 Y193.162 E3133.73018
G1 X200.21 Y199.79 E3133.84591
M204 S2500
G0 F15000 X200.41 Y199.79
G0 X200.89 Y199.11
G0 X201.057 Y194.491
;TYPE:SKIN
G1 F6535.3 X201.057 Y194.009 E3133.85557
G1 X228.939 Y194.009 E3134.41431
G1 X228.939 Y194.491 E3134.42397
G1 X201.057 Y194.491 E3134.9827
G0 F15000 X201.24 Y194.491
G1 F2400 E3128.9827
G0 F15000 X207.787 Y199.56
G0 X207.787 Y200.665
G0 X207.787 Y229.335
G0 X207.787 Y230.44
G0 X207.787 Y231.075
;TYPE:FILL
G1 F2400 E3134.9827
G1 F9422.9 X203.809 Y235.052 E3135.09262
G1 X208.463 Y235.051 E3135.18356
G1 X204.486 Y231.075 E3135.29344
G1 X213.349 Y231.075 E3135.46663
G1 X217.326 Y235.052 E3135.57653
G1 X212.672 Y235.052 E3135.66747
G1 X216.65 Y231.075 E3135.77739
G1 X222.212 Y231.075 E3135.88607
G1 X226.189 Y235.052 E3135.99597
G1 X221.534 Y235.053 E3136.08693
G1 X225.513 Y231.075 E3136.19687
G1 X228.925 Y231.075 E3136.26355
G1 X229.03 Y231.075
G1 F2400 E3130.26355
G0 F15000 X200.89 Y230.89
G0 X200.63 Y230.63
M204 S1250
;TYPE:WALL-INNER
G1 F2400 E3136.26355
G1 F8461.4 X200.63 Y236.418 E3136.36461
G1 X229.37 Y236.418 E3136.86646
G1 X229.37 Y230.63 E3136.96753
G1 X200.63 Y230.63 E3137.46937
M204 S2500
G0 F15000 X200.21 Y230.21
M204 S1250
;TYPE:WALL-OUTER
G1 F7500 X200.21 Y236.838 E3137.58511
G1 X229.79 Y236.838 E3138.10162
G1 X229.79 Y230.21 E3138.21736
G1 X200.21 Y230.21 E3138.73387
M204 S2500
G0 F15000 X200.21 Y230.41
G0 X200.89 Y230.89
G0 X201.057 Y235.505
;TYPE:SKIN
G1 F6535.3 X228.939 Y235.505 E3139.2926
G1 X228.939 Y235.987 E3139.30226
G1 X201.057 Y235.987 E3139.861
G1 X201.057 Y235.505 E3139.87065
G0 F15000 X201.24 Y235.505
G1 F2400 E3133.87065
;MESH:NONMESH
G0 F600 X201.24 Y235.505 Z22.3
G0 F15000 X201.075 Y230.44
G0 X201.075 Y229.335
G0 X201.075 Y200.665
G0 X201.075 Y199.56
G0 X201.075 Y195.075
;TIME_ELAPSED:2687.333708
;LAYER:220
;note -- min layer time used
;TYPE:FILL
;MESH:table_soft_spacer_30x30-Body.stl
G1 F2400 E3139.87065
G1 F9166.3 X201.075 Y198.925 E3139.94588
G1 X204.485 Y198.925 E3140.01252
G1 X208.336 Y195.074 E3140.11894
G1 X203.938 Y195.075 E3140.20487
G1 X207.788 Y198.925 E3140.31127
G1 X213.348 Y198.925 E3140.41991
G1 X217.198 Y195.075 E3140.5263
G1 X212.801 Y195.075 E3140.61222
G1 X216.651 Y198.925 E3140.71861
G1 X225.514 Y198.925 E3140.8918
G1 X221.665 Y195.076 E3140.99816
G1 X226.061 Y195.075 E3141.08406
G1 X222.21 Y198.925 E3141.19047
G1 X222.136 Y198.999
G1 F2400 E3135.19047
G0 F15000 X200.89 Y199.11
G0 X200.63 Y199.37
M204 S1250
;TYPE:WALL-INNER
G1 F2400 E3141.19047
G1 F8333.2 X229.37 Y199.37 E3141.69231
G1 X229.37 Y193.686 E3141.79156
G1 X200.63 Y193.686 E3142.29341
G1 X200.63 Y199.37 E3142.39266
M204 S2500
G0 F15000 X200.21 Y199.79
M204 S1250
;TYPE:WALL-OUTER
G1 F7500 X229.79 Y199.79 E3142.90917
G1 X229.79 Y193.266 E3143.02309
G1 X200.21 Y193.266 E3143.53961
G1 X200.21 Y199.79 E3143.65353
M204 S2500
G0 F15000 X200.41 Y199.79
G0 X200.89 Y199.11
G0 X201.063 Y194.613
;TYPE:SKIN
G1 F6376.5 X201.063 Y194.119 E3143.66367
G1 X228.933 Y194.119 E3144.23607
G1 X228.933 Y194.613 E3144.24622
G1 X201.063 Y194.613 E3144.81861
G0 F15000 X201.24 Y194.613
G1 F2400 E3138.81861
G0 F15000 X207.787 Y199.56
G0 X207.787 Y200.665
G0 X207.787 Y229.335
G0 X207.787 Y230.44
G0 X207.787 Y231.075
;TYPE:FILL
G1 F2400 E3144.81861
G1 F9166.3 X203.937 Y234.925 E3144.92501
G1 X208.336 Y234.924 E3145.01096
G1 X204.486 Y231.075 E3145.11734
G1 X213.349 Y231.075 E3145.29053
G1 X217.198 Y234.924 E3145.39689
G1 X212.8 Y234.925 E3145.48283
G1 X216.65 Y231.075 E3145.58922
G1 X222.212 Y231.075 E3145.6979
G1 X226.061 Y234.924 E3145.80427
G1 X221.662 Y234.925 E3145.89023
G1 X225.513 Y231.075 E3145.99663
G1 X228.925 Y231.075 E3146.0633
G1 X229.03 Y231.075
G1 F2400 E3140.0633
G0 F15000 X200.89 Y230.89
G0 X200.63 Y230.63
M204 S1250
;TYPE:WALL-INNER
G1 F2400 E3146.0633
G1 F8333.2 X200.63 Y236.31 E3146.16249
G1 X229.37 Y236.31 E3146.66433
G1 X229.37 Y230.63 E3146.76351
G1 X200.63 Y230.63 E3147.26536
M204 S2500
G0 F15000 X200.21 Y230.21
M204 S1250
;TYPE:WALL-OUTER
G1 F7500 X200.21 Y236.73 E3147.37921
G1 X229.79 Y236.73 E3147.89572
G1 X229.79 Y230.21 E3148.00957
G1 X200.21 Y230.21 E3148.52608
M204 S2500
G0 F15000 X200.21 Y230.41
G0 X200.89 Y230.89
G0 X201.062 Y235.382
;TYPE:SKIN
G1 F6402.4 X228.934 Y235.382 E3149.0962
G1 X228.934 Y235.874 E3149.10627
G1 X201.062 Y235.874 E3149.67639
G1 X201.062 Y235.382 E3149.68645
G0 F15000 X201.24 Y235.382
G1 F2400 E3143.68645
;MESH:NONMESH
G0 F600 X201.24 Y235.382 Z22.4
G0 F15000 X208.193 Y230.44
G0 X208.193 Y229.335
G0 X208.193 Y200.665
G0 X208.193 Y199.56
G0 X208.193 Y195.217
;TIME_ELAPSED:2697.162005
;LAYER:221
;note -- min layer time used
;TYPE:FILL
;MESH:table_soft_spacer_30x30-Body.stl
G1 F2400 E3149.68645
G1 F8723.8 X204.485 Y198.925 E3149.78892
G1 X207.788 Y198.925 E3149.85346
G1 X204.08 Y195.217 E3149.95593
G1 X212.943 Y195.217 E3150.12912
G1 X216.651 Y198.925 E3150.23158
G1 X213.348 Y198.925 E3150.29613
G1 X217.056 Y195.217 E3150.39859
G1 X221.806 Y195.217 E3150.49141
G1 X225.514 Y198.925 E3150.59388
G1 X222.21 Y198.925 E3150.65844
G1 X225.918 Y195.217 E3150.76091
G1 X228.925 Y195.217 E3150.81966
G1 X229.03 Y195.217
G1 F2400 E3144.81966
G0 F15000 X200.89 Y199.11
G0 X200.63 Y199.37
M204 S1250
;TYPE:WALL-INNER
G1 F2400 E3150.81966
G1 F8111.9 X229.37 Y199.37 E3151.32151
G1 X229.37 Y193.79 E3151.41895
G1 X200.63 Y193.79 E3151.92079
G1 X200.63 Y199.37 E3152.01823
M204 S2500
G0 F15000 X200.21 Y199.79
M204 S1250
;TYPE:WALL-OUTER
G1 F7500 X229.79 Y199.79 E3152.53474
G1 X229.79 Y193.37 E3152.64684
G1 X200.21 Y193.37 E3153.16336
G1 X200.21 Y199.79 E3153.27546
M204 S2500
G0 F15000 X200.41 Y199.79
G0 X200.89 Y199.11
G0 X201.073 Y194.747
;TYPE:SKIN
G1 F6128.4 X201.073 Y194.233 E3153.28644
G1 F6140.4 X228.924 Y194.232 E3153.88045
G1 F6152.3 X228.924 Y194.744 E3153.89135
G1 F6140.4 X201.073 Y194.747 E3154.48536
G0 F15000 X201.24 Y194.747
G1 F2400 E3148.48536
G0 F15000 X207.787 Y199.56
G0 X207.787 Y200.665
G0 X207.787 Y229.335
G0 X207.787 Y230.44
G0 X207.787 Y231.075
;TYPE:FILL
G1 F2400 E3154.48536
G1 F8723.8 X204.079 Y234.783 E3154.58783
G1 X208.194 Y234.783 E3154.66823
G1 X204.486 Y231.075 E3154.7707
G1 X213.349 Y231.075 E3154.94389
G1 X217.057 Y234.783 E3155.04636
G1 X212.942 Y234.783 E3155.12676
G1 X216.65 Y231.075 E3155.22923
G1 X222.212 Y231.075 E3155.33791
G1 X225.92 Y234.783 E3155.44038
G1 X221.805 Y234.783 E3155.52079
G1 X225.513 Y231.075 E3155.62326
G1 X228.925 Y231.075 E3155.68993
G1 X229.03 Y231.075
G1 F2400 E3149.68993
G0 F15000 X200.89 Y230.89
G0 X200.63 Y230.63
M204 S1250
;TYPE:WALL-INNER
G1 F2400 E3155.68993
G1 F8111.9 X200.63 Y236.206 E3155.7873
G1 X229.37 Y236.206 E3156.28914
G1 X229.37 Y230.63 E3156.38651
G1 X200.63 Y230.63 E3156.88835
M204 S2500
G0 F15000 X200.21 Y230.21
M204 S1250
;TYPE:WALL-OUTER
G1 F7500 X200.21 Y236.626 E3157.00039
G1 X229.79 Y236.626 E3157.5169
G1 X229.79 Y230.21 E3157.62893
G1 X200.21 Y230.21 E3158.14545
M204 S2500
G0 F15000 X200.21 Y230.41
G0 X200.89 Y230.89
G0 X201.071 Y235.251
;TYPE:SKIN
G1 F6176.5 X228.925 Y235.251 E3158.73604
G1 X228.925 Y235.761 E3158.74686
G1 X201.071 Y235.761 E3159.33746
G1 X201.071 Y235.251 E3159.34827
G0 F15000 X201.24 Y235.251
G1 F2400 E3153.34827
;MESH:NONMESH
G0 F600 X201.24 Y235.251 Z22.5
G0 F15000 X208.052 Y230.44
G0 X208.052 Y229.335
G0 X208.052 Y200.665
G0 X208.052 Y199.56
G0 X208.052 Y195.358
;TIME_ELAPSED:2706.900544
;LAYER:222
;note -- min layer time used
;TYPE:FILL
;MESH:table_soft_spacer_30x30-Body.stl
G1 F2400 E3159.34827
G1 F8496.5 X204.485 Y198.925 E3159.44684
G1 X207.788 Y198.925 E3159.51138
G1 X204.222 Y195.359 E3159.60993
G1 X213.085 Y195.359 E3159.78311
G1 X216.651 Y198.925 E3159.88165
G1 X213.348 Y198.925 E3159.9462
G1 X216.915 Y195.358 E3160.04477
G1 X221.947 Y195.359 E3160.14309
G1 X225.514 Y198.925 E3160.24165
G1 X222.21 Y198.925 E3160.30621
G1 X225.778 Y195.358 E3160.4048
G1 X228.925 Y195.358 E3160.46629
G1 X229.03 Y195.358
G1 F2400 E3154.46629
G0 F15000 X200.89 Y199.11
G0 X200.63 Y199.37
M204 S1250
;TYPE:WALL-INNER
G1 F2400 E3160.46629
G1 F7998.2 X229.37 Y199.37 E3160.96814
G1 X229.37 Y193.898 E3161.06369
G1 X200.63 Y193.898 E3161.56553
G1 X200.63 Y199.37 E3161.66108
M204 S2500
G0 F15000 X200.21 Y199.79
M204 S1250
;TYPE:WALL-OUTER
G1 F7500 X229.79 Y199.79 E3162.1776
G1 X229.79 Y193.478 E3162.28781
G1 X200.21 Y193.478 E3162.80433
G1 X200.21 Y199.79 E3162.91454
M204 S2500
G0 F15000 X200.41 Y199.79
G0 X200.89 Y199.11
G0 X201.081 Y194.879
;TYPE:SKIN
G1 F5943.4 X201.081 Y194.349 E3162.92622
G1 X228.915 Y194.349 E3163.53954
G1 X228.915 Y194.879 E3163.55122
G1 X201.081 Y194.879 E3164.16454
G0 F15000 X201.24 Y194.879
G1 F2400 E3158.16454
G0 F15000 X207.787 Y199.56
G0 X207.787 Y200.665
G0 X207.787 Y229.335
G0 X207.787 Y230.44
G0 X207.787 Y231.075
;TYPE:FILL
G1 F2400 E3164.16454
G1 F8496.5 X204.22 Y234.642 E3164.26311
G1 X208.053 Y234.641 E3164.33801
G1 X204.486 Y231.075 E3164.43656
G1 X213.349 Y231.075 E3164.60975
G1 X216.916 Y234.641 E3164.70831
G1 X213.082 Y234.642 E3164.78322
G1 X216.65 Y231.075 E3164.88181
G1 X222.212 Y231.075 E3164.99049
G1 X225.778 Y234.641 E3165.08904
G1 X221.945 Y234.642 E3165.16393
G1 X225.513 Y231.075 E3165.26252
G1 X228.925 Y231.075 E3165.32919
G1 X229.03 Y231.075
G1 F2400 E3159.32919
G0 F15000 X200.89 Y230.89
G0 X200.63 Y230.63
M204 S1250
;TYPE:WALL-INNER
G1 F2400 E3165.32919
G1 F7998.2 X200.63 Y236.098 E3165.42467
G1 X229.37 Y236.098 E3165.92652
G1 X229.37 Y230.63 E3166.022
G1 X200.63 Y230.63 E3166.52384
M204 S2500
G0 F15000 X200.21 Y230.21
M204 S1250
;TYPE:WALL-OUTER
G1 F7500 X200.21 Y236.518 E3166.63399
G1 X229.79 Y236.518 E3167.1505
G1 X229.79 Y230.21 E3167.26065
G1 X200.21 Y230.21 E3167.77716
M204 S2500
G0 F15000 X200.21 Y230.41
G0 X200.89 Y230.89
G0 X201.079 Y235.119
;TYPE:SKIN
G1 F5988.6 X228.917 Y235.119 E3168.38594
G1 X228.917 Y235.645 E3168.39744
G1 X201.079 Y235.645 E3169.00622
G1 X201.079 Y235.119 E3169.01772
G0 F15000 X201.24 Y235.119
G1 F2400 E3163.01772
;MESH:NONMESH
G0 F600 X201.24 Y235.119 Z22.6
G0 F15000 X207.906 Y230.44
G0 X207.906 Y229.335
G0 X207.906 Y200.665
G0 X207.906 Y199.56
G0 X207.906 Y195.504
;TIME_ELAPSED:2716.635323
;LAYER:223
;note -- min layer time used
;TYPE:FILL
;MESH:table_soft_spacer_30x30-Body.stl
G1 F2400 E3169.01772
G1 F8256.6 X204.485 Y198.925 E3169.11226
G1 X207.788 Y198.925 E3169.1768
G1 X204.367 Y195.504 E3169.27134
G1 X213.23 Y195.504 E3169.44452
G1 X216.651 Y198.925 E3169.53906
G1 X213.348 Y198.925 E3169.6036
G1 X216.769 Y195.504 E3169.69814
G1 X222.093 Y195.504 E3169.80217
G1 X225.514 Y198.925 E3169.89671
G1 X222.21 Y198.925 E3169.96127
G1 X225.631 Y195.504 E3170.0558
G1 X228.925 Y195.504 E3170.12017
G1 X229.03 Y195.504
G1 F2400 E3164.12017
G0 F15000 X200.89 Y199.11
G0 X200.63 Y199.37
M204 S1250
;TYPE:WALL-INNER
G1 F2400 E3170.12017
G1 F7878.3 X229.37 Y199.37 E3170.62202
G1 X229.37 Y194.014 E3170.71554
G1 X200.63 Y194.014 E3171.21739
G1 X200.63 Y199.37 E3171.31091
M204 S2500
G0 F15000 X200.21 Y199.79
M204 S1250
;TYPE:WALL-OUTER
G1 F7500 X229.79 Y199.79 E3171.82742
G1 X229.79 Y193.594 E3171.93561
G1 X200.21 Y193.594 E3172.45213
G1 X200.21 Y199.79 E3172.56032
M204 S2500
G0 F15000 X200.41 Y199.79
G0 X200.89 Y199.11
G0 X201.088 Y195.016
;TYPE:SKIN
G1 F5790.4 X201.088 Y194.472 E3172.57262
G1 X228.908 Y194.472 E3173.20183
G1 X228.908 Y195.016 E3173.21413
G1 X201.088 Y195.016 E3173.84333
G0 F15000 X201.24 Y195.016
G1 F2400 E3167.84333
G0 F15000 X207.787 Y199.56
G0 X207.787 Y200.665
G0 X207.787 Y229.335
G0 X207.787 Y230.44
G0 X207.787 Y231.075
;TYPE:FILL
G1 F2400 E3173.84333
G1 F8256.6 X204.364 Y234.497 E3173.93791
G1 X207.908 Y234.497 E3174.00716
G1 X204.486 Y231.075 E3174.10172
G1 X213.349 Y231.075 E3174.27491
G1 X216.771 Y234.497 E3174.36947
G1 X213.227 Y234.497 E3174.43872
G1 X216.65 Y231.075 E3174.5333
G1 X222.212 Y231.075 E3174.64199
G1 X225.634 Y234.497 E3174.73655
G1 X222.09 Y234.497 E3174.8058
G1 X225.513 Y231.075 E3174.90038
G1 X228.925 Y231.075 E3174.96705
G1 X229.03 Y231.075
G1 F2400 E3168.96705
G0 F15000 X200.89 Y230.89
G0 X200.63 Y230.63
M204 S1250
;TYPE:WALL-INNER
G1 F2400 E3174.96705
G1 F7878.3 X200.63 Y235.982 E3175.06051
G1 X229.37 Y235.982 E3175.56235
G1 X229.37 Y230.63 E3175.65581
G1 X200.63 Y230.63 E3176.15765
M204 S2500
G0 F15000 X200.21 Y230.21
M204 S1250
;TYPE:WALL-OUTER
G1 F7500 X200.21 Y236.402 E3176.26577
G1 X229.79 Y236.402 E3176.78229
G1 X229.79 Y230.21 E3176.89041
G1 X200.21 Y230.21 E3177.40692
M204 S2500
G0 F15000 X200.21 Y230.41
G0 X200.89 Y230.89
G0 X201.087 Y234.979
;TYPE:SKIN
G1 F5811.8 X228.909 Y234.979 E3178.03386
G1 X228.909 Y235.521 E3178.04607
G1 X201.087 Y235.521 E3178.673
G1 X201.087 Y234.979 E3178.68522
G0 F15000 X201.24 Y234.979
G1 F2400 E3172.68522
;MESH:NONMESH
G0 F600 X201.24 Y234.979 Z22.7
G0 F15000 X207.749 Y230.44
G0 X207.749 Y229.335
G0 X207.749 Y200.665
G0 X207.749 Y199.56
G0 X207.749 Y195.661
;TIME_ELAPSED:2726.361953
;LAYER:224
;note -- min layer time used
;TYPE:FILL
;MESH:table_soft_spacer_30x30-Body.stl
G1 F2400 E3178.68522
G1 F7995.1 X204.485 Y198.925 E3178.77541
G1 X207.788 Y198.925 E3178.83996
G1 X204.525 Y195.662 E3178.93013
G1 X213.388 Y195.662 E3179.10331
G1 X216.651 Y198.925 E3179.19348
G1 X213.348 Y198.925 E3179.25802
G1 X216.612 Y195.661 E3179.34822
G1 X222.251 Y195.662 E3179.45841
G1 X225.514 Y198.925 E3179.54858
G1 X222.21 Y198.925 E3179.61314
G1 X225.474 Y195.661 E3179.70334
G1 X228.925 Y195.662 E3179.77077
G1 X229.03 Y195.662
G1 F2400 E3173.77077
G0 F15000 X200.89 Y199.11
G0 X200.63 Y199.37
M204 S1250
;TYPE:WALL-INNER
G1 F2400 E3179.77077
G1 F7747.6 X229.37 Y199.37 E3180.27262
G1 X229.37 Y194.13 E3180.36412
G1 X200.63 Y194.13 E3180.86596
G1 X200.63 Y199.37 E3180.95746
M204 S2500
G0 F15000 X200.21 Y199.79
M204 S1250
;TYPE:WALL-OUTER
G1 F7500 X229.79 Y199.79 E3181.47397
G1 X229.79 Y193.71 E3181.58014
G1 X200.21 Y193.71 E3182.09665
G1 X200.21 Y199.79 E3182.20282
M204 S2500
G0 F15000 X200.41 Y199.79
G0 X200.89 Y199.11
G0 X201.099 Y195.165
;TYPE:SKIN
G1 F5565.4 X201.099 Y194.599 E3182.21614
G1 X228.897 Y194.599 E3182.87027
G1 X228.897 Y195.165 E3182.88359
G1 X201.099 Y195.165 E3183.53772
G0 F15000 X201.24 Y195.165
G1 F2400 E3177.53772
G0 F15000 X207.787 Y199.56
G0 X207.787 Y200.665
G0 X207.787 Y229.335
G0 X207.787 Y230.44
G0 X207.787 Y231.075
;TYPE:FILL
G1 F2400 E3183.53772
G1 F7995.1 X204.523 Y234.339 E3183.62792
G1 X207.75 Y234.339 E3183.69097
G1 X204.486 Y231.075 E3183.78117
G1 X213.349 Y231.075 E3183.95436
G1 X216.613 Y234.339 E3184.04455
G1 X213.386 Y234.339 E3184.10761
G1 X216.65 Y231.075 E3184.19781
G1 X222.212 Y231.075 E3184.30649
G1 X225.476 Y234.339 E3184.39669
G1 X222.249 Y234.339 E3184.45975
G1 X225.513 Y231.075 E3184.54995
G1 X228.925 Y231.075 E3184.61662
G1 X229.03 Y231.075
G1 F2400 E3178.61662
G0 F15000 X200.89 Y230.89
G0 X200.63 Y230.63
M204 S1250
;TYPE:WALL-INNER
G1 F2400 E3184.61662
G1 F7747.6 X200.63 Y235.866 E3184.70805
G1 X229.37 Y235.866 E3185.20989
G1 X229.37 Y230.63 E3185.30132
G1 X200.63 Y230.63 E3185.80317
M204 S2500
G0 F15000 X200.21 Y230.21
M204 S1250
;TYPE:WALL-OUTER
G1 F7500 X200.21 Y236.286 E3185.90926
G1 X229.79 Y236.286 E3186.42578
G1 X229.79 Y230.21 E3186.53187
G1 X200.21 Y230.21 E3187.04839
M204 S2500
G0 F15000 X200.21 Y230.41
G0 X200.89 Y230.89
G0 X201.097 Y234.833
;TYPE:SKIN
G1 F5605 X228.899 Y234.833 E3187.69799
G1 X228.899 Y235.395 E3187.71112
G1 X201.097 Y235.395 E3188.36072
G1 X201.097 Y234.833 E3188.37385
G0 F15000 X201.24 Y234.833
G1 F2400 E3182.37385
;MESH:NONMESH
G0 F600 X201.24 Y234.833 Z22.8
G0 F15000 X207.59 Y230.44
G0 X207.59 Y229.335
G0 X207.59 Y200.665
G0 X207.59 Y199.56
G0 X207.59 Y195.82
;TIME_ELAPSED:2736.089168
;LAYER:225
;note -- min layer time used
;TYPE:FILL
;MESH:table_soft_spacer_30x30-Body.stl
G1 F2400 E3188.37385
G1 F7378.4 X204.485 Y198.925 E3188.45965
G1 X207.788 Y198.925 E3188.52419
G1 X204.683 Y195.82 E3188.61
G1 X213.546 Y195.82 E3188.78318
G1 X216.651 Y198.925 E3188.86899
G1 X213.348 Y198.925 E3188.93353
G1 X216.453 Y195.82 E3189.01933
G1 X222.408 Y195.82 E3189.1357
G1 X225.514 Y198.925 E3189.22152
G1 X222.21 Y198.925 E3189.28608
G1 X225.316 Y195.82 E3189.37189
G1 X228.925 Y195.82 E3189.44242
G1 X229.03 Y195.82
G1 F2400 E3183.44242
G0 F15000 X200.89 Y199.11
G0 X200.63 Y199.37
M204 S1250
;TYPE:WALL-INNER
G1 F2400 E3189.44242
G1 F7378.4 X229.37 Y199.37 E3189.94426
G1 X229.37 Y194.246 E3190.03373
G1 X200.63 Y194.246 E3190.53558
G1 X200.63 Y199.37 E3190.62505
M204 S2500
G0 F15000 X200.21 Y199.79
M204 S1250
;TYPE:WALL-OUTER
G1 F7378.4 X229.79 Y199.79 E3191.14157
G1 X229.79 Y193.826 E3191.24571
G1 X200.21 Y193.826 E3191.76222
G1 X200.21 Y199.79 E3191.86636
M204 S2500
G0 F15000 X200.41 Y199.79
G0 X200.89 Y199.11
G0 X201.109 Y195.311
;TYPE:SKIN
G1 F5288.2 X201.109 Y194.725 E3191.88064
G1 X228.887 Y194.725 E3192.55739
G1 X228.887 Y195.311 E3192.57167
G1 X201.109 Y195.311 E3193.24843
G0 F15000 X201.24 Y195.311
G1 F2400 E3187.24843
G0 F15000 X207.787 Y199.56
G0 X207.787 Y200.665
G0 X207.787 Y229.335
G0 X207.787 Y230.44
G0 X207.787 Y231.075
;TYPE:FILL
G1 F2400 E3193.24843
G1 F7378.4 X206.303 Y232.559 E3193.28944
G1 X206.303 Y234.18 E3193.32111
G1 X205.971 Y234.181 E3193.3276
G1 X205.971 Y232.56 E3193.35927
G1 X204.486 Y231.075 E3193.40031
G1 X213.349 Y231.075 E3193.5735
G1 X214.833 Y232.558 E3193.61449
G1 X214.833 Y234.181 E3193.64621
G1 X215.165 Y234.18 E3193.65269
G1 X215.165 Y232.56 E3193.68435
G1 X216.65 Y231.075 E3193.72539
G1 X222.212 Y231.075 E3193.83407
G1 X223.696 Y232.559 E3193.87508
G1 X223.696 Y234.181 E3193.90677
G1 X224.028 Y234.18 E3193.91326
G1 X224.028 Y232.56 E3193.94492
G1 X225.513 Y231.075 E3193.98595
G1 X228.925 Y231.075 E3194.05262
G1 X229.03 Y231.075
G1 F2400 E3188.05262
G0 F15000 X200.89 Y230.89
G0 X200.63 Y230.63
M204 S1250
;TYPE:WALL-INNER
G1 F2400 E3194.05262
G1 F7378.4 X200.63 Y235.754 E3194.1421
G1 X229.37 Y235.75 E3194.64394
G1 X229.37 Y230.63 E3194.73335
G1 X200.63 Y230.63 E3195.23519
M204 S2500
G0 F15000 X200.21 Y230.21
M204 S1250
;TYPE:WALL-OUTER
G1 F7378.4 X200.21 Y236.174 E3195.33933
G1 X229.79 Y236.17 E3195.85585
G1 X229.79 Y230.21 E3195.95992
G1 X200.21 Y230.21 E3196.47643
M204 S2500
G0 F15000 X200.21 Y230.41
G0 X200.89 Y230.89
G0 X201.109 Y234.685
;TYPE:SKIN
G1 F5297.3 X228.888 Y234.684 E3197.15206
G1 F5306.3 X228.888 Y235.268 E3197.16624
G1 F5297.3 X201.109 Y235.271 E3197.84186
G1 F5288.2 X201.109 Y234.685 E3197.85614
G0 F15000 X201.24 Y234.685
G1 F2400 E3191.85614
;MESH:NONMESH
G0 F600 X201.24 Y234.685 Z22.9
G0 F15000 X207.423 Y230.44
G0 X207.423 Y229.335
G0 X207.423 Y200.665
G0 X207.423 Y199.56
G0 X207.423 Y195.987
;TIME_ELAPSED:2745.827228
;LAYER:226
;note -- min layer time used
;TYPE:FILL
;MESH:table_soft_spacer_30x30-Body.stl
G1 F2400 E3197.85614
G1 F7328 X204.485 Y198.925 E3197.93733
G1 X207.788 Y198.925 E3198.00187
G1 X204.85 Y195.987 E3198.08306
G1 X213.712 Y195.987 E3198.25623
G1 X216.651 Y198.925 E3198.33743
G1 X213.348 Y198.925 E3198.40197
G1 X216.286 Y195.987 E3198.48316
G1 X222.575 Y195.987 E3198.60605
G1 X225.514 Y198.925 E3198.68725
G1 X222.21 Y198.925 E3198.75181
G1 X225.149 Y195.987 E3198.83302
G1 X228.925 Y195.987 E3198.9068
G1 X229.03 Y195.987
G1 F2400 E3192.9068
G0 F15000 X200.89 Y199.11
G0 X200.63 Y199.37
M204 S1250
;TYPE:WALL-INNER
G1 F2400 E3198.9068
G1 F7328 X229.37 Y199.37 E3199.40865
G1 X229.37 Y194.374 E3199.49588
G1 X200.63 Y194.374 E3199.99773
G1 X200.63 Y199.37 E3200.08497
M204 S2500
G0 F15000 X200.21 Y199.79
M204 S1250
;TYPE:WALL-OUTER
G1 F7328 X229.79 Y199.79 E3200.60148
G1 X229.79 Y193.954 E3200.70339
G1 X200.21 Y193.954 E3201.2199
G1 X200.21 Y199.79 E3201.32181
M204 S2500
G0 F15000 X200.41 Y199.79
G0 X200.89 Y199.11
G0 X201.119 Y195.469
;TYPE:SKIN
G1 F5078.8 X201.119 Y194.863 E3201.33707
G1 X228.877 Y194.863 E3202.03642
G1 X228.877 Y195.469 E3202.05169
G1 X201.119 Y195.469 E3202.75104
G0 F15000 X201.24 Y195.469
G1 F2400 E3196.75104
G0 F15000 X207.787 Y199.56
G0 X207.787 Y200.665
G0 X207.787 Y229.335
G0 X207.787 Y230.44
G0 X207.787 Y231.075
;TYPE:FILL
G1 F2400 E3202.75104
G1 F7328 X206.302 Y232.559 E3202.79206
G1 X206.302 Y234.013 E3202.82048
G1 X205.97 Y234.013 E3202.82696
G1 X205.97 Y232.559 E3202.85538
G1 X204.486 Y231.075 E3202.89638
G1 X213.349 Y231.075 E3203.06957
G1 X214.833 Y232.559 E3203.11058
G1 X214.833 Y234.013 E3203.13899
G1 X215.165 Y234.012 E3203.14548
G1 X215.165 Y232.56 E3203.17385
G1 X216.65 Y231.075 E3203.21489
G1 X222.212 Y231.075 E3203.32357
G1 X223.696 Y232.559 E3203.36458
G1 X223.696 Y234.013 E3203.39299
G1 X224.028 Y234.012 E3203.39948
G1 X224.028 Y232.56 E3203.42785
G1 X225.513 Y231.075 E3203.46889
G1 X228.925 Y231.075 E3203.53556
G1 X229.03 Y231.075
G1 F2400 E3197.53556
G0 F15000 X200.89 Y230.89
G0 X200.63 Y230.63
M204 S1250
;TYPE:WALL-INNER
G1 F2400 E3203.53556
G1 F7328 X200.63 Y235.622 E3203.62273
G1 X229.37 Y235.626 E3204.12457
G1 X229.37 Y230.63 E3204.21181
G1 X200.63 Y230.63 E3204.71366
M204 S2500
G0 F15000 X200.21 Y230.21
M204 S1250
;TYPE:WALL-OUTER
G1 F7328 X200.21 Y236.042 E3204.81549
G1 X229.79 Y236.046 E3205.33201
G1 X229.79 Y230.21 E3205.43391
G1 X200.21 Y230.21 E3205.95043
M204 S2500
G0 F15000 X200.21 Y230.41
G0 X200.89 Y230.89
G0 X201.118 Y234.526
;TYPE:SKIN
G1 F5087.2 X228.877 Y234.527 E3206.64865
G1 F5078.8 X228.877 Y235.133 E3206.66392
G1 F5087.2 X201.118 Y235.13 E3207.36214
G1 F5095.6 X201.118 Y234.526 E3207.3773
G0 F15000 X201.24 Y234.526
G1 F2400 E3201.3773
;MESH:NONMESH
G0 F600 X201.24 Y234.526 Z23
G0 F15000 X207.247 Y230.44
G0 X207.247 Y229.335
G0 X207.247 Y200.665
G0 X207.247 Y199.56
G0 X207.247 Y196.163
;TIME_ELAPSED:2755.575999
;LAYER:227
;TYPE:FILL
;MESH:table_soft_spacer_30x30-Body.stl
G1 F2400 E3207.3773
G1 F15000 X204.485 Y198.925 E3207.45363
G1 X207.788 Y198.925 E3207.51817
G1 X205.026 Y196.163 E3207.5945
G1 X213.889 Y196.163 E3207.76768
G1 X216.651 Y198.925 E3207.84401
G1 X213.348 Y198.925 E3207.90855
G1 X216.11 Y196.163 E3207.98488
G1 X222.752 Y196.163 E3208.11466
G1 X225.514 Y198.925 E3208.19099
G1 X222.21 Y198.925 E3208.25555
G1 X224.972 Y196.163 E3208.33188
G1 X228.925 Y196.164 E3208.40912
G1 X229.03 Y196.164
G1 F2400 E3202.40912
G0 F15000 X200.89 Y199.11
G0 X200.63 Y199.37
M204 S1250
;TYPE:WALL-INNER
G1 F2400 E3208.40912
G1 F11250 X229.37 Y199.37 E3208.91096
G1 X229.37 Y194.502 E3208.99597
G1 X200.63 Y194.502 E3209.49781
G1 X200.63 Y199.37 E3209.58282
M204 S2500
G0 F15000 X200.21 Y199.79
M204 S1250
;TYPE:WALL-OUTER
G1 F7500 X229.79 Y199.79 E3210.09933
G1 X229.79 Y194.082 E3210.199
G1 X200.21 Y194.082 E3210.71551
G1 X200.21 Y199.79 E3210.81518
M204 S2500
G0 F15000 X200.41 Y199.79
G1 F2400 E3204.81518
G0 F15000 X200.89 Y199.11
G0 X228.55 Y195.318
;TYPE:SKIN
G1 F2400 E3210.81518
G1 F7500 X201.446 Y195.318 E3211.28846
G0 F15000 X201.026 Y195.738
G1 F7500 X201.026 Y194.898 E3211.30313
G1 X228.97 Y194.898 E3211.79108
G1 X228.97 Y195.738 E3211.80574
G1 X201.026 Y195.738 E3212.29369
G0 F15000 X201.24 Y195.738
G1 F2400 E3206.29369
G0 F15000 X207.787 Y199.56
G0 X207.787 Y200.665
G0 X207.787 Y229.335
G0 X207.787 Y230.44
G0 X207.787 Y231.075
;TYPE:FILL
G1 F2400 E3212.29369
G1 F15000 X206.302 Y232.56 E3212.33473
G1 X206.302 Y233.836 E3212.35966
G1 X205.97 Y233.837 E3212.36615
G1 X205.97 Y232.559 E3212.39112
G1 X204.486 Y231.075 E3212.43213
G1 X213.349 Y231.075 E3212.60531
G1 X214.834 Y232.559 E3212.64634
G1 X214.834 Y233.836 E3212.67129
G1 X215.166 Y233.836 E3212.67778
G1 X215.166 Y232.559 E3212.70273
G1 X216.65 Y231.075 E3212.74374
G1 X222.212 Y231.075 E3212.85242
G1 X223.696 Y232.559 E3212.89343
G1 X223.696 Y233.836 E3212.91839
G1 X224.028 Y233.835 E3212.92487
G1 X224.028 Y232.559 E3212.94981
G1 X225.513 Y231.075 E3212.99083
G1 X228.925 Y231.075 E3213.0575
G1 X229.03 Y231.075
G1 F2400 E3207.0575
G0 F15000 X200.89 Y230.89
G0 X200.63 Y230.63
M204 S1250
;TYPE:WALL-INNER
G1 F2400 E3213.0575
G1 F11250 X200.63 Y235.494 E3213.14243
G1 X229.37 Y235.498 E3213.64428
G1 X229.37 Y230.63 E3213.72928
G1 X200.63 Y230.63 E3214.23113
M204 S2500
G0 F15000 X200.21 Y230.21
M204 S1250
;TYPE:WALL-OUTER
G1 F7500 X200.21 Y235.914 E3214.33073
G1 X229.79 Y235.918 E3214.84724
G1 X229.79 Y230.21 E3214.94691
G1 X200.21 Y230.21 E3215.46343
M204 S2500
G0 F15000 X200.21 Y230.41
G1 F2400 E3209.46343
G0 F15000 X200.89 Y230.89
G0 X228.55 Y234.678
;TYPE:SKIN
G1 F2400 E3215.46343
G1 F7535.9 X201.444 Y234.676 E3215.93449
G0 F15000 X201.026 Y234.258
G1 F7500 X228.97 Y234.258 E3216.42243
G1 X228.97 Y235.098 E3216.4371
G1 X201.026 Y235.094 E3216.92505
G1 X201.026 Y234.258 E3216.93964
G0 F15000 X201.24 Y234.258
G1 F2400 E3210.93964
;MESH:NONMESH
G0 F600 X201.24 Y234.258 Z23.1
G0 F15000 X207.063 Y230.44
G0 X207.063 Y229.335
G0 X207.063 Y200.665
G0 X207.063 Y199.56
G0 X207.063 Y196.347
;TIME_ELAPSED:2766.319373
;LAYER:228
;TYPE:FILL
;MESH:table_soft_spacer_30x30-Body.stl
G1 F2400 E3216.93964
G1 F15000 X204.485 Y198.925 E3217.01088
G1 X207.788 Y198.925 E3217.07543
G1 X205.21 Y196.347 E3217.14667
G1 X214.073 Y196.347 E3217.31985
G1 X216.651 Y198.925 E3217.39109
G1 X213.348 Y198.925 E3217.45564
G1 X215.926 Y196.347 E3217.52688
G1 X222.936 Y196.347 E3217.66385
G1 X225.514 Y198.925 E3217.7351
G1 X222.21 Y198.925 E3217.79966
G1 X224.789 Y196.347 E3217.87091
G1 X228.925 Y196.347 E3217.95173
G1 X229.03 Y196.347
G1 F2400 E3211.95173
G0 F15000 X200.89 Y199.11
G0 X200.63 Y199.37
M204 S1250
;TYPE:WALL-INNER
G1 F2400 E3217.95173
G1 F11250 X229.37 Y199.37 E3218.45358
G1 X229.37 Y194.63 E3218.53634
G1 X200.63 Y194.63 E3219.03819
G1 X200.63 Y199.37 E3219.12096
M204 S2500
G0 F15000 X200.21 Y199.79
M204 S1250
;TYPE:WALL-OUTER
G1 F7500 X229.79 Y199.79 E3219.63747
G1 X229.79 Y194.21 E3219.73491
G1 X200.21 Y194.21 E3220.25142
G1 X200.21 Y199.79 E3220.34885
M204 S2500
G0 F15000 X200.41 Y199.79
G1 F2400 E3214.34885
G0 F15000 X200.89 Y199.11
G0 X228.522 Y195.474
;TYPE:SKIN
G1 F2400 E3220.34885
G1 F6617.6 X201.474 Y195.474 E3220.88413
G0 F15000 X201.026 Y195.922
G1 F7500 X201.026 Y195.026 E3220.89977
G1 X228.97 Y195.026 E3221.38772
G1 X228.97 Y195.922 E3221.40337
G1 X201.026 Y195.922 E3221.89131
G0 F15000 X201.24 Y195.922
G1 F2400 E3215.89131
G0 F15000 X207.787 Y199.56
G0 X207.787 Y200.665
G0 X207.787 Y229.335
G0 X207.787 Y230.44
G0 X207.787 Y231.075
;TYPE:FILL
G1 F2400 E3221.89131
G1 F15000 X206.302 Y232.559 E3221.93234
G1 X206.302 Y233.654 E3221.95373
G1 X205.97 Y233.654 E3221.96022
G1 X205.97 Y232.559 E3221.98162
G1 X204.486 Y231.075 E3222.02262
G1 X213.349 Y231.075 E3222.19581
G1 X214.833 Y232.559 E3222.23682
G1 X214.833 Y233.654 E3222.25822
G1 X215.165 Y233.653 E3222.2647
G1 X215.165 Y232.559 E3222.28608
G1 X216.65 Y231.075 E3222.3271
G1 X222.212 Y231.075 E3222.43579
G1 X223.696 Y232.559 E3222.4768
G1 X223.696 Y233.654 E3222.49819
G1 X224.028 Y233.653 E3222.50468
G1 X224.028 Y232.56 E3222.52604
G1 X225.513 Y231.075 E3222.56708
G1 X228.925 Y231.075 E3222.63375
G1 X229.03 Y231.075
G1 F2400 E3216.63375
G0 F15000 X200.89 Y230.89
G0 X200.63 Y230.63
M204 S1250
;TYPE:WALL-INNER
G1 F2400 E3222.63375
G1 F11250 X200.63 Y235.366 E3222.71644
G1 X229.37 Y235.37 E3223.21829
G1 X229.37 Y230.63 E3223.30106
G1 X200.63 Y230.63 E3223.8029
M204 S2500
G0 F15000 X200.21 Y230.21
M204 S1250
;TYPE:WALL-OUTER
G1 F7500 X200.21 Y235.786 E3223.90027
G1 X229.79 Y235.79 E3224.41678
G1 X229.79 Y230.21 E3224.51422
G1 X200.21 Y230.21 E3225.03073
M204 S2500
G0 F15000 X200.21 Y230.41
G1 F2400 E3219.03073
G0 F15000 X200.89 Y230.89
G0 X228.522 Y234.522
;TYPE:SKIN
G1 F2400 E3225.03073
G1 F6645.6 X214.996 Y234.522 E3225.29728
G1 F6702.1 X201.47 Y234.522 E3225.56159
G0 F15000 X201.026 Y234.078
G1 F7500 X228.97 Y234.074 E3226.04953
G1 X228.97 Y234.97 E3226.06518
G1 X201.026 Y234.966 E3226.55312
G1 X201.026 Y234.078 E3226.56863
G0 F15000 X201.24 Y234.078
G1 F2400 E3220.56863
;MESH:NONMESH
G0 F600 X201.24 Y234.078 Z23.2
G0 F15000 X206.864 Y230.44
G0 X206.864 Y229.335
G0 X206.864 Y200.665
G0 X206.864 Y199.56
G0 X206.864 Y196.546
;TIME_ELAPSED:2777.066414
;LAYER:229
;TYPE:FILL
;MESH:table_soft_spacer_30x30-Body.stl
G1 F2400 E3226.56863
G1 F15000 X204.485 Y198.925 E3226.63437
G1 X207.788 Y198.925 E3226.69891
G1 X205.41 Y196.547 E3226.76463
G1 X214.272 Y196.547 E3226.93779
G1 X216.651 Y198.925 E3227.00352
G1 X213.348 Y198.925 E3227.06806
G1 X215.727 Y196.546 E3227.13381
G1 X223.135 Y196.547 E3227.27856
G1 X225.514 Y198.925 E3227.34429
G1 X222.21 Y198.925 E3227.40885
G1 X224.59 Y196.546 E3227.4746
G1 X228.925 Y196.546 E3227.55931
G1 X229.03 Y196.546
G1 F2400 E3221.55931
G0 F15000 X200.89 Y199.11
G0 X200.63 Y199.37
M204 S1250
;TYPE:WALL-INNER
G1 F2400 E3227.55931
G1 F11250 X229.37 Y199.37 E3228.06116
G1 X229.37 Y194.77 E3228.14148
G1 X200.63 Y194.77 E3228.64333
G1 X200.63 Y199.37 E3228.72365
M204 S2500
G0 F15000 X200.21 Y199.79
M204 S1250
;TYPE:WALL-OUTER
G1 F7500 X229.79 Y199.79 E3229.24016
G1 X229.79 Y194.35 E3229.33515
G1 X200.21 Y194.35 E3229.85167
G1 X200.21 Y199.79 E3229.94666
M204 S2500
G0 F15000 X200.41 Y199.79
G1 F2400 E3223.94666
G0 F15000 X200.89 Y199.11
G0 X228.492 Y195.644
;TYPE:SKIN
G1 F2400 E3229.94666
G1 F5876.9 X201.504 Y195.644 E3230.54807
G0 F15000 X201.026 Y196.122
G1 F7500 X201.026 Y195.166 E3230.56476
G1 X228.97 Y195.166 E3231.05271
G1 X228.97 Y196.122 E3231.0694
G1 X201.026 Y196.122 E3231.55735
G0 F15000 X201.24 Y196.122
G1 F2400 E3225.55735
G0 F15000 X207.787 Y199.56
G0 X207.787 Y200.665
G0 X207.787 Y229.335
G0 X207.787 Y230.44
G0 X207.787 Y231.075
;TYPE:FILL
G1 F2400 E3231.55735
G1 F15000 X206.303 Y232.559 E3231.59835
G1 X206.303 Y233.454 E3231.61584
G1 X205.971 Y233.455 E3231.62233
G1 X205.971 Y232.559 E3231.63984
G1 X204.486 Y231.075 E3231.68086
G1 X213.349 Y231.075 E3231.85405
G1 X214.834 Y232.559 E3231.89507
G1 X214.834 Y233.454 E3231.91256
G1 X215.166 Y233.454 E3231.91905
G1 X215.166 Y232.559 E3231.93653
G1 X216.65 Y231.075 E3231.97754
G1 X222.212 Y231.075 E3232.08623
G1 X223.697 Y232.559 E3232.12725
G1 X223.697 Y233.454 E3232.14474
G1 X224.029 Y233.453 E3232.15123
G1 X224.029 Y232.558 E3232.16871
G1 X225.513 Y231.075 E3232.20971
G1 X228.925 Y231.075 E3232.27638
G1 X229.03 Y231.075
G1 F2400 E3226.27638
G0 F15000 X200.89 Y230.89
G0 X200.63 Y230.63
M204 S1250
;TYPE:WALL-INNER
G1 F2400 E3232.27638
G1 F11250 X200.63 Y235.226 E3232.35664
G1 X229.37 Y235.226 E3232.85848
G1 X229.37 Y230.63 E3232.93873
G1 X200.63 Y230.63 E3233.44058
M204 S2500
G0 F15000 X200.21 Y230.21
M204 S1250
;TYPE:WALL-OUTER
G1 F7500 X200.21 Y235.646 E3233.5355
G1 X229.79 Y235.646 E3234.05201
G1 X229.79 Y230.21 E3234.14694
G1 X200.21 Y230.21 E3234.66345
M204 S2500
G0 F15000 X200.21 Y230.41
G1 F2400 E3228.66345
G0 F15000 X200.89 Y230.89
G0 X228.496 Y234.352
;TYPE:SKIN
G1 F2400 E3234.66345
G1 F5965.9 X201.5 Y234.352 E3235.25606
G0 F15000 X201.026 Y233.878
G1 F7500 X228.97 Y233.878 E3235.744
G1 X228.97 Y234.826 E3235.76056
G1 X201.026 Y234.826 E3236.2485
G1 X201.026 Y233.878 E3236.26506
G0 F15000 X201.24 Y233.878
G1 F2400 E3230.26506
;MESH:NONMESH
G0 F600 X201.24 Y233.878 Z23.3
G0 F15000 X201.075 Y230.44
G0 X201.075 Y229.335
G0 X201.075 Y200.665
G0 X201.075 Y199.56
G0 X201.075 Y196.744
;TIME_ELAPSED:2787.733829
;LAYER:230
;note -- min layer time used
;TYPE:FILL
;MESH:table_soft_spacer_30x30-Body.stl
G1 F2400 E3236.26506
G1 F14632.6 X201.075 Y198.925 E3236.30767
G1 X204.485 Y198.925 E3236.37431
G1 X205.97 Y197.44 E3236.41534
G1 X205.97 Y196.745 E3236.42892
G1 X206.303 Y196.745 E3236.43543
G1 X206.302 Y197.439 E3236.44899
G1 X207.788 Y198.925 E3236.49006
G1 X213.348 Y198.925 E3236.5987
G1 X214.833 Y197.44 E3236.63974
G1 X214.833 Y196.745 E3236.65332
G1 X215.165 Y196.745 E3236.6598
G1 X215.165 Y197.44 E3236.67338
G1 X216.651 Y198.925 E3236.71444
G1 X225.514 Y198.925 E3236.88762
G1 X224.028 Y197.44 E3236.92867
G1 X224.028 Y196.745 E3236.94225
G1 X223.696 Y196.745 E3236.94874
G1 X223.696 Y197.44 E3236.96232
G1 X222.21 Y198.925 E3237.00337
G1 X222.136 Y198.999
G1 F2400 E3231.00337
G0 F15000 X200.89 Y199.11
G0 X200.63 Y199.37
M204 S1250
;TYPE:WALL-INNER
G1 F2400 E3237.00337
G1 F11066.3 X229.37 Y199.37 E3237.50522
G1 X229.37 Y194.91 E3237.5831
G1 X200.63 Y194.914 E3238.08494
G1 X200.63 Y199.37 E3238.16275
M204 S2500
G0 F15000 X200.21 Y199.79
M204 S1250
;TYPE:WALL-OUTER
G1 F7500 X229.79 Y199.79 E3238.67926
G1 X229.79 Y194.49 E3238.77181
G1 X200.21 Y194.494 E3239.28832
G1 X200.21 Y199.79 E3239.3808
M204 S2500
G0 F15000 X200.41 Y199.79
G1 F2400 E3233.3808
G0 F15000 X200.89 Y199.11
G0 X228.464 Y195.812
;TYPE:SKIN
G1 F2400 E3239.3808
G1 F5339 X201.53 Y195.814 E3240.04147
G0 F15000 X201.026 Y196.318
G1 F7500 X201.026 Y195.31 E3240.05907
G1 X228.97 Y195.306 E3240.54702
G1 X228.97 Y196.318 E3240.56469
G1 X201.026 Y196.318 E3241.05264
G0 F15000 X201.24 Y196.318
G1 F2400 E3235.05264
G0 F15000 X207.787 Y199.56
G0 X207.787 Y200.665
G0 X207.787 Y229.335
G0 X207.787 Y230.44
G0 X207.787 Y231.075
;TYPE:FILL
G1 F2400 E3241.05264
G1 F14632.6 X206.303 Y232.558 E3241.09363
G1 X206.303 Y233.255 E3241.10725
G1 X205.971 Y233.255 E3241.11374
G1 X205.971 Y232.559 E3241.12734
G1 X204.486 Y231.075 E3241.16836
G1 X213.349 Y231.075 E3241.34155
G1 X214.834 Y232.559 E3241.38257
G1 X214.834 Y233.255 E3241.39617
G1 X215.166 Y233.255 E3241.40266
G1 X215.166 Y232.558 E3241.41628
G1 X216.65 Y231.075 E3241.45727
G1 X222.212 Y231.075 E3241.56596
G1 X223.697 Y232.559 E3241.60698
G1 X223.697 Y233.255 E3241.62058
G1 X224.029 Y233.255 E3241.62707
G1 X224.029 Y232.558 E3241.64069
G1 X225.513 Y231.075 E3241.68168
G1 X228.925 Y231.075 E3241.74835
G1 X229.03 Y231.075
G1 F2400 E3235.74835
G0 F15000 X200.89 Y230.89
G0 X200.63 Y230.63
M204 S1250
;TYPE:WALL-INNER
G1 F2400 E3241.74835
G1 F11066.3 X200.63 Y235.086 E3241.82616
G1 X229.37 Y235.086 E3242.32801
G1 X229.37 Y230.63 E3242.40582
G1 X200.63 Y230.63 E3242.90766
M204 S2500
G0 F15000 X200.21 Y230.21
M204 S1250
;TYPE:WALL-OUTER
G1 F7500 X200.21 Y235.506 E3243.00014
G1 X229.79 Y235.506 E3243.51665
G1 X229.79 Y230.21 E3243.60913
G1 X200.21 Y230.21 E3244.12564
M204 S2500
G0 F15000 X200.21 Y230.41
G1 F2400 E3238.12564
G0 F15000 X200.89 Y230.89
G0 X228.466 Y234.182
;TYPE:SKIN
G1 F2400 E3244.12564
G1 F5357.1 X201.53 Y234.182 E3244.78412
G0 F15000 X201.026 Y233.678
G1 F7500 X228.97 Y233.678 E3245.27207
G1 X228.97 Y234.686 E3245.28967
G1 X201.026 Y234.686 E3245.77762
G1 X201.026 Y233.678 E3245.79522
G0 F15000 X201.24 Y233.678
G1 F2400 E3239.79522
;MESH:NONMESH
G0 F600 X201.24 Y233.678 Z23.4
G0 F15000 X201.075 Y230.44
G0 X201.075 Y229.335
G0 X201.075 Y200.665
G0 X201.075 Y199.56
G0 X201.075 Y196.969
;TIME_ELAPSED:2798.327537
;LAYER:231
;note -- min layer time used
;TYPE:FILL
;MESH:table_soft_spacer_30x30-Body.stl
G1 F2400 E3245.79522
G1 F14348.6 X201.075 Y198.925 E3245.83344
G1 X204.485 Y198.925 E3245.90007
G1 X205.971 Y197.44 E3245.94112
G1 X205.971 Y196.97 E3245.95031
G1 X206.301 Y196.97 E3245.95676
G1 X206.301 Y197.439 E3245.96592
G1 X207.788 Y198.925 E3246.007
G1 X213.348 Y198.925 E3246.11564
G1 X214.833 Y197.44 E3246.15668
G1 X214.833 Y196.97 E3246.16586
G1 X215.165 Y196.97 E3246.17235
G1 X215.165 Y197.44 E3246.18153
G1 X216.651 Y198.925 E3246.22259
G1 X225.514 Y198.925 E3246.39577
G1 X224.028 Y197.44 E3246.43682
G1 X224.028 Y196.97 E3246.44601
G1 X223.696 Y196.97 E3246.45249
G1 X223.696 Y197.44 E3246.46168
G1 X222.21 Y198.925 E3246.50273
G1 X222.136 Y198.999
G1 F2400 E3240.50273
G0 F15000 X200.89 Y199.11
G0 X200.63 Y199.37
M204 S1250
;TYPE:WALL-INNER
G1 F2400 E3246.50273
G1 F10924.3 X229.37 Y199.37 E3247.00457
G1 X229.37 Y195.058 E3247.07987
G1 X200.63 Y195.058 E3247.58171
G1 X200.63 Y199.37 E3247.65701
M204 S2500
G0 F15000 X200.21 Y199.79
M204 S1250
;TYPE:WALL-OUTER
G1 F7500 X229.79 Y199.79 E3248.17352
G1 X229.79 Y194.638 E3248.26348
G1 X200.21 Y194.638 E3248.78
G1 X200.21 Y199.79 E3248.86996
M204 S2500
G0 F15000 X200.41 Y199.79
G1 F2400 E3242.86996
G0 F15000 X200.89 Y199.11
G0 X228.424 Y196
;TYPE:SKIN
G1 F2400 E3248.86996
G1 F4701.5 X201.57 Y195.998 E3249.61799
G0 F15000 X201.026 Y196.542
G1 F7500 X201.026 Y195.454 E3249.63698
G1 X228.97 Y195.454 E3250.12493
G1 X228.97 Y196.546 E3250.144
G1 X201.026 Y196.542 E3250.63194
G0 F15000 X201.24 Y196.542
G1 F2400 E3244.63194
G0 F15000 X207.787 Y199.56
G0 X207.787 Y200.665
G0 X207.787 Y229.335
G0 X207.787 Y230.44
G0 X207.787 Y231.075
;TYPE:FILL
G1 F2400 E3250.63194
G1 F14348.6 X206.302 Y232.56 E3250.67298
G1 X206.302 Y233.031 E3250.68218
G1 X205.97 Y233.031 E3250.68867
G1 X205.97 Y232.559 E3250.6979
G1 X204.486 Y231.075 E3250.7389
G1 X213.349 Y231.075 E3250.91209
G1 X214.833 Y232.559 E3250.9531
G1 X214.833 Y233.031 E3250.96232
G1 X215.165 Y233.031 E3250.96881
G1 X215.165 Y232.56 E3250.97801
G1 X216.65 Y231.075 E3251.01905
G1 X222.212 Y231.075 E3251.12773
G1 X223.696 Y232.559 E3251.16874
G1 X223.696 Y233.031 E3251.17797
G1 X224.028 Y233.031 E3251.18445
G1 X224.028 Y232.56 E3251.19366
G1 X225.513 Y231.075 E3251.23469
G1 X228.925 Y231.075 E3251.30137
G1 X229.03 Y231.075
G1 F2400 E3245.30137
G0 F15000 X200.89 Y230.89
G0 X200.63 Y230.63
M204 S1250
;TYPE:WALL-INNER
G1 F2400 E3251.30137
G1 F10924.3 X200.63 Y234.942 E3251.37666
G1 X229.37 Y234.942 E3251.8785
G1 X229.37 Y230.63 E3251.9538
G1 X200.63 Y230.63 E3252.45564
M204 S2500
G0 F15000 X200.21 Y230.21
M204 S1250
;TYPE:WALL-OUTER
G1 F7500 X200.21 Y235.362 E3252.54561
G1 X229.79 Y235.362 E3253.06212
G1 X229.79 Y230.21 E3253.15208
G1 X200.21 Y230.21 E3253.6686
M204 S2500
G0 F15000 X200.21 Y230.41
G1 F2400 E3247.6686
G0 F15000 X200.89 Y230.89
G0 X228.426 Y233.998
;TYPE:SKIN
G1 F2400 E3253.6686
G1 F4715.6 X201.57 Y233.998 E3254.41445
G0 F15000 X201.026 Y233.454
G1 F7500 X228.97 Y233.454 E3254.90239
G1 X228.97 Y234.542 E3254.92139
G1 X201.026 Y234.542 E3255.40934
G1 X201.026 Y233.454 E3255.42833
G0 F15000 X201.24 Y233.454
G1 F2400 E3249.42833
;MESH:NONMESH
G0 F600 X201.24 Y233.454 Z23.5
G0 F15000 X206.213 Y230.44
G0 X206.213 Y229.335
G0 X206.213 Y200.665
G0 X206.213 Y199.56
G0 X206.213 Y197.197
;TIME_ELAPSED:2808.990348
;LAYER:232
;note -- min layer time used
;TYPE:FILL
;MESH:table_soft_spacer_30x30-Body.stl
G1 F2400 E3255.42833
G1 F14471.8 X204.485 Y198.925 E3255.47609
G1 X207.788 Y198.925 E3255.54063
G1 X206.06 Y197.197 E3255.58838
G1 X214.923 Y197.197 E3255.76157
G1 X216.651 Y198.925 E3255.80932
G1 X213.348 Y198.925 E3255.87386
G1 X215.076 Y197.197 E3255.92161
G1 X223.786 Y197.197 E3256.09181
G1 X225.514 Y198.925 E3256.13956
G1 X222.21 Y198.925 E3256.20412
G1 X223.939 Y197.197 E3256.25189
G1 X228.925 Y197.197 E3256.34931
G1 X229.03 Y197.197
G1 F2400 E3250.34931
G0 F15000 X200.89 Y199.11
G0 X200.63 Y199.37
M204 S1250
;TYPE:WALL-INNER
G1 F2400 E3256.34931
G1 F10985.9 X229.37 Y199.37 E3256.85116
G1 X229.37 Y195.214 E3256.92373
G1 X200.63 Y195.214 E3257.42558
G1 X200.63 Y199.37 E3257.49815
M204 S2500
G0 F15000 X200.21 Y199.79
M204 S1250
;TYPE:WALL-OUTER
G1 F7500 X229.79 Y199.79 E3258.01466
G1 X229.79 Y194.794 E3258.1019
G1 X200.21 Y194.794 E3258.61841
G1 X200.21 Y199.79 E3258.70565
M204 S2500
G0 F15000 X200.41 Y199.79
G0 X200.89 Y199.11
G0 X201.421 Y196.375
;TYPE:SKIN
G1 F8513.5 X201.421 Y196.005 E3258.71134
G1 X228.575 Y196.005 E3259.12905
G1 X228.575 Y196.375 E3259.13474
G1 X201.421 Y196.375 E3259.55244
G0 F15000 X201.026 Y196.77
G1 F7500 X201.026 Y195.61 E3259.5727
G1 X228.97 Y195.61 E3260.06064
G1 X228.97 Y196.77 E3260.0809
G1 X201.026 Y196.77 E3260.56884
G0 F15000 X201.24 Y196.77
G1 F2400 E3254.56884
G0 F15000 X207.787 Y199.56
G0 X207.787 Y200.665
G0 X207.787 Y229.335
G0 X207.787 Y230.44
G0 X207.787 Y231.075
;TYPE:FILL
G1 F2400 E3260.56884
G1 F14471.8 X206.301 Y232.804 E3260.61339
G1 X206.215 Y232.804 E3260.61507
G1 X204.486 Y231.075 E3260.66285
G1 X213.349 Y231.075 E3260.83604
G1 X214.833 Y232.805 E3260.88058
G1 X214.92 Y232.804 E3260.88228
G1 X216.65 Y231.075 E3260.93007
G1 X222.212 Y231.075 E3261.03875
G1 X223.696 Y232.805 E3261.08329
G1 X223.784 Y232.804 E3261.08501
G1 X225.513 Y231.075 E3261.13279
G1 X228.925 Y231.075 E3261.19946
G1 X229.03 Y231.075
G1 F2400 E3255.19946
G0 F15000 X200.89 Y230.89
G0 X200.63 Y230.63
M204 S1250
;TYPE:WALL-INNER
G1 F2400 E3261.19946
G1 F10985.9 X200.63 Y234.782 E3261.27196
G1 X229.37 Y234.782 E3261.77381
G1 X229.37 Y230.63 E3261.84631
G1 X200.63 Y230.63 E3262.34816
M204 S2500
G0 F15000 X200.21 Y230.21
M204 S1250
;TYPE:WALL-OUTER
G1 F7500 X200.21 Y235.202 E3262.43532
G1 X229.79 Y235.202 E3262.95184
G1 X229.79 Y230.21 E3263.039
G1 X200.21 Y230.21 E3263.55552
M204 S2500
G0 F15000 X200.21 Y230.41
G0 X200.89 Y230.89
G0 X201.42 Y233.62
;TYPE:SKIN
G1 F8559.8 X228.576 Y233.62 E3263.971
G1 X228.576 Y233.988 E3263.97663
G1 X201.42 Y233.988 E3264.3921
G1 X201.42 Y233.62 E3264.39773
G0 F15000 X201.026 Y233.226
G1 F7500 X228.97 Y233.226 E3264.88568
G1 X228.97 Y234.382 E3264.90587
G1 X201.026 Y234.382 E3265.39381
G1 X201.026 Y233.226 E3265.414
G0 F15000 X201.24 Y233.226
G1 F2400 E3259.414
;MESH:NONMESH
G0 F600 X201.24 Y233.226 Z23.6
G0 F15000 X206.32 Y230.44
G0 X206.32 Y229.335
G0 X206.32 Y200.665
G0 X206.32 Y199.56
G0 X206.32 Y197.457
;TIME_ELAPSED:2818.924625
;LAYER:233
;note -- min layer time used
;TYPE:FILL
;MESH:table_soft_spacer_30x30-Body.stl
G1 F2400 E3265.414
G1 F14165.5 X207.788 Y198.925 E3265.45456
G1 X204.485 Y198.925 E3265.51911
G1 X205.953 Y197.457 E3265.55967
G1 X214.816 Y197.457 E3265.73286
G1 X213.348 Y198.925 E3265.77343
G1 X216.651 Y198.925 E3265.83797
G1 X215.183 Y197.457 E3265.87853
G1 X223.678 Y197.457 E3266.04453
G1 X222.21 Y198.925 E3266.0851
G1 X225.514 Y198.925 E3266.14966
G1 X224.046 Y197.457 E3266.19023
G1 X228.925 Y197.457 E3266.28556
G1 X229.03 Y197.457
G1 F2400 E3260.28556
G0 F15000 X200.89 Y199.11
G0 X200.63 Y199.37
M204 S1250
;TYPE:WALL-INNER
G1 F2400 E3266.28556
G1 F10832.8 X229.37 Y199.37 E3266.78741
G1 X229.37 Y195.374 E3266.85718
G1 X200.63 Y195.374 E3267.35903
G1 X200.63 Y199.37 E3267.42881
M204 S2500
G0 F15000 X200.21 Y199.79
M204 S1250
;TYPE:WALL-OUTER
G1 F7500 X229.79 Y199.79 E3267.94532
G1 X229.79 Y194.954 E3268.02976
G1 X200.21 Y194.954 E3268.54628
G1 X200.21 Y199.79 E3268.63072
M204 S2500
G0 F15000 X200.41 Y199.79
G0 X200.89 Y199.11
G0 X201.446 Y196.61
;TYPE:SKIN
G1 F7500 X201.446 Y196.19 E3268.63806
G1 X228.55 Y196.19 E3269.11133
G1 X228.55 Y196.61 E3269.11867
G1 X201.446 Y196.61 E3269.59195
G0 F15000 X201.026 Y197.03
G1 F7500 X201.026 Y195.77 E3269.61395
G1 X228.97 Y195.77 E3270.10189
G1 X228.97 Y197.03 E3270.1239
G1 X201.026 Y197.03 E3270.61184
G0 F15000 X201.24 Y197.03
G1 F2400 E3264.61184
G0 F15000 X207.787 Y199.56
G0 X207.787 Y200.665
G0 X207.787 Y229.335
G0 X207.787 Y230.44
G0 X207.787 Y231.075
;TYPE:FILL
G1 F2400 E3270.61184
G1 F14165.5 X206.317 Y232.544 E3270.65245
G1 X205.955 Y232.543 E3270.65952
G1 X204.486 Y231.075 E3270.7001
G1 X213.349 Y231.075 E3270.87329
G1 X214.818 Y232.543 E3270.91387
G1 X215.181 Y232.543 E3270.92096
G1 X216.65 Y231.075 E3270.96154
G1 X222.212 Y231.075 E3271.07023
G1 X223.68 Y232.543 E3271.1108
G1 X224.044 Y232.543 E3271.11791
G1 X225.513 Y231.075 E3271.15849
G1 X228.925 Y231.075 E3271.22516
G1 X229.03 Y231.075
G1 F2400 E3265.22516
G0 F15000 X200.89 Y230.89
G0 X200.63 Y230.63
M204 S1250
;TYPE:WALL-INNER
G1 F2400 E3271.22516
G1 F10832.8 X200.63 Y234.626 E3271.29494
G1 X229.37 Y234.626 E3271.79678
G1 X229.37 Y230.63 E3271.86656
G1 X200.63 Y230.63 E3272.3684
M204 S2500
G0 F15000 X200.21 Y230.21
M204 S1250
;TYPE:WALL-OUTER
G1 F7500 X200.21 Y235.046 E3272.45285
G1 X229.79 Y235.046 E3272.96936
G1 X229.79 Y230.21 E3273.05381
G1 X200.21 Y230.21 E3273.57032
M204 S2500
G0 F15000 X200.21 Y230.41
G0 X200.89 Y230.89
G0 X201.446 Y233.386
;TYPE:SKIN
G1 F7500 X228.55 Y233.386 E3274.0436
G1 X228.55 Y233.806 E3274.05093
G1 X201.446 Y233.806 E3274.52421
G1 X201.446 Y233.386 E3274.53154
G0 F15000 X201.026 Y232.966
G1 F7500 X228.97 Y232.966 E3275.01949
G1 X228.97 Y234.226 E3275.04149
G1 X201.026 Y234.226 E3275.52944
G1 X201.026 Y232.966 E3275.55144
G0 F15000 X201.24 Y232.966
G1 F2400 E3269.55144
;MESH:NONMESH
G0 F600 X201.24 Y232.966 Z23.7
G0 F15000 X201.075 Y230.44
G0 X201.075 Y229.335
G0 X201.075 Y200.665
G0 X201.075 Y199.56
G0 X201.075 Y197.727
;TIME_ELAPSED:2828.838276
;LAYER:234
;note -- min layer time used
;TYPE:FILL
;MESH:table_soft_spacer_30x30-Body.stl
G1 F2400 E3275.55144
G1 F13810.1 X201.075 Y198.925 E3275.57485
G1 X204.485 Y198.925 E3275.64148
G1 X205.683 Y197.728 E3275.67457
G1 X206.59 Y197.728 E3275.6923
G1 X207.788 Y198.925 E3275.72539
G1 X213.348 Y198.925 E3275.83403
G1 X214.545 Y197.728 E3275.86711
G1 X215.453 Y197.728 E3275.88485
G1 X216.651 Y198.925 E3275.91794
G1 X225.514 Y198.925 E3276.09113
G1 X224.316 Y197.728 E3276.12422
G1 X223.408 Y197.728 E3276.14197
G1 X222.21 Y198.925 E3276.17506
G1 X222.136 Y198.999
G1 F2400 E3270.17506
G0 F15000 X200.89 Y199.11
G0 X200.63 Y199.37
M204 S1250
;TYPE:WALL-INNER
G1 F2400 E3276.17506
G1 F10655 X229.37 Y199.37 E3276.6769
G1 X229.37 Y195.542 E3276.74375
G1 X200.63 Y195.542 E3277.24559
G1 X200.63 Y199.37 E3277.31243
M204 S2500
G0 F15000 X200.21 Y199.79
M204 S1250
;TYPE:WALL-OUTER
G1 F7500 X229.79 Y199.79 E3277.82895
G1 X229.79 Y195.122 E3277.91046
G1 X200.21 Y195.122 E3278.42697
G1 X200.21 Y199.79 E3278.50848
M204 S2500
G0 F15000 X200.41 Y199.79
G0 X200.89 Y199.11
G0 X201.026 Y197.302
;TYPE:SKIN
G1 F7500 X201.026 Y195.938 E3278.5323
G1 X228.97 Y195.938 E3279.02025
G1 X228.97 Y197.302 E3279.04406
G1 X201.026 Y197.302 E3279.53201
G0 F15000 X201.844 Y197.092
G1 F7500 X201.236 Y196.484 E3279.54702
G0 F15000 X201.494 Y196.148
G1 F7500 X202.438 Y197.092 E3279.57034
G0 F15000 X203.032 Y197.092
G1 F7500 X202.088 Y196.148 E3279.59365
G0 F15000 X202.682 Y196.148
G1 F7500 X203.626 Y197.092 E3279.61696
G0 F15000 X204.22 Y197.092
G1 F7500 X203.276 Y196.148 E3279.64027
G0 F15000 X203.869 Y196.148
G1 F7500 X204.813 Y197.092 E3279.66358
G0 F15000 X205.407 Y197.092
G1 F7500 X204.463 Y196.148 E3279.68689
G0 F15000 X205.057 Y196.148
G1 F7500 X206.001 Y197.092 E3279.7102
G0 F15000 X206.595 Y197.092
G1 F7500 X205.651 Y196.148 E3279.73352
G0 F15000 X206.245 Y196.148
G1 F7500 X207.189 Y197.092 E3279.75683
G0 F15000 X207.783 Y197.092
G1 F7500 X206.839 Y196.148 E3279.78014
G0 F15000 X207.433 Y196.148
G1 F7500 X208.377 Y197.092 E3279.80345
G0 F15000 X208.971 Y197.092
G1 F7500 X208.027 Y196.148 E3279.82676
G0 F15000 X208.621 Y196.148
G1 F7500 X209.565 Y197.092 E3279.85007
G0 F15000 X210.159 Y197.092
G1 F7500 X209.215 Y196.148 E3279.87338
G0 F15000 X209.809 Y196.148
G1 F7500 X210.753 Y197.092 E3279.8967
G0 F15000 X211.347 Y197.092
G1 F7500 X210.403 Y196.148 E3279.92001
G0 F15000 X210.997 Y196.148
G1 F7500 X211.941 Y197.092 E3279.94332
G0 F15000 X212.535 Y197.092
G1 F7500 X211.591 Y196.148 E3279.96663
G0 F15000 X212.185 Y196.148
G1 F7500 X213.129 Y197.092 E3279.98994
G0 F15000 X213.723 Y197.092
G1 F7500 X212.779 Y196.148 E3280.01325
G0 F15000 X213.373 Y196.148
G1 F7500 X214.317 Y197.092 E3280.03657
G0 F15000 X214.911 Y197.092
G1 F7500 X213.967 Y196.148 E3280.05988
G0 F15000 X214.561 Y196.148
G1 F7500 X215.505 Y197.092 E3280.08319
G0 F15000 X216.099 Y197.092
G1 F7500 X215.155 Y196.148 E3280.1065
G0 F15000 X215.749 Y196.148
G1 F7500 X216.693 Y197.092 E3280.12981
G0 F15000 X217.287 Y197.092
G1 F7500 X216.343 Y196.148 E3280.15312
G0 F15000 X216.937 Y196.148
G1 F7500 X217.881 Y197.092 E3280.17643
G0 F15000 X218.475 Y197.092
G1 F7500 X217.531 Y196.148 E3280.19975
G0 F15000 X218.125 Y196.148
G1 F7500 X219.069 Y197.092 E3280.22306
G0 F15000 X219.663 Y197.092
G1 F7500 X218.719 Y196.148 E3280.24637
G0 F15000 X219.313 Y196.148
G1 F7500 X220.257 Y197.092 E3280.26968
G0 F15000 X220.851 Y197.092
G1 F7500 X219.907 Y196.148 E3280.29299
G0 F15000 X220.501 Y196.148
G1 F7500 X221.445 Y197.092 E3280.3163
G0 F15000 X222.039 Y197.092
G1 F7500 X221.095 Y196.148 E3280.33961
G0 F15000 X221.689 Y196.148
G1 F7500 X222.633 Y197.092 E3280.36293
G0 F15000 X223.227 Y197.092
G1 F7500 X222.283 Y196.148 E3280.38624
G0 F15000 X222.877 Y196.148
G1 F7500 X223.821 Y197.092 E3280.40955
G0 F15000 X224.414 Y197.092
G1 F7500 X223.47 Y196.148 E3280.43286
G0 F15000 X224.064 Y196.148
G1 F7500 X225.008 Y197.092 E3280.45617
G0 F15000 X225.602 Y197.092
G1 F7500 X224.658 Y196.148 E3280.47948
G0 F15000 X225.252 Y196.148
G1 F7500 X226.196 Y197.092 E3280.5028
G0 F15000 X226.79 Y197.092
G1 F7500 X225.846 Y196.148 E3280.52611
G0 F15000 X226.44 Y196.148
G1 F7500 X227.384 Y197.092 E3280.54942
G0 F15000 X227.978 Y197.092
G1 F7500 X227.034 Y196.148 E3280.57273
G0 F15000 X227.628 Y196.148
G1 F7500 X228.572 Y197.092 E3280.59604
G0 F15000 X228.76 Y196.686
G1 F7500 X228.222 Y196.148 E3280.60933
G0 F15000 X228.222 Y196.152
G1 F2400 E3274.60933
G0 F15000 X228.925 Y199.56
G0 X228.925 Y200.665
G0 X228.925 Y229.335
G0 X228.925 Y230.44
G0 X228.925 Y231.075
;TYPE:FILL
G1 F2400 E3280.60933
G1 F13810.1 X225.513 Y231.075 E3280.676
G1 X224.315 Y232.273 E3280.7091
G1 X223.41 Y232.273 E3280.72679
G1 X222.212 Y231.075 E3280.75989
G1 X216.65 Y231.075 E3280.86858
G1 X215.452 Y232.273 E3280.90168
G1 X214.547 Y232.273 E3280.91937
G1 X213.349 Y231.075 E3280.95247
G1 X204.486 Y231.075 E3281.12566
G1 X205.684 Y232.273 E3281.15876
G1 X206.589 Y232.273 E3281.17645
G1 X207.787 Y231.075 E3281.20955
G1 X207.861 Y231.001
G0 F15000 X200.89 Y230.89
G0 X200.63 Y230.63
M204 S1250
;TYPE:WALL-INNER
G1 F10655 X200.63 Y234.458 E3281.2764
G1 X229.37 Y234.454 E3281.77824
G1 X229.37 Y230.63 E3281.84502
G1 X200.63 Y230.63 E3282.34686
M204 S2500
G0 F15000 X200.21 Y230.21
M204 S1250
;TYPE:WALL-OUTER
G1 F7500 X200.21 Y234.878 E3282.42837
G1 X229.79 Y234.874 E3282.94489
G1 X229.79 Y230.21 E3283.02633
G1 X200.21 Y230.21 E3283.54284
M204 S2500
G0 F15000 X200.21 Y230.41
G0 X200.89 Y230.89
G0 X201.026 Y232.694
;TYPE:SKIN
G1 F7500 X228.97 Y232.694 E3284.03079
G1 X228.97 Y234.054 E3284.05453
G1 X201.026 Y234.058 E3284.54248
G1 X201.026 Y232.694 E3284.5663
G0 F15000 X201.773 Y233.847
G1 F7500 X201.236 Y233.31 E3284.57956
G0 F15000 X201.424 Y232.904
G1 F7500 X202.367 Y233.847 E3284.60284
G0 F15000 X202.961 Y233.847
G1 F7500 X202.018 Y232.904 E3284.62613
G0 F15000 X202.612 Y232.904
G1 F7500 X203.555 Y233.847 E3284.64942
G0 F15000 X204.149 Y233.847
G1 F7500 X203.206 Y232.904 E3284.6727
G0 F15000 X203.799 Y232.904
G1 F7500 X204.743 Y233.847 E3284.696
G0 F15000 X205.337 Y233.847
G1 F7500 X204.393 Y232.904 E3284.7193
G0 F15000 X204.987 Y232.904
G1 F7500 X205.93 Y233.847 E3284.74259
G0 F15000 X206.524 Y233.847
G1 F7500 X205.581 Y232.904 E3284.76588
G0 F15000 X206.175 Y232.904
G1 F7500 X207.118 Y233.847 E3284.78916
G0 F15000 X207.712 Y233.847
G1 F7500 X206.769 Y232.904 E3284.81245
G0 F15000 X207.363 Y232.904
G1 F7500 X208.306 Y233.847 E3284.83574
G0 F15000 X208.9 Y233.847
G1 F7500 X207.957 Y232.904 E3284.85902
G0 F15000 X208.551 Y232.904
G1 F7500 X209.494 Y233.847 E3284.88231
G0 F15000 X210.088 Y233.847
G1 F7500 X209.145 Y232.904 E3284.9056
G0 F15000 X209.739 Y232.904
G1 F7500 X210.681 Y233.846 E3284.92886
G0 F15000 X211.275 Y233.846
G1 F7500 X210.333 Y232.904 E3284.95212
G0 F15000 X210.927 Y232.904
G1 F7500 X211.869 Y233.846 E3284.97538
G0 F15000 X212.463 Y233.846
G1 F7500 X211.521 Y232.904 E3284.99865
G0 F15000 X212.115 Y232.904
G1 F7500 X213.057 Y233.846 E3285.02191
G0 F15000 X213.651 Y233.846
G1 F7500 X212.709 Y232.904 E3285.04517
G0 F15000 X213.303 Y232.904
G1 F7500 X214.245 Y233.846 E3285.06843
G0 F15000 X214.839 Y233.846
G1 F7500 X213.897 Y232.904 E3285.09169
G0 F15000 X214.491 Y232.904
G1 F7500 X215.432 Y233.845 E3285.11493
G0 F15000 X216.026 Y233.845
G1 F7500 X215.085 Y232.904 E3285.13817
G0 F15000 X215.679 Y232.904
G1 F7500 X216.62 Y233.845 E3285.16141
G0 F15000 X217.214 Y233.845
G1 F7500 X216.273 Y232.904 E3285.18464
G0 F15000 X216.867 Y232.904
G1 F7500 X217.808 Y233.845 E3285.20788
G0 F15000 X218.402 Y233.845
G1 F7500 X217.461 Y232.904 E3285.23112
G0 F15000 X218.055 Y232.904
G1 F7500 X218.996 Y233.845 E3285.25436
G0 F15000 X219.589 Y233.844
G1 F7500 X218.649 Y232.904 E3285.27757
G0 F15000 X219.243 Y232.904
G1 F7500 X220.183 Y233.844 E3285.30078
G0 F15000 X220.777 Y233.844
G1 F7500 X219.837 Y232.904 E3285.32399
G0 F15000 X220.431 Y232.904
G1 F7500 X221.371 Y233.844 E3285.34721
G0 F15000 X221.965 Y233.844
G1 F7500 X221.025 Y232.904 E3285.37042
G0 F15000 X221.619 Y232.904
G1 F7500 X222.559 Y233.844 E3285.39363
G0 F15000 X223.153 Y233.844
G1 F7500 X222.213 Y232.904 E3285.41685
G0 F15000 X222.807 Y232.904
G1 F7500 X223.747 Y233.844 E3285.44006
G0 F15000 X224.34 Y233.844
G1 F7500 X223.4 Y232.904 E3285.46327
G0 F15000 X223.994 Y232.904
G1 F7500 X224.934 Y233.844 E3285.48648
G0 F15000 X225.528 Y233.844
G1 F7500 X224.588 Y232.904 E3285.5097
G0 F15000 X225.182 Y232.904
G1 F7500 X226.122 Y233.844 E3285.53291
G0 F15000 X226.716 Y233.844
G1 F7500 X225.776 Y232.904 E3285.55612
G0 F15000 X226.37 Y232.904
G1 F7500 X227.31 Y233.844 E3285.57933
G0 F15000 X227.904 Y233.844
G1 F7500 X226.964 Y232.904 E3285.60255
G0 F15000 X227.558 Y232.904
G1 F7500 X228.498 Y233.844 E3285.62576
G0 F15000 X228.76 Y233.512
G1 F7500 X228.152 Y232.904 E3285.64077
G1 X228.078 Y232.83
G1 F2400 E3279.64077
;MESH:NONMESH
G0 F600 X228.078 Y232.83 Z23.8
G0 F15000 X201.075 Y230.44
G0 X201.075 Y229.335
G0 X201.075 Y200.665
G0 X201.075 Y199.56
G0 X201.075 Y198.028
;TIME_ELAPSED:2843.370071
;LAYER:235
;TYPE:FILL
;MESH:table_soft_spacer_30x30-Body.stl
G1 F2400 E3285.64077
G1 F15000 X201.075 Y198.925 E3285.6583
G1 X204.485 Y198.925 E3285.72493
G1 X205.383 Y198.027 E3285.74975
G1 X206.891 Y198.028 E3285.77922
G1 X207.788 Y198.925 E3285.804
G1 X213.348 Y198.925 E3285.91265
G1 X214.246 Y198.027 E3285.93746
G1 X215.755 Y198.029 E3285.96695
G1 X216.651 Y198.925 E3285.99171
G1 X225.514 Y198.925 E3286.1649
G1 X224.617 Y198.029 E3286.18967
G1 X223.108 Y198.028 E3286.21916
G1 X222.21 Y198.925 E3286.24396
G1 X222.136 Y198.999
G1 F2400 E3280.24396
G0 F15000 X200.89 Y199.11
G0 X200.63 Y199.37
M204 S1250
;TYPE:WALL-INNER
G1 F2400 E3286.24396
G1 F11250 X229.37 Y199.37 E3286.7458
G1 X229.37 Y195.718 E3286.80957
G1 X200.63 Y195.718 E3287.31142
G1 X200.63 Y199.37 E3287.37519
M204 S2500
G0 F15000 X200.21 Y199.79
M204 S1250
;TYPE:WALL-OUTER
G1 F7500 X229.79 Y199.79 E3287.8917
G1 X229.79 Y195.298 E3287.97014
G1 X200.21 Y195.298 E3288.48665
G1 X200.21 Y199.79 E3288.56509
M204 S2500
G0 F15000 X200.41 Y199.79
G0 X200.89 Y199.11
G0 X201.026 Y197.602
;TYPE:SKIN
G1 F7500 X201.026 Y196.114 E3288.59107
G1 X228.97 Y196.114 E3289.07902
G1 X228.97 Y197.602 E3289.105
G1 X201.026 Y197.602 E3289.59295
G0 F15000 X201.236 Y196.723
G1 F7500 X201.636 Y196.324 E3289.60281
G0 F15000 X202.23 Y196.324
G1 F7500 X201.236 Y197.317 E3289.62735
G0 F15000 X201.755 Y197.392
G1 F7500 X202.824 Y196.324 E3289.65373
G0 F15000 X203.418 Y196.324
G1 F7500 X202.349 Y197.392 E3289.68012
G0 F15000 X202.943 Y197.392
G1 F7500 X204.012 Y196.324 E3289.70651
G0 F15000 X204.606 Y196.324
G1 F7500 X203.537 Y197.392 E3289.73289
G0 F15000 X204.131 Y197.392
G1 F7500 X205.2 Y196.324 E3289.75928
G0 F15000 X205.794 Y196.324
G1 F7500 X204.725 Y197.392 E3289.78566
G0 F15000 X205.319 Y197.392
G1 F7500 X206.387 Y196.324 E3289.81204
G0 F15000 X206.981 Y196.324
G1 F7500 X205.913 Y197.392 E3289.83841
G0 F15000 X206.507 Y197.392
G1 F7500 X207.575 Y196.324 E3289.86478
G0 F15000 X208.169 Y196.324
G1 F7500 X207.101 Y197.392 E3289.89116
G0 F15000 X207.695 Y197.392
G1 F7500 X208.763 Y196.324 E3289.91753
G0 F15000 X209.357 Y196.324
G1 F7500 X208.289 Y197.392 E3289.94391
G0 F15000 X208.883 Y197.392
G1 F7500 X209.951 Y196.324 E3289.97028
G0 F15000 X210.545 Y196.324
G1 F7500 X209.477 Y197.392 E3289.99665
G0 F15000 X210.071 Y197.392
G1 F7500 X211.139 Y196.324 E3290.02303
G0 F15000 X211.733 Y196.324
G1 F7500 X210.665 Y197.392 E3290.0494
G0 F15000 X211.259 Y197.392
G1 F7500 X212.327 Y196.324 E3290.07577
G0 F15000 X212.921 Y196.324
G1 F7500 X211.853 Y197.392 E3290.10215
G0 F15000 X212.447 Y197.392
G1 F7500 X213.515 Y196.324 E3290.12852
G0 F15000 X214.109 Y196.324
G1 F7500 X213.041 Y197.392 E3290.15489
G0 F15000 X213.635 Y197.392
G1 F7500 X214.703 Y196.324 E3290.18127
G0 F15000 X215.297 Y196.324
G1 F7500 X214.229 Y197.392 E3290.20764
G0 F15000 X214.823 Y197.392
G1 F7500 X215.891 Y196.324 E3290.23402
G0 F15000 X216.485 Y196.324
G1 F7500 X215.417 Y197.392 E3290.26039
G0 F15000 X216.011 Y197.392
G1 F7500 X217.079 Y196.324 E3290.28676
G0 F15000 X217.673 Y196.324
G1 F7500 X216.604 Y197.392 E3290.31315
G0 F15000 X217.198 Y197.392
G1 F7500 X218.267 Y196.324 E3290.33953
G0 F15000 X218.861 Y196.324
G1 F7500 X217.792 Y197.392 E3290.36592
G0 F15000 X218.386 Y197.392
G1 F7500 X219.455 Y196.324 E3290.39231
G0 F15000 X220.049 Y196.324
G1 F7500 X218.98 Y197.392 E3290.41869
G0 F15000 X219.574 Y197.392
G1 F7500 X220.643 Y196.324 E3290.44508
G0 F15000 X221.237 Y196.324
G1 F7500 X220.168 Y197.392 E3290.47146
G0 F15000 X220.762 Y197.392
G1 F7500 X221.831 Y196.324 E3290.49785
G0 F15000 X222.425 Y196.324
G1 F7500 X221.356 Y197.392 E3290.52424
G0 F15000 X221.95 Y197.392
G1 F7500 X223.019 Y196.324 E3290.55062
G0 F15000 X223.613 Y196.324
G1 F7500 X222.544 Y197.392 E3290.57701
G0 F15000 X223.138 Y197.392
G1 F7500 X224.207 Y196.324 E3290.60339
G0 F15000 X224.801 Y196.324
G1 F7500 X223.732 Y197.392 E3290.62978
G0 F15000 X224.326 Y197.392
G1 F7500 X225.395 Y196.324 E3290.65617
G0 F15000 X225.988 Y196.324
G1 F7500 X224.92 Y197.392 E3290.68254
G0 F15000 X225.514 Y197.392
G1 F7500 X226.582 Y196.324 E3290.70891
G0 F15000 X227.176 Y196.324
G1 F7500 X226.108 Y197.392 E3290.73529
G0 F15000 X226.702 Y197.392
G1 F7500 X227.77 Y196.324 E3290.76166
G0 F15000 X228.364 Y196.324
G1 F7500 X227.296 Y197.392 E3290.78803
G0 F15000 X227.89 Y197.392
G1 F7500 X228.76 Y196.522 E3290.80952
G0 F15000 X228.76 Y197.116
G1 F7500 X228.484 Y197.392 E3290.81633
G1 F2400 E3284.81633
G0 F15000 X228.925 Y199.56
G0 X228.925 Y200.665
G0 X228.925 Y229.335
G0 X228.925 Y230.44
G0 X228.925 Y231.075
;TYPE:FILL
G1 F2400 E3290.81633
G1 F15000 X225.513 Y231.075 E3290.88301
G1 X224.615 Y231.972 E3290.90781
G1 X223.108 Y231.971 E3290.93725
G1 X222.212 Y231.075 E3290.96201
G1 X216.65 Y231.075 E3291.0707
G1 X215.752 Y231.972 E3291.0955
G1 X214.246 Y231.971 E3291.12493
G1 X213.349 Y231.075 E3291.1497
G1 X204.486 Y231.075 E3291.32289
G1 X205.383 Y231.971 E3291.34766
G1 X206.89 Y231.972 E3291.37711
G1 X207.787 Y231.075 E3291.4019
G1 X207.861 Y231.001
G0 X200.89 Y230.89
G0 X200.63 Y230.63
M204 S1250
;TYPE:WALL-INNER
G1 F11250 X200.63 Y234.278 E3291.4656
G1 X229.37 Y234.278 E3291.96744
G1 X229.37 Y230.63 E3292.03114
G1 X200.63 Y230.63 E3292.53299
M204 S2500
G0 F15000 X200.21 Y230.21
M204 S1250
;TYPE:WALL-OUTER
G1 F7500 X200.21 Y234.698 E3292.61135
G1 X229.79 Y234.698 E3293.12787
G1 X229.79 Y230.21 E3293.20624
G1 X200.21 Y230.21 E3293.72275
M204 S2500
G0 F15000 X200.21 Y230.41
G0 X200.89 Y230.89
G0 X201.026 Y232.394
;TYPE:SKIN
G1 F7500 X228.97 Y232.394 E3294.2107
G1 X228.97 Y233.878 E3294.23661
G1 X201.026 Y233.878 E3294.72455
G1 X201.026 Y232.394 E3294.75047
G0 F15000 X201.588 Y232.604
G1 F7500 X201.236 Y232.956 E3294.75916
G0 F15000 X201.236 Y233.55
G1 F7500 X202.182 Y232.604 E3294.78252
G0 F15000 X202.776 Y232.604
G1 F7500 X201.711 Y233.668 E3294.80881
G0 F15000 X202.305 Y233.668
G1 F7500 X203.37 Y232.604 E3294.83509
G0 F15000 X203.964 Y232.604
G1 F7500 X202.899 Y233.668 E3294.86138
G0 F15000 X203.493 Y233.668
G1 F7500 X204.558 Y232.604 E3294.88767
G0 F15000 X205.151 Y232.604
G1 F7500 X204.087 Y233.668 E3294.91394
G0 F15000 X204.681 Y233.668
G1 F7500 X205.745 Y232.604 E3294.94022
G0 F15000 X206.339 Y232.604
G1 F7500 X205.275 Y233.668 E3294.96649
G0 F15000 X205.869 Y233.668
G1 F7500 X206.933 Y232.604 E3294.99277
G0 F15000 X207.527 Y232.604
G1 F7500 X206.463 Y233.668 E3295.01904
G0 F15000 X207.057 Y233.668
G1 F7500 X208.121 Y232.604 E3295.04532
G0 F15000 X208.715 Y232.604
G1 F7500 X207.651 Y233.668 E3295.07159
G0 F15000 X208.245 Y233.668
G1 F7500 X209.309 Y232.604 E3295.09787
G0 F15000 X209.903 Y232.604
G1 F7500 X208.839 Y233.668 E3295.12414
G0 F15000 X209.433 Y233.668
G1 F7500 X210.497 Y232.604 E3295.15042
G0 F15000 X211.091 Y232.604
G1 F7500 X210.027 Y233.668 E3295.17669
G0 F15000 X210.621 Y233.668
G1 F7500 X211.685 Y232.604 E3295.20297
G0 F15000 X212.279 Y232.604
G1 F7500 X211.215 Y233.668 E3295.22924
G0 F15000 X211.809 Y233.668
G1 F7500 X212.873 Y232.604 E3295.25552
G0 F15000 X213.467 Y232.604
G1 F7500 X212.403 Y233.668 E3295.28179
G0 F15000 X212.997 Y233.668
G1 F7500 X214.061 Y232.604 E3295.30807
G0 F15000 X214.655 Y232.604
G1 F7500 X213.591 Y233.668 E3295.33434
G0 F15000 X214.185 Y233.668
G1 F7500 X215.249 Y232.604 E3295.36062
G0 F15000 X215.843 Y232.604
G1 F7500 X214.779 Y233.668 E3295.38689
G0 F15000 X215.373 Y233.668
G1 F7500 X216.437 Y232.604 E3295.41317
G0 F15000 X217.031 Y232.604
G1 F7500 X215.967 Y233.668 E3295.43944
G0 F15000 X216.561 Y233.668
G1 F7500 X217.625 Y232.604 E3295.46572
G0 F15000 X218.219 Y232.604
G1 F7500 X217.155 Y233.668 E3295.49199
G0 F15000 X217.749 Y233.668
G1 F7500 X218.813 Y232.604 E3295.51827
G0 F15000 X219.407 Y232.604
G1 F7500 X218.343 Y233.668 E3295.54454
G0 F15000 X218.937 Y233.668
G1 F7500 X220.001 Y232.604 E3295.57081
G0 F15000 X220.595 Y232.604
G1 F7500 X219.53 Y233.668 E3295.5971
G0 F15000 X220.124 Y233.668
G1 F7500 X221.189 Y232.604 E3295.62339
G0 F15000 X221.783 Y232.604
G1 F7500 X220.718 Y233.668 E3295.64968
G0 F15000 X221.312 Y233.668
G1 F7500 X222.377 Y232.604 E3295.67596
G0 F15000 X222.971 Y232.604
G1 F7500 X221.906 Y233.668 E3295.70225
G0 F15000 X222.5 Y233.668
G1 F7500 X223.565 Y232.604 E3295.72854
G0 F15000 X224.159 Y232.604
G1 F7500 X223.094 Y233.668 E3295.75483
G0 F15000 X223.688 Y233.668
G1 F7500 X224.752 Y232.604 E3295.7811
G0 F15000 X225.346 Y232.604
G1 F7500 X224.282 Y233.668 E3295.80737
G0 F15000 X224.876 Y233.668
G1 F7500 X225.94 Y232.604 E3295.83365
G0 F15000 X226.534 Y232.604
G1 F7500 X225.47 Y233.668 E3295.85992
G0 F15000 X226.064 Y233.668
G1 F7500 X227.128 Y232.604 E3295.8862
G0 F15000 X227.722 Y232.604
G1 F7500 X226.658 Y233.668 E3295.91247
G0 F15000 X227.252 Y233.668
G1 F7500 X228.316 Y232.604 E3295.93875
G0 F15000 X228.76 Y232.754
G1 F7500 X227.846 Y233.668 E3295.96132
G0 F15000 X228.44 Y233.668
G1 F7500 X228.76 Y233.348 E3295.96922
G1 F2400 E3289.96922
;MESH:NONMESH
G0 F600 X228.76 Y233.348 Z23.9
G0 F15000 X207.24 Y230.44
G0 X207.24 Y229.335
G0 X207.24 Y200.665
G0 X207.24 Y199.56
G0 X207.24 Y198.377
;TIME_ELAPSED:2858.162218
;LAYER:236
;TYPE:FILL
;MESH:table_soft_spacer_30x30-Body.stl
G1 F2400 E3295.96922
G1 F15000 X207.788 Y198.925 E3295.98437
G1 X204.485 Y198.925 E3296.04891
G1 X205.034 Y198.376 E3296.06408
G1 X213.897 Y198.376 E3296.23726
G1 X213.348 Y198.925 E3296.25244
G1 X216.651 Y198.925 E3296.31698
G1 X216.102 Y198.377 E3296.33213
G1 X222.76 Y198.376 E3296.46223
G1 X222.21 Y198.925 E3296.47742
G1 X225.514 Y198.925 E3296.54198
G1 X224.965 Y198.377 E3296.55714
G1 X228.925 Y198.376 E3296.63452
G1 X229.03 Y198.376
G1 F2400 E3290.63452
G0 F15000 X200.89 Y199.11
G0 X200.63 Y199.37
M204 S1250
;TYPE:WALL-INNER
G1 F2400 E3296.63452
G1 F11250 X229.37 Y199.37 E3297.13636
G1 X229.37 Y195.902 E3297.19692
G1 X200.63 Y195.902 E3297.69876
G1 X200.63 Y199.37 E3297.75932
M204 S2500
G0 F15000 X200.21 Y199.79
M204 S1250
;TYPE:WALL-OUTER
G1 F7500 X229.79 Y199.79 E3298.27583
G1 X229.79 Y195.482 E3298.35106
G1 X200.21 Y195.482 E3298.86757
G1 X200.21 Y199.79 E3298.9428
M204 S2500
G0 F15000 X200.41 Y199.79
G0 X200.89 Y199.11
G0 X201.026 Y197.95
;TYPE:SKIN
G1 F7500 X201.026 Y196.298 E3298.97164
G1 X228.97 Y196.298 E3299.45959
G1 X228.97 Y197.95 E3299.48844
G1 X201.026 Y197.95 E3299.97638
G0 F15000 X201.304 Y197.74
G1 F7500 X201.236 Y197.672 E3299.97806
G0 F15000 X201.236 Y197.078
G1 F7500 X201.898 Y197.74 E3299.99441
G0 F15000 X202.492 Y197.74
G1 F7500 X201.26 Y196.508 E3300.02483
G0 F15000 X201.854 Y196.508
G1 F7500 X203.086 Y197.74 E3300.05526
G0 F15000 X203.68 Y197.74
G1 F7500 X202.447 Y196.508 E3300.08569
G0 F15000 X203.041 Y196.508
G1 F7500 X204.274 Y197.74 E3300.11613
G0 F15000 X204.868 Y197.74
G1 F7500 X203.635 Y196.508 E3300.14656
G0 F15000 X204.229 Y196.508
G1 F7500 X205.462 Y197.74 E3300.177
G0 F15000 X206.056 Y197.74
G1 F7500 X204.823 Y196.508 E3300.20744
G0 F15000 X205.417 Y196.508
G1 F7500 X206.65 Y197.74 E3300.23787
G0 F15000 X207.244 Y197.74
G1 F7500 X206.011 Y196.508 E3300.26831
G0 F15000 X206.605 Y196.508
G1 F7500 X207.838 Y197.74 E3300.29874
G0 F15000 X208.432 Y197.74
G1 F7500 X207.199 Y196.508 E3300.32918
G0 F15000 X207.793 Y196.508
G1 F7500 X209.026 Y197.74 E3300.35961
G0 F15000 X209.62 Y197.74
G1 F7500 X208.387 Y196.508 E3300.39005
G0 F15000 X208.981 Y196.508
G1 F7500 X210.214 Y197.74 E3300.42049
G0 F15000 X210.808 Y197.74
G1 F7500 X209.575 Y196.508 E3300.45092
G0 F15000 X210.169 Y196.508
G1 F7500 X211.402 Y197.74 E3300.48136
G0 F15000 X211.996 Y197.74
G1 F7500 X210.763 Y196.508 E3300.51179
G0 F15000 X211.357 Y196.508
G1 F7500 X212.59 Y197.74 E3300.54223
G0 F15000 X213.184 Y197.74
G1 F7500 X211.951 Y196.508 E3300.57267
G0 F15000 X212.545 Y196.508
G1 F7500 X213.777 Y197.74 E3300.60309
G0 F15000 X214.371 Y197.74
G1 F7500 X213.139 Y196.508 E3300.63351
G0 F15000 X213.733 Y196.508
G1 F7500 X214.965 Y197.74 E3300.66394
G0 F15000 X215.559 Y197.74
G1 F7500 X214.327 Y196.508 E3300.69436
G0 F15000 X214.921 Y196.508
G1 F7500 X216.153 Y197.74 E3300.72478
G0 F15000 X216.747 Y197.74
G1 F7500 X215.515 Y196.508 E3300.75521
G0 F15000 X216.109 Y196.508
G1 F7500 X217.341 Y197.74 E3300.78563
G0 F15000 X217.935 Y197.74
G1 F7500 X216.703 Y196.508 E3300.81605
G0 F15000 X217.297 Y196.508
G1 F7500 X218.529 Y197.74 E3300.84648
G0 F15000 X219.123 Y197.74
G1 F7500 X217.891 Y196.508 E3300.8769
G0 F15000 X218.485 Y196.508
G1 F7500 X219.717 Y197.74 E3300.90732
G0 F15000 X220.311 Y197.74
G1 F7500 X219.079 Y196.508 E3300.93775
G0 F15000 X219.673 Y196.508
G1 F7500 X220.905 Y197.74 E3300.96817
G0 F15000 X221.499 Y197.74
G1 F7500 X220.267 Y196.508 E3300.99859
G0 F15000 X220.861 Y196.508
G1 F7500 X222.093 Y197.74 E3301.02902
G0 F15000 X222.687 Y197.74
G1 F7500 X221.455 Y196.508 E3301.05944
G0 F15000 X222.048 Y196.508
G1 F7500 X223.281 Y197.74 E3301.08988
G0 F15000 X223.875 Y197.74
G1 F7500 X222.642 Y196.508 E3301.12031
G0 F15000 X223.236 Y196.508
G1 F7500 X224.469 Y197.74 E3301.15075
G0 F15000 X225.063 Y197.74
G1 F7500 X223.83 Y196.508 E3301.18118
G0 F15000 X224.424 Y196.508
G1 F7500 X225.657 Y197.74 E3301.21162
G0 F15000 X226.251 Y197.74
G1 F7500 X225.018 Y196.508 E3301.24206
G0 F15000 X225.612 Y196.508
G1 F7500 X226.845 Y197.74 E3301.27249
G0 F15000 X227.439 Y197.74
G1 F7500 X226.206 Y196.508 E3301.30293
G0 F15000 X226.8 Y196.508
G1 F7500 X228.033 Y197.74 E3301.33336
G0 F15000 X228.627 Y197.74
G1 F7500 X227.394 Y196.508 E3301.3638
G0 F15000 X227.988 Y196.508
G1 F7500 X228.76 Y197.28 E3301.38286
G0 F15000 X228.76 Y196.686
G1 F7500 X228.582 Y196.508 E3301.38726
G0 F15000 X228.582 Y196.512
G1 F2400 E3295.38726
G0 F15000 X228.925 Y199.56
G0 X228.925 Y200.665
G0 X228.925 Y229.335
G0 X228.925 Y230.44
G0 X228.925 Y231.075
;TYPE:FILL
G1 F2400 E3301.38726
G1 F15000 X225.513 Y231.075 E3301.45393
G1 X224.964 Y231.623 E3301.46909
G1 X222.761 Y231.623 E3301.51214
G1 X222.212 Y231.075 E3301.52729
G1 X216.65 Y231.075 E3301.63598
G1 X216.101 Y231.623 E3301.65113
G1 X213.898 Y231.623 E3301.69418
G1 X213.349 Y231.075 E3301.70934
G1 X204.486 Y231.075 E3301.88252
G1 X205.035 Y231.623 E3301.89768
G1 X207.238 Y231.623 E3301.94073
G1 X207.787 Y231.075 E3301.95589
G1 X207.861 Y231.001
G0 X200.89 Y230.89
G0 X200.63 Y230.63
M204 S1250
;TYPE:WALL-INNER
G1 F11250 X200.63 Y234.098 E3302.01644
G1 X229.37 Y234.098 E3302.51829
G1 X229.37 Y230.63 E3302.57885
G1 X200.63 Y230.63 E3303.08069
M204 S2500
G0 F15000 X200.21 Y230.21
M204 S1250
;TYPE:WALL-OUTER
G1 F7500 X200.21 Y234.518 E3303.15592
G1 X229.79 Y234.518 E3303.67243
G1 X229.79 Y230.21 E3303.74765
G1 X200.21 Y230.21 E3304.26417
M204 S2500
G0 F15000 X200.21 Y230.41
G0 X200.89 Y230.89
G0 X201.026 Y232.046
;TYPE:SKIN
G1 F7500 X228.97 Y232.046 E3304.75211
G1 X228.97 Y233.698 E3304.78096
G1 X201.026 Y233.698 E3305.26891
G1 X201.026 Y232.046 E3305.29775
G0 F15000 X201.414 Y233.488
G1 F7500 X201.236 Y233.31 E3305.30215
G0 F15000 X201.236 Y232.716
G1 F7500 X202.008 Y233.488 E3305.32121
G0 F15000 X202.602 Y233.488
G1 F7500 X201.37 Y232.256 E3305.35163
G0 F15000 X201.964 Y232.256
G1 F7500 X203.196 Y233.488 E3305.38206
G0 F15000 X203.79 Y233.488
G1 F7500 X202.558 Y232.256 E3305.41248
G0 F15000 X203.152 Y232.256
G1 F7500 X204.384 Y233.488 E3305.44291
G0 F15000 X204.978 Y233.488
G1 F7500 X203.746 Y232.256 E3305.47333
G0 F15000 X204.34 Y232.256
G1 F7500 X205.571 Y233.488 E3305.50374
G0 F15000 X206.165 Y233.488
G1 F7500 X204.934 Y232.256 E3305.53415
G0 F15000 X205.528 Y232.256
G1 F7500 X206.759 Y233.488 E3305.56456
G0 F15000 X207.353 Y233.488
G1 F7500 X206.122 Y232.256 E3305.59497
G0 F15000 X206.716 Y232.256
G1 F7500 X207.947 Y233.488 E3305.62538
G0 F15000 X208.541 Y233.488
G1 F7500 X207.31 Y232.256 E3305.6558
G0 F15000 X207.904 Y232.256
G1 F7500 X209.135 Y233.488 E3305.68621
G0 F15000 X209.729 Y233.488
G1 F7500 X208.498 Y232.256 E3305.71662
G0 F15000 X209.091 Y232.256
G1 F7500 X210.323 Y233.488 E3305.74704
G0 F15000 X210.917 Y233.488
G1 F7500 X209.685 Y232.256 E3305.77747
G0 F15000 X210.279 Y232.256
G1 F7500 X211.511 Y233.488 E3305.80789
G0 F15000 X212.105 Y233.488
G1 F7500 X210.873 Y232.256 E3305.83831
G0 F15000 X211.467 Y232.256
G1 F7500 X212.699 Y233.488 E3305.86874
G0 F15000 X213.293 Y233.488
G1 F7500 X212.061 Y232.256 E3305.89916
G0 F15000 X212.655 Y232.256
G1 F7500 X213.887 Y233.488 E3305.92958
G0 F15000 X214.481 Y233.488
G1 F7500 X213.249 Y232.256 E3305.96001
G0 F15000 X213.843 Y232.256
G1 F7500 X215.075 Y233.488 E3305.99043
G0 F15000 X215.669 Y233.488
G1 F7500 X214.437 Y232.256 E3306.02085
G0 F15000 X215.031 Y232.256
G1 F7500 X216.263 Y233.488 E3306.05128
G0 F15000 X216.857 Y233.488
G1 F7500 X215.625 Y232.256 E3306.0817
G0 F15000 X216.219 Y232.256
G1 F7500 X217.451 Y233.488 E3306.11212
G0 F15000 X218.045 Y233.488
G1 F7500 X216.813 Y232.256 E3306.14255
G0 F15000 X217.407 Y232.256
G1 F7500 X218.639 Y233.488 E3306.17297
G0 F15000 X219.233 Y233.488
G1 F7500 X218.001 Y232.256 E3306.20339
G0 F15000 X218.595 Y232.256
G1 F7500 X219.827 Y233.488 E3306.23382
G0 F15000 X220.421 Y233.488
G1 F7500 X219.189 Y232.256 E3306.26424
G0 F15000 X219.783 Y232.256
G1 F7500 X221.015 Y233.488 E3306.29466
G0 F15000 X221.609 Y233.488
G1 F7500 X220.377 Y232.256 E3306.32509
G0 F15000 X220.971 Y232.256
G1 F7500 X222.203 Y233.488 E3306.35551
G0 F15000 X222.797 Y233.488
G1 F7500 X221.565 Y232.256 E3306.38593
G0 F15000 X222.159 Y232.256
G1 F7500 X223.391 Y233.488 E3306.41636
G0 F15000 X223.985 Y233.488
G1 F7500 X222.753 Y232.256 E3306.44678
G0 F15000 X223.347 Y232.256
G1 F7500 X224.579 Y233.488 E3306.47721
G0 F15000 X225.172 Y233.488
G1 F7500 X223.941 Y232.256 E3306.50762
G0 F15000 X224.535 Y232.256
G1 F7500 X225.766 Y233.488 E3306.53803
G0 F15000 X226.36 Y233.488
G1 F7500 X225.129 Y232.256 E3306.56844
G0 F15000 X225.723 Y232.256
G1 F7500 X226.954 Y233.488 E3306.59885
G0 F15000 X227.548 Y233.488
G1 F7500 X226.317 Y232.256 E3306.62926
G0 F15000 X226.911 Y232.256
G1 F7500 X228.142 Y233.488 E3306.65967
G0 F15000 X228.736 Y233.488
G1 F7500 X227.505 Y232.256 E3306.69008
G0 F15000 X228.099 Y232.256
G1 F7500 X228.76 Y232.918 E3306.70642
G0 F15000 X228.76 Y232.324
G1 F7500 X228.692 Y232.256 E3306.7081
G1 F2400 E3300.7081
;MESH:NONMESH
G0 F600 X228.692 Y232.256 Z24
G0 F15000 X207.64 Y230.44
G0 X207.64 Y229.335
G0 X207.64 Y200.665
G0 X207.64 Y199.56
G0 X207.64 Y198.777
;TIME_ELAPSED:2873.372332
;LAYER:237
;TYPE:FILL
;MESH:table_soft_spacer_30x30-Body.stl
G1 F2400 E3306.7081
G1 F15000 X207.788 Y198.925 E3306.71219
G1 X204.485 Y198.925 E3306.77673
G1 X204.633 Y198.777 E3306.78082
G1 X213.496 Y198.777 E3306.95401
G1 X213.348 Y198.925 E3306.9581
G1 X216.651 Y198.925 E3307.02264
G1 X216.503 Y198.777 E3307.02673
G1 X222.359 Y198.777 E3307.14115
G1 X222.21 Y198.925 E3307.14526
G1 X225.514 Y198.925 E3307.20982
G1 X225.366 Y198.777 E3307.21391
G1 X228.925 Y198.777 E3307.28345
G1 X229.03 Y198.777
G1 F2400 E3301.28345
G0 F15000 X200.89 Y199.11
G0 X200.63 Y199.37
M204 S1250
;TYPE:WALL-INNER
G1 F2400 E3307.28345
G1 F11250 X229.37 Y199.37 E3307.7853
G1 X229.37 Y196.098 E3307.84243
G1 X200.63 Y196.098 E3308.34428
G1 X200.63 Y199.37 E3308.40141
M204 S2500
G0 F15000 X200.21 Y199.79
M204 S1250
;TYPE:WALL-OUTER
G1 F7500 X229.79 Y199.79 E3308.91793
G1 X229.79 Y195.678 E3308.98973
G1 X200.21 Y195.678 E3309.50624
G1 X200.21 Y199.79 E3309.57804
M204 S2500
G0 F15000 X200.41 Y199.79
G0 X200.89 Y199.11
G0 X201.026 Y198.35
;TYPE:SKIN
G1 F7500 X201.026 Y196.494 E3309.61045
G1 X228.97 Y196.494 E3310.0984
G1 X228.97 Y198.35 E3310.13081
G1 X201.026 Y198.35 E3310.61875
G0 F15000 X201.236 Y197.317
G1 F7500 X201.85 Y196.704 E3310.6339
G0 F15000 X202.444 Y196.704
G1 F7500 X201.236 Y197.911 E3310.66372
G0 F15000 X201.602 Y198.14
G1 F7500 X203.038 Y196.704 E3310.69918
G0 F15000 X203.632 Y196.704
G1 F7500 X202.196 Y198.14 E3310.73464
G0 F15000 X202.79 Y198.14
G1 F7500 X204.226 Y196.704 E3310.77011
G0 F15000 X204.82 Y196.704
G1 F7500 X203.384 Y198.14 E3310.80557
G0 F15000 X203.978 Y198.14
G1 F7500 X205.414 Y196.704 E3310.84103
G0 F15000 X206.008 Y196.704
G1 F7500 X204.572 Y198.14 E3310.87649
G0 F15000 X205.166 Y198.14
G1 F7500 X206.602 Y196.704 E3310.91195
G0 F15000 X207.196 Y196.704
G1 F7500 X205.76 Y198.14 E3310.94741
G0 F15000 X206.354 Y198.14
G1 F7500 X207.79 Y196.704 E3310.98287
G0 F15000 X208.384 Y196.704
G1 F7500 X206.948 Y198.14 E3311.01833
G0 F15000 X207.541 Y198.14
G1 F7500 X208.978 Y196.704 E3311.05381
G0 F15000 X209.572 Y196.704
G1 F7500 X208.135 Y198.14 E3311.08928
G0 F15000 X208.729 Y198.14
G1 F7500 X210.166 Y196.704 E3311.12475
G0 F15000 X210.76 Y196.704
G1 F7500 X209.323 Y198.14 E3311.16023
G0 F15000 X209.917 Y198.14
G1 F7500 X211.354 Y196.704 E3311.1957
G0 F15000 X211.947 Y196.704
G1 F7500 X210.511 Y198.14 E3311.23116
G0 F15000 X211.105 Y198.14
G1 F7500 X212.541 Y196.704 E3311.26662
G0 F15000 X213.135 Y196.704
G1 F7500 X211.699 Y198.14 E3311.30208
G0 F15000 X212.293 Y198.14
G1 F7500 X213.729 Y196.704 E3311.33755
G0 F15000 X214.323 Y196.704
G1 F7500 X212.887 Y198.14 E3311.37301
G0 F15000 X213.481 Y198.14
G1 F7500 X214.917 Y196.704 E3311.40847
G0 F15000 X215.511 Y196.704
G1 F7500 X214.075 Y198.14 E3311.44393
G0 F15000 X214.669 Y198.14
G1 F7500 X216.105 Y196.704 E3311.47939
G0 F15000 X216.699 Y196.704
G1 F7500 X215.263 Y198.14 E3311.51485
G0 F15000 X215.857 Y198.14
G1 F7500 X217.293 Y196.704 E3311.55031
G0 F15000 X217.887 Y196.704
G1 F7500 X216.451 Y198.14 E3311.58577
G0 F15000 X217.045 Y198.14
G1 F7500 X218.481 Y196.704 E3311.62123
G0 F15000 X219.075 Y196.704
G1 F7500 X217.639 Y198.14 E3311.6567
G0 F15000 X218.233 Y198.14
G1 F7500 X219.669 Y196.704 E3311.69216
G0 F15000 X220.263 Y196.704
G1 F7500 X218.827 Y198.14 E3311.72762
G0 F15000 X219.421 Y198.14
G1 F7500 X220.857 Y196.704 E3311.76308
G0 F15000 X221.451 Y196.704
G1 F7500 X220.015 Y198.14 E3311.79854
G0 F15000 X220.609 Y198.14
G1 F7500 X222.045 Y196.704 E3311.834
G0 F15000 X222.639 Y196.704
G1 F7500 X221.203 Y198.14 E3311.86946
G0 F15000 X221.797 Y198.14
G1 F7500 X223.233 Y196.704 E3311.90492
G0 F15000 X223.827 Y196.704
G1 F7500 X222.391 Y198.14 E3311.94038
G0 F15000 X222.985 Y198.14
G1 F7500 X224.421 Y196.704 E3311.97585
G0 F15000 X225.015 Y196.704
G1 F7500 X223.579 Y198.14 E3312.01131
G0 F15000 X224.173 Y198.14
G1 F7500 X225.609 Y196.704 E3312.04677
G0 F15000 X226.203 Y196.704
G1 F7500 X224.767 Y198.14 E3312.08223
G0 F15000 X225.361 Y198.14
G1 F7500 X226.797 Y196.704 E3312.11769
G0 F15000 X227.391 Y196.704
G1 F7500 X225.955 Y198.14 E3312.15315
G0 F15000 X226.549 Y198.14
G1 F7500 X227.985 Y196.704 E3312.18861
G0 F15000 X228.579 Y196.704
G1 F7500 X227.142 Y198.14 E3312.22409
G0 F15000 X227.736 Y198.14
G1 F7500 X228.76 Y197.117 E3312.24936
G0 F15000 X228.76 Y197.711
G1 F7500 X228.33 Y198.14 E3312.25997
G1 F2400 E3306.25997
G0 F15000 X228.925 Y199.56
G0 X228.925 Y200.665
G0 X228.925 Y229.335
G0 X228.925 Y230.44
G0 X228.925 Y231.075
;TYPE:FILL
G1 F2400 E3312.25997
G1 F15000 X225.513 Y231.075 E3312.32664
G1 X225.364 Y231.223 E3312.33074
G1 X222.36 Y231.223 E3312.38944
G1 X222.212 Y231.075 E3312.39353
G1 X216.65 Y231.075 E3312.50221
G1 X216.501 Y231.223 E3312.50632
G1 X213.496 Y231.222 E3312.56504
G1 X213.349 Y231.075 E3312.5691
G1 X204.486 Y231.075 E3312.74229
G1 X204.633 Y231.222 E3312.74635
G1 X207.639 Y231.223 E3312.80509
G1 X207.787 Y231.075 E3312.80918
G1 X207.861 Y231.001
G0 X200.89 Y230.89
G0 X200.63 Y230.63
M204 S1250
;TYPE:WALL-INNER
G1 F11250 X200.63 Y233.898 E3312.86624
G1 X229.37 Y233.898 E3313.36809
G1 X229.37 Y230.63 E3313.42515
G1 X200.63 Y230.63 E3313.927
M204 S2500
G0 F15000 X200.21 Y230.21
M204 S1250
;TYPE:WALL-OUTER
G1 F7500 X200.21 Y234.318 E3313.99873
G1 X229.79 Y234.318 E3314.51524
G1 X229.79 Y230.21 E3314.58697
G1 X200.21 Y230.21 E3315.10349
M204 S2500
G0 F15000 X200.21 Y230.41
G0 X200.89 Y230.89
G0 X201.026 Y231.646
;TYPE:SKIN
G1 F7500 X228.97 Y231.646 E3315.59143
G1 X228.97 Y233.498 E3315.62377
G1 X201.026 Y233.498 E3316.11172
G1 X201.026 Y231.646 E3316.14406
G0 F15000 X201.742 Y231.856
G1 F7500 X201.236 Y232.362 E3316.15655
G0 F15000 X201.236 Y232.956
G1 F7500 X202.336 Y231.856 E3316.18372
G0 F15000 X202.93 Y231.856
G1 F7500 X201.498 Y233.288 E3316.21908
G0 F15000 X202.092 Y233.288
G1 F7500 X203.524 Y231.856 E3316.25444
G0 F15000 X204.118 Y231.856
G1 F7500 X202.686 Y233.288 E3316.2898
G0 F15000 X203.28 Y233.288
G1 F7500 X204.712 Y231.856 E3316.32517
G0 F15000 X205.306 Y231.856
G1 F7500 X203.874 Y233.288 E3316.36053
G0 F15000 X204.468 Y233.288
G1 F7500 X205.9 Y231.856 E3316.39589
G0 F15000 X206.494 Y231.856
G1 F7500 X205.062 Y233.288 E3316.43125
G0 F15000 X205.656 Y233.288
G1 F7500 X207.088 Y231.856 E3316.46661
G0 F15000 X207.682 Y231.856
G1 F7500 X206.25 Y233.288 E3316.50198
G0 F15000 X206.844 Y233.288
G1 F7500 X208.275 Y231.856 E3316.53733
G0 F15000 X208.869 Y231.856
G1 F7500 X207.438 Y233.288 E3316.57268
G0 F15000 X208.032 Y233.288
G1 F7500 X209.463 Y231.856 E3316.60803
G0 F15000 X210.057 Y231.856
G1 F7500 X208.625 Y233.288 E3316.64339
G0 F15000 X209.219 Y233.288
G1 F7500 X210.651 Y231.856 E3316.67875
G0 F15000 X211.245 Y231.856
G1 F7500 X209.813 Y233.288 E3316.71411
G0 F15000 X210.407 Y233.288
G1 F7500 X211.839 Y231.856 E3316.74948
G0 F15000 X212.433 Y231.856
G1 F7500 X211.001 Y233.288 E3316.78484
G0 F15000 X211.595 Y233.288
G1 F7500 X213.027 Y231.856 E3316.8202
G0 F15000 X213.621 Y231.856
G1 F7500 X212.189 Y233.288 E3316.85556
G0 F15000 X212.783 Y233.288
G1 F7500 X214.215 Y231.856 E3316.89093
G0 F15000 X214.809 Y231.856
G1 F7500 X213.377 Y233.288 E3316.92629
G0 F15000 X213.971 Y233.288
G1 F7500 X215.403 Y231.856 E3316.96165
G0 F15000 X215.997 Y231.856
G1 F7500 X214.565 Y233.288 E3316.99701
G0 F15000 X215.159 Y233.288
G1 F7500 X216.591 Y231.856 E3317.03238
G0 F15000 X217.185 Y231.856
G1 F7500 X215.753 Y233.288 E3317.06774
G0 F15000 X216.347 Y233.288
G1 F7500 X217.779 Y231.856 E3317.1031
G0 F15000 X218.373 Y231.856
G1 F7500 X216.941 Y233.288 E3317.13846
G0 F15000 X217.535 Y233.288
G1 F7500 X218.967 Y231.856 E3317.17382
G0 F15000 X219.561 Y231.856
G1 F7500 X218.129 Y233.288 E3317.20919
G0 F15000 X218.723 Y233.288
G1 F7500 X220.155 Y231.856 E3317.24455
G0 F15000 X220.749 Y231.856
G1 F7500 X219.317 Y233.288 E3317.27991
G0 F15000 X219.911 Y233.288
G1 F7500 X221.343 Y231.856 E3317.31527
G0 F15000 X221.937 Y231.856
G1 F7500 X220.505 Y233.288 E3317.35064
G0 F15000 X221.099 Y233.288
G1 F7500 X222.531 Y231.856 E3317.386
G0 F15000 X223.125 Y231.856
G1 F7500 X221.693 Y233.288 E3317.42136
G0 F15000 X222.287 Y233.288
G1 F7500 X223.719 Y231.856 E3317.45672
G0 F15000 X224.313 Y231.856
G1 F7500 X222.881 Y233.288 E3317.49209
G0 F15000 X223.475 Y233.288
G1 F7500 X224.907 Y231.856 E3317.52745
G0 F15000 X225.501 Y231.856
G1 F7500 X224.069 Y233.288 E3317.56281
G0 F15000 X224.663 Y233.288
G1 F7500 X226.095 Y231.856 E3317.59817
G0 F15000 X226.689 Y231.856
G1 F7500 X225.257 Y233.288 E3317.63354
G0 F15000 X225.851 Y233.288
G1 F7500 X227.283 Y231.856 E3317.6689
G0 F15000 X227.876 Y231.856
G1 F7500 X226.445 Y233.288 E3317.70425
G0 F15000 X227.039 Y233.288
G1 F7500 X228.47 Y231.856 E3317.7396
G0 F15000 X228.76 Y232.161
G1 F7500 X227.633 Y233.288 E3317.76743
G0 F15000 X228.226 Y233.288
G1 F7500 X228.76 Y232.755 E3317.7806
G1 F2400 E3311.7806
;MESH:NONMESH
G0 F600 X228.76 Y232.755 Z24.1
G0 F15000 X200.92 Y230.44
G0 X200.92 Y229.335
G0 X200.92 Y200.665
G0 X200.92 Y199.56
G0 X200.63 Y199.37
;TIME_ELAPSED:2888.743705
;LAYER:238
M204 S1250
;TYPE:WALL-INNER
;MESH:table_soft_spacer_30x30-Body.stl
G1 F2400 E3317.7806
G1 F11250 X229.37 Y199.37 E3318.28245
G1 X229.37 Y196.298 E3318.33609
G1 X200.63 Y196.298 E3318.83794
G1 X200.63 Y199.37 E3318.89158
M204 S2500
G0 F15000 X200.21 Y199.79
M204 S1250
;TYPE:WALL-OUTER
G1 F7500 X229.79 Y199.79 E3319.40809
G1 X229.79 Y195.878 E3319.4764
G1 X200.21 Y195.878 E3319.99291
G1 X200.21 Y199.79 E3320.06122
M204 S2500
G0 F15000 X200.41 Y199.79
G0 X200.89 Y199.11
G0 X201.026 Y198.85
;TYPE:SKIN
G1 F7500 X201.026 Y196.694 E3320.09887
G1 X228.97 Y196.694 E3320.58682
G1 X228.97 Y198.85 E3320.62446
G1 X201.026 Y198.85 E3321.11241
G0 F15000 X201.61 Y198.64
G1 F7500 X201.236 Y198.266 E3321.12165
G0 F15000 X201.236 Y197.672
G1 F7500 X202.204 Y198.64 E3321.14555
G0 F15000 X202.798 Y198.64
G1 F7500 X201.236 Y197.078 E3321.18412
G0 F15000 X201.656 Y196.904
G1 F7500 X203.391 Y198.64 E3321.22698
G0 F15000 X203.985 Y198.64
G1 F7500 X202.25 Y196.904 E3321.26984
G0 F15000 X202.843 Y196.904
G1 F7500 X204.579 Y198.64 E3321.31271
G0 F15000 X205.173 Y198.64
G1 F7500 X203.437 Y196.904 E3321.35558
G0 F15000 X204.031 Y196.904
G1 F7500 X205.767 Y198.64 E3321.39845
G0 F15000 X206.361 Y198.64
G1 F7500 X204.625 Y196.904 E3321.44132
G0 F15000 X205.219 Y196.904
G1 F7500 X206.955 Y198.64 E3321.48418
G0 F15000 X207.549 Y198.64
G1 F7500 X205.813 Y196.904 E3321.52705
G0 F15000 X206.407 Y196.904
G1 F7500 X208.143 Y198.64 E3321.56992
G0 F15000 X208.737 Y198.64
G1 F7500 X207.001 Y196.904 E3321.61279
G0 F15000 X207.595 Y196.904
G1 F7500 X209.331 Y198.64 E3321.65566
G0 F15000 X209.925 Y198.64
G1 F7500 X208.189 Y196.904 E3321.69853
G0 F15000 X208.783 Y196.904
G1 F7500 X210.519 Y198.64 E3321.7414
G0 F15000 X211.113 Y198.64
G1 F7500 X209.377 Y196.904 E3321.78427
G0 F15000 X209.971 Y196.904
G1 F7500 X211.707 Y198.64 E3321.82714
G0 F15000 X212.301 Y198.64
G1 F7500 X210.565 Y196.904 E3321.87001
G0 F15000 X211.159 Y196.904
G1 F7500 X212.895 Y198.64 E3321.91288
G0 F15000 X213.489 Y198.64
G1 F7500 X211.753 Y196.904 E3321.95575
G0 F15000 X212.347 Y196.904
G1 F7500 X214.083 Y198.64 E3321.99862
G0 F15000 X214.677 Y198.64
G1 F7500 X212.941 Y196.904 E3322.04149
G0 F15000 X213.535 Y196.904
G1 F7500 X215.271 Y198.64 E3322.08436
G0 F15000 X215.865 Y198.64
G1 F7500 X214.129 Y196.904 E3322.12723
G0 F15000 X214.723 Y196.904
G1 F7500 X216.459 Y198.64 E3322.1701
G0 F15000 X217.053 Y198.64
G1 F7500 X215.317 Y196.904 E3322.21297
G0 F15000 X215.911 Y196.904
G1 F7500 X217.647 Y198.64 E3322.25583
G0 F15000 X218.241 Y198.64
G1 F7500 X216.505 Y196.904 E3322.2987
G0 F15000 X217.099 Y196.904
G1 F7500 X218.835 Y198.64 E3322.34157
G0 F15000 X219.429 Y198.64
G1 F7500 X217.693 Y196.904 E3322.38444
G0 F15000 X218.287 Y196.904
G1 F7500 X220.023 Y198.64 E3322.42731
G0 F15000 X220.617 Y198.64
G1 F7500 X218.881 Y196.904 E3322.47018
G0 F15000 X219.475 Y196.904
G1 F7500 X221.211 Y198.64 E3322.51305
G0 F15000 X221.805 Y198.64
G1 F7500 X220.069 Y196.904 E3322.55592
G0 F15000 X220.663 Y196.904
G1 F7500 X222.399 Y198.64 E3322.59879
G0 F15000 X222.992 Y198.64
G1 F7500 X221.257 Y196.904 E3322.64165
G0 F15000 X221.851 Y196.904
G1 F7500 X223.586 Y198.64 E3322.6845
G0 F15000 X224.18 Y198.64
G1 F7500 X222.444 Y196.904 E3322.72737
G0 F15000 X223.038 Y196.904
G1 F7500 X224.774 Y198.64 E3322.77024
G0 F15000 X225.368 Y198.64
G1 F7500 X223.632 Y196.904 E3322.81311
G0 F15000 X224.226 Y196.904
G1 F7500 X225.962 Y198.64 E3322.85598
G0 F15000 X226.556 Y198.64
G1 F7500 X224.82 Y196.904 E3322.89885
G0 F15000 X225.414 Y196.904
G1 F7500 X227.15 Y198.64 E3322.94172
G0 F15000 X227.744 Y198.64
G1 F7500 X226.008 Y196.904 E3322.98459
G0 F15000 X226.602 Y196.904
G1 F7500 X228.338 Y198.64 E3323.02746
G0 F15000 X228.76 Y198.468
G1 F7500 X227.196 Y196.904 E3323.06608
G0 F15000 X227.79 Y196.904
G1 F7500 X228.76 Y197.874 E3323.09004
G0 F15000 X228.76 Y197.28
G1 F7500 X228.384 Y196.904 E3323.09932
G0 F15000 X228.384 Y196.909
G1 F2400 E3317.09932
G0 F15000 X200.89 Y199.56
G0 X200.89 Y200.665
G0 X200.89 Y229.335
G0 X200.89 Y230.44
G0 X200.63 Y230.63
M204 S1250
;TYPE:WALL-INNER
G1 F2400 E3323.09932
G1 F11250 X200.63 Y233.698 E3323.15289
G1 X229.37 Y233.698 E3323.65474
G1 X229.37 Y230.63 E3323.70831
G1 X200.63 Y230.63 E3324.21016
M204 S2500
G0 F15000 X200.21 Y230.21
M204 S1250
;TYPE:WALL-OUTER
G1 F7500 X200.21 Y234.118 E3324.2784
G1 X229.79 Y234.118 E3324.79491
G1 X229.79 Y230.21 E3324.86315
G1 X200.21 Y230.21 E3325.37966
M204 S2500
G0 F15000 X200.21 Y230.41
G0 X200.89 Y230.89
G0 X201.026 Y231.15
;TYPE:SKIN
G1 F7500 X228.97 Y231.15 E3325.86761
G1 X228.97 Y233.298 E3325.90512
G1 X201.026 Y233.298 E3326.39306
G1 X201.026 Y231.15 E3326.43057
G0 F15000 X201.607 Y233.088
G1 F7500 X201.236 Y232.716 E3326.43974
G0 F15000 X201.236 Y232.122
G1 F7500 X202.201 Y233.088 E3326.46359
G0 F15000 X202.795 Y233.088
G1 F7500 X201.236 Y231.528 E3326.5021
G0 F15000 X201.662 Y231.36
G1 F7500 X203.389 Y233.088 E3326.54476
G0 F15000 X203.983 Y233.088
G1 F7500 X202.256 Y231.36 E3326.58742
G0 F15000 X202.85 Y231.36
G1 F7500 X204.577 Y233.088 E3326.63008
G0 F15000 X205.171 Y233.088
G1 F7500 X203.444 Y231.36 E3326.67274
G0 F15000 X204.038 Y231.36
G1 F7500 X205.765 Y233.088 E3326.7154
G0 F15000 X206.359 Y233.088
G1 F7500 X204.632 Y231.36 E3326.75805
G0 F15000 X205.226 Y231.36
G1 F7500 X206.953 Y233.088 E3326.80071
G0 F15000 X207.547 Y233.088
G1 F7500 X205.82 Y231.36 E3326.84337
G0 F15000 X206.414 Y231.36
G1 F7500 X208.141 Y233.088 E3326.88603
G0 F15000 X208.735 Y233.088
G1 F7500 X207.008 Y231.36 E3326.92869
G0 F15000 X207.602 Y231.36
G1 F7500 X209.329 Y233.088 E3326.97135
G0 F15000 X209.923 Y233.088
G1 F7500 X208.196 Y231.36 E3327.01401
G0 F15000 X208.79 Y231.36
G1 F7500 X210.517 Y233.088 E3327.05667
G0 F15000 X211.111 Y233.088
G1 F7500 X209.384 Y231.36 E3327.09933
G0 F15000 X209.977 Y231.36
G1 F7500 X211.705 Y233.088 E3327.142
G0 F15000 X212.299 Y233.088
G1 F7500 X210.571 Y231.36 E3327.18467
G0 F15000 X211.165 Y231.36
G1 F7500 X212.893 Y233.088 E3327.22735
G0 F15000 X213.487 Y233.088
G1 F7500 X211.759 Y231.36 E3327.27002
G0 F15000 X212.353 Y231.36
G1 F7500 X214.081 Y233.088 E3327.31269
G0 F15000 X214.675 Y233.088
G1 F7500 X212.947 Y231.36 E3327.35536
G0 F15000 X213.541 Y231.36
G1 F7500 X215.269 Y233.088 E3327.39803
G0 F15000 X215.863 Y233.088
G1 F7500 X214.135 Y231.36 E3327.44071
G0 F15000 X214.729 Y231.36
G1 F7500 X216.457 Y233.088 E3327.48338
G0 F15000 X217.051 Y233.088
G1 F7500 X215.323 Y231.36 E3327.52605
G0 F15000 X215.917 Y231.36
G1 F7500 X217.645 Y233.088 E3327.56872
G0 F15000 X218.239 Y233.088
G1 F7500 X216.511 Y231.36 E3327.61139
G0 F15000 X217.105 Y231.36
G1 F7500 X218.833 Y233.088 E3327.65407
G0 F15000 X219.427 Y233.088
G1 F7500 X217.699 Y231.36 E3327.69674
G0 F15000 X218.293 Y231.36
G1 F7500 X220.021 Y233.088 E3327.73941
G0 F15000 X220.614 Y233.088
G1 F7500 X218.887 Y231.36 E3327.78207
G0 F15000 X219.481 Y231.36
G1 F7500 X221.208 Y233.088 E3327.82473
G0 F15000 X221.802 Y233.088
G1 F7500 X220.075 Y231.36 E3327.86739
G0 F15000 X220.669 Y231.36
G1 F7500 X222.396 Y233.088 E3327.91005
G0 F15000 X222.99 Y233.088
G1 F7500 X221.263 Y231.36 E3327.95271
G0 F15000 X221.857 Y231.36
G1 F7500 X223.584 Y233.088 E3327.99537
G0 F15000 X224.178 Y233.088
G1 F7500 X222.451 Y231.36 E3328.03803
G0 F15000 X223.045 Y231.36
G1 F7500 X224.772 Y233.088 E3328.08069
G0 F15000 X225.366 Y233.088
G1 F7500 X223.639 Y231.36 E3328.12335
G0 F15000 X224.233 Y231.36
G1 F7500 X225.96 Y233.088 E3328.16601
G0 F15000 X226.554 Y233.088
G1 F7500 X224.827 Y231.36 E3328.20866
G0 F15000 X225.421 Y231.36
G1 F7500 X227.148 Y233.088 E3328.25132
G0 F15000 X227.742 Y233.088
G1 F7500 X226.015 Y231.36 E3328.29398
G0 F15000 X226.609 Y231.36
G1 F7500 X228.336 Y233.088 E3328.33664
G0 F15000 X228.76 Y232.918
G1 F7500 X227.203 Y231.36 E3328.37511
G0 F15000 X227.797 Y231.36
G1 F7500 X228.76 Y232.324 E3328.3989
G0 F15000 X228.76 Y231.73
G1 F7500 X228.391 Y231.36 E3328.40802
G1 F2400 E3322.40802
;MESH:NONMESH
G0 F600 X228.391 Y231.36 Z24.2
G0 F15000 X200.92 Y230.44
G0 X200.92 Y229.335
G0 X200.92 Y200.665
G0 X200.92 Y199.56
G0 X200.63 Y199.37
;TIME_ELAPSED:2903.119139
;LAYER:239
M204 S1250
;TYPE:WALL-INNER
;MESH:table_soft_spacer_30x30-Body.stl
G1 F2400 E3328.40802
G1 F11250 X229.37 Y199.37 E3328.90987
G1 X229.37 Y196.522 E3328.9596
G1 X200.63 Y196.522 E3329.46144
G1 X200.63 Y199.37 E3329.51117
M204 S2500
G0 F15000 X200.21 Y199.79
M204 S1250
;TYPE:WALL-OUTER
G1 F7500 X229.79 Y199.79 E3330.02769
G1 X229.79 Y196.102 E3330.09209
G1 X200.21 Y196.102 E3330.6086
G1 X200.21 Y199.79 E3330.673
M204 S2500
G0 F15000 X200.41 Y199.79
G0 X200.89 Y199.11
G0 X201.026 Y198.97
;TYPE:SKIN
G1 F7500 X201.026 Y196.918 E3330.70883
G1 X228.97 Y196.918 E3331.19678
G1 X228.97 Y198.97 E3331.23261
G1 X201.026 Y198.97 E3331.72055
G0 F15000 X201.236 Y197.317
G1 F7500 X201.426 Y197.128 E3331.72523
G0 F15000 X202.02 Y197.128
G1 F7500 X201.236 Y197.911 E3331.74458
G0 F15000 X201.236 Y198.505
G1 F7500 X202.614 Y197.128 E3331.7786
G0 F15000 X203.208 Y197.128
G1 F7500 X201.576 Y198.76 E3331.8189
G0 F15000 X202.17 Y198.76
G1 F7500 X203.802 Y197.128 E3331.8592
G0 F15000 X204.396 Y197.128
G1 F7500 X202.764 Y198.76 E3331.8995
G0 F15000 X203.358 Y198.76
G1 F7500 X204.99 Y197.128 E3331.9398
G0 F15000 X205.584 Y197.128
G1 F7500 X203.952 Y198.76 E3331.9801
G0 F15000 X204.545 Y198.76
G1 F7500 X206.177 Y197.128 E3332.0204
G0 F15000 X206.771 Y197.128
G1 F7500 X205.139 Y198.76 E3332.06071
G0 F15000 X205.733 Y198.76
G1 F7500 X207.365 Y197.128 E3332.10101
G0 F15000 X207.959 Y197.128
G1 F7500 X206.327 Y198.76 E3332.14131
G0 F15000 X206.921 Y198.76
G1 F7500 X208.553 Y197.128 E3332.18161
G0 F15000 X209.147 Y197.128
G1 F7500 X207.515 Y198.76 E3332.22191
G0 F15000 X208.109 Y198.76
G1 F7500 X209.741 Y197.128 E3332.26221
G0 F15000 X210.335 Y197.128
G1 F7500 X208.703 Y198.76 E3332.30251
G0 F15000 X209.297 Y198.76
G1 F7500 X210.929 Y197.128 E3332.34281
G0 F15000 X211.523 Y197.128
G1 F7500 X209.891 Y198.76 E3332.38312
G0 F15000 X210.485 Y198.76
G1 F7500 X212.117 Y197.128 E3332.42342
G0 F15000 X212.711 Y197.128
G1 F7500 X211.079 Y198.76 E3332.46372
G0 F15000 X211.673 Y198.76
G1 F7500 X213.305 Y197.128 E3332.50402
G0 F15000 X213.899 Y197.128
G1 F7500 X212.267 Y198.76 E3332.54432
G0 F15000 X212.861 Y198.76
G1 F7500 X214.493 Y197.128 E3332.58462
G0 F15000 X215.087 Y197.128
G1 F7500 X213.455 Y198.76 E3332.62492
G0 F15000 X214.049 Y198.76
G1 F7500 X215.681 Y197.128 E3332.66522
G0 F15000 X216.275 Y197.128
G1 F7500 X214.643 Y198.76 E3332.70553
G0 F15000 X215.237 Y198.76
G1 F7500 X216.869 Y197.128 E3332.74583
G0 F15000 X217.463 Y197.128
G1 F7500 X215.831 Y198.76 E3332.78613
G0 F15000 X216.425 Y198.76
G1 F7500 X218.057 Y197.128 E3332.82643
G0 F15000 X218.651 Y197.128
G1 F7500 X217.019 Y198.76 E3332.86673
G0 F15000 X217.613 Y198.76
G1 F7500 X219.245 Y197.128 E3332.90703
G0 F15000 X219.839 Y197.128
G1 F7500 X218.207 Y198.76 E3332.94733
G0 F15000 X218.801 Y198.76
G1 F7500 X220.433 Y197.128 E3332.98763
G0 F15000 X221.027 Y197.128
G1 F7500 X219.395 Y198.76 E3333.02794
G0 F15000 X219.989 Y198.76
G1 F7500 X221.621 Y197.128 E3333.06824
G0 F15000 X222.215 Y197.128
G1 F7500 X220.583 Y198.76 E3333.10854
G0 F15000 X221.177 Y198.76
G1 F7500 X222.809 Y197.128 E3333.14884
G0 F15000 X223.403 Y197.128
G1 F7500 X221.771 Y198.76 E3333.18914
G0 F15000 X222.365 Y198.76
G1 F7500 X223.997 Y197.128 E3333.22944
G0 F15000 X224.591 Y197.128
G1 F7500 X222.959 Y198.76 E3333.26974
G0 F15000 X223.553 Y198.76
G1 F7500 X225.185 Y197.128 E3333.31004
G0 F15000 X225.778 Y197.128
G1 F7500 X224.146 Y198.76 E3333.35035
G0 F15000 X224.74 Y198.76
G1 F7500 X226.372 Y197.128 E3333.39065
G0 F15000 X226.966 Y197.128
G1 F7500 X225.334 Y198.76 E3333.43095
G0 F15000 X225.928 Y198.76
G1 F7500 X227.56 Y197.128 E3333.47125
G0 F15000 X228.154 Y197.128
G1 F7500 X226.522 Y198.76 E3333.51155
G0 F15000 X227.116 Y198.76
G1 F7500 X228.748 Y197.128 E3333.55185
G0 F15000 X228.76 Y197.711
G1 F7500 X227.71 Y198.76 E3333.57777
G0 F15000 X228.304 Y198.76
G1 F7500 X228.76 Y198.305 E3333.58902
G1 F2400 E3327.58902
G0 F15000 X200.89 Y199.56
G0 X200.89 Y200.665
G0 X200.89 Y229.335
G0 X200.89 Y230.44
G0 X200.63 Y230.63
M204 S1250
;TYPE:WALL-INNER
G1 F2400 E3333.58902
G1 F11250 X200.63 Y233.474 E3333.63868
G1 X229.37 Y233.474 E3334.14052
G1 X229.37 Y230.63 E3334.19018
G1 X200.63 Y230.63 E3334.69203
M204 S2500
G0 F15000 X200.21 Y230.21
M204 S1250
;TYPE:WALL-OUTER
G1 F7500 X200.21 Y233.894 E3334.75636
G1 X229.79 Y233.894 E3335.27287
G1 X229.79 Y230.21 E3335.3372
G1 X200.21 Y230.21 E3335.85371
M204 S2500
G0 F15000 X200.21 Y230.41
G0 X200.89 Y230.89
G0 X201.026 Y231.026
;TYPE:SKIN
G1 F7500 X228.97 Y231.026 E3336.34166
G1 X228.97 Y233.074 E3336.37742
G1 X201.026 Y233.074 E3336.86537
G1 X201.026 Y231.026 E3336.90113
G0 F15000 X201.236 Y231.768
G1 F7500 X201.768 Y231.236 E3336.91426
G0 F15000 X202.362 Y231.236
G1 F7500 X201.236 Y232.362 E3336.94207
G0 F15000 X201.328 Y232.864
G1 F7500 X202.956 Y231.236 E3336.98227
G0 F15000 X203.55 Y231.236
G1 F7500 X201.922 Y232.864 E3337.02248
G0 F15000 X202.516 Y232.864
G1 F7500 X204.144 Y231.236 E3337.06268
G0 F15000 X204.738 Y231.236
G1 F7500 X203.11 Y232.864 E3337.10288
G0 F15000 X203.704 Y232.864
G1 F7500 X205.332 Y231.236 E3337.14308
G0 F15000 X205.926 Y231.236
G1 F7500 X204.298 Y232.864 E3337.18329
G0 F15000 X204.892 Y232.864
G1 F7500 X206.52 Y231.236 E3337.22349
G0 F15000 X207.114 Y231.236
G1 F7500 X205.486 Y232.864 E3337.26369
G0 F15000 X206.08 Y232.864
G1 F7500 X207.708 Y231.236 E3337.30389
G0 F15000 X208.302 Y231.236
G1 F7500 X206.674 Y232.864 E3337.3441
G0 F15000 X207.268 Y232.864
G1 F7500 X208.896 Y231.236 E3337.3843
G0 F15000 X209.49 Y231.236
G1 F7500 X207.862 Y232.864 E3337.4245
G0 F15000 X208.456 Y232.864
G1 F7500 X210.084 Y231.236 E3337.4647
G0 F15000 X210.678 Y231.236
G1 F7500 X209.05 Y232.864 E3337.50491
G0 F15000 X209.644 Y232.864
G1 F7500 X211.271 Y231.236 E3337.5451
G0 F15000 X211.865 Y231.236
G1 F7500 X210.238 Y232.864 E3337.58529
G0 F15000 X210.832 Y232.864
G1 F7500 X212.459 Y231.236 E3337.62548
G0 F15000 X213.053 Y231.236
G1 F7500 X211.426 Y232.864 E3337.66567
G0 F15000 X212.02 Y232.864
G1 F7500 X213.647 Y231.236 E3337.70586
G0 F15000 X214.241 Y231.236
G1 F7500 X212.614 Y232.864 E3337.74605
G0 F15000 X213.208 Y232.864
G1 F7500 X214.835 Y231.236 E3337.78624
G0 F15000 X215.429 Y231.236
G1 F7500 X213.802 Y232.864 E3337.82643
G0 F15000 X214.395 Y232.864
G1 F7500 X216.023 Y231.236 E3337.86663
G0 F15000 X216.617 Y231.236
G1 F7500 X214.989 Y232.864 E3337.90683
G0 F15000 X215.583 Y232.864
G1 F7500 X217.211 Y231.236 E3337.94703
G0 F15000 X217.805 Y231.236
G1 F7500 X216.177 Y232.864 E3337.98724
G0 F15000 X216.771 Y232.864
G1 F7500 X218.399 Y231.236 E3338.02744
G0 F15000 X218.993 Y231.236
G1 F7500 X217.365 Y232.864 E3338.06764
G0 F15000 X217.959 Y232.864
G1 F7500 X219.587 Y231.236 E3338.10784
G0 F15000 X220.181 Y231.236
G1 F7500 X218.553 Y232.864 E3338.14805
G0 F15000 X219.147 Y232.864
G1 F7500 X220.775 Y231.236 E3338.18825
G0 F15000 X221.369 Y231.236
G1 F7500 X219.741 Y232.864 E3338.22845
G0 F15000 X220.335 Y232.864
G1 F7500 X221.963 Y231.236 E3338.26865
G0 F15000 X222.557 Y231.236
G1 F7500 X220.929 Y232.864 E3338.30886
G0 F15000 X221.523 Y232.864
G1 F7500 X223.151 Y231.236 E3338.34906
G0 F15000 X223.745 Y231.236
G1 F7500 X222.117 Y232.864 E3338.38926
G0 F15000 X222.711 Y232.864
G1 F7500 X224.339 Y231.236 E3338.42946
G0 F15000 X224.933 Y231.236
G1 F7500 X223.305 Y232.864 E3338.46967
G0 F15000 X223.899 Y232.864
G1 F7500 X225.527 Y231.236 E3338.50987
G0 F15000 X226.121 Y231.236
G1 F7500 X224.493 Y232.864 E3338.55007
G0 F15000 X225.087 Y232.864
G1 F7500 X226.715 Y231.236 E3338.59027
G0 F15000 X227.309 Y231.236
G1 F7500 X225.681 Y232.864 E3338.63048
G0 F15000 X226.275 Y232.864
G1 F7500 X227.903 Y231.236 E3338.67068
G0 F15000 X228.497 Y231.236
G1 F7500 X226.869 Y232.864 E3338.71088
G0 F15000 X227.463 Y232.864
G1 F7500 X228.76 Y231.567 E3338.74291
G0 F15000 X228.76 Y232.161
G1 F7500 X228.057 Y232.864 E3338.76027
G0 F15000 X228.651 Y232.864
G1 F7500 X228.76 Y232.755 E3338.76296
G1 F2400 E3332.76296
;MESH:NONMESH
G0 F600 X228.76 Y232.755 Z24.3
G0 F15000 X200.92 Y230.44
G0 X200.92 Y229.335
G0 X200.92 Y200.665
G0 X200.92 Y199.56
G0 X200.63 Y199.37
;TIME_ELAPSED:2917.274191
;LAYER:240
;note -- min layer time used
M204 S1250
;TYPE:WALL-INNER
;MESH:table_soft_spacer_30x30-Body.stl
G1 F2400 E3338.76296
G1 F10706.4 X229.37 Y199.37 E3339.26481
G1 X229.37 Y196.75 E3339.31056
G1 X200.63 Y196.75 E3339.8124
G1 X200.63 Y199.37 E3339.85815
M204 S2500
G0 F15000 X200.21 Y199.79
M204 S1250
;TYPE:WALL-OUTER
G1 F7500 X229.79 Y199.79 E3340.37466
G1 X229.79 Y196.33 E3340.43508
G1 X200.21 Y196.33 E3340.95159
G1 X200.21 Y199.79 E3341.01201
M204 S2500
G0 F15000 X200.41 Y199.79
G0 X200.89 Y199.11
G0 X201.026 Y198.97
;TYPE:SKIN
G1 F7500 X201.026 Y197.146 E3341.04386
G1 X228.97 Y197.146 E3341.53181
G1 X228.97 Y198.97 E3341.56366
G1 X201.026 Y198.97 E3342.0516
G0 F15000 X201.73 Y198.76
G1 F7500 X201.236 Y198.266 E3342.0638
G0 F15000 X201.236 Y197.672
G1 F7500 X202.324 Y198.76 E3342.09067
G0 F15000 X202.918 Y198.76
G1 F7500 X201.514 Y197.356 E3342.12534
G0 F15000 X202.108 Y197.356
G1 F7500 X203.512 Y198.76 E3342.16001
G0 F15000 X204.106 Y198.76
G1 F7500 X202.702 Y197.356 E3342.19468
G0 F15000 X203.296 Y197.356
G1 F7500 X204.7 Y198.76 E3342.22935
G0 F15000 X205.294 Y198.76
G1 F7500 X203.89 Y197.356 E3342.26402
G0 F15000 X204.484 Y197.356
G1 F7500 X205.888 Y198.76 E3342.2987
G0 F15000 X206.482 Y198.76
G1 F7500 X205.078 Y197.356 E3342.33337
G0 F15000 X205.672 Y197.356
G1 F7500 X207.076 Y198.76 E3342.36804
G0 F15000 X207.669 Y198.76
G1 F7500 X206.266 Y197.356 E3342.4027
G0 F15000 X206.86 Y197.356
G1 F7500 X208.263 Y198.76 E3342.43735
G0 F15000 X208.857 Y198.76
G1 F7500 X207.454 Y197.356 E3342.47201
G0 F15000 X208.048 Y197.356
G1 F7500 X209.451 Y198.76 E3342.50667
G0 F15000 X210.045 Y198.76
G1 F7500 X208.642 Y197.356 E3342.54133
G0 F15000 X209.236 Y197.356
G1 F7500 X210.639 Y198.76 E3342.57599
G0 F15000 X211.233 Y198.76
G1 F7500 X209.83 Y197.356 E3342.61065
G0 F15000 X210.424 Y197.356
G1 F7500 X211.827 Y198.76 E3342.64531
G0 F15000 X212.421 Y198.76
G1 F7500 X211.018 Y197.356 E3342.67996
G0 F15000 X211.612 Y197.356
G1 F7500 X213.015 Y198.76 E3342.71462
G0 F15000 X213.609 Y198.76
G1 F7500 X212.206 Y197.356 E3342.74928
G0 F15000 X212.8 Y197.356
G1 F7500 X214.203 Y198.76 E3342.78394
G0 F15000 X214.797 Y198.76
G1 F7500 X213.394 Y197.356 E3342.8186
G0 F15000 X213.987 Y197.356
G1 F7500 X215.391 Y198.76 E3342.85327
G0 F15000 X215.985 Y198.76
G1 F7500 X214.581 Y197.356 E3342.88794
G0 F15000 X215.175 Y197.356
G1 F7500 X216.579 Y198.76 E3342.92261
G0 F15000 X217.173 Y198.76
G1 F7500 X215.769 Y197.356 E3342.95728
G0 F15000 X216.363 Y197.356
G1 F7500 X217.767 Y198.76 E3342.99195
G0 F15000 X218.361 Y198.76
G1 F7500 X216.957 Y197.356 E3343.02662
G0 F15000 X217.551 Y197.356
G1 F7500 X218.955 Y198.76 E3343.0613
G0 F15000 X219.549 Y198.76
G1 F7500 X218.145 Y197.356 E3343.09597
G0 F15000 X218.739 Y197.356
G1 F7500 X220.143 Y198.76 E3343.13064
G0 F15000 X220.737 Y198.76
G1 F7500 X219.333 Y197.356 E3343.16531
G0 F15000 X219.927 Y197.356
G1 F7500 X221.331 Y198.76 E3343.19998
G0 F15000 X221.925 Y198.76
G1 F7500 X220.521 Y197.356 E3343.23465
G0 F15000 X221.115 Y197.356
G1 F7500 X222.519 Y198.76 E3343.26932
G0 F15000 X223.113 Y198.76
G1 F7500 X221.709 Y197.356 E3343.30399
G0 F15000 X222.303 Y197.356
G1 F7500 X223.707 Y198.76 E3343.33866
G0 F15000 X224.301 Y198.76
G1 F7500 X222.897 Y197.356 E3343.37333
G0 F15000 X223.491 Y197.356
G1 F7500 X224.895 Y198.76 E3343.408
G0 F15000 X225.489 Y198.76
G1 F7500 X224.085 Y197.356 E3343.44268
G0 F15000 X224.679 Y197.356
G1 F7500 X226.083 Y198.76 E3343.47735
G0 F15000 X226.677 Y198.76
G1 F7500 X225.273 Y197.356 E3343.51202
G0 F15000 X225.867 Y197.356
G1 F7500 X227.27 Y198.76 E3343.54668
G0 F15000 X227.864 Y198.76
G1 F7500 X226.461 Y197.356 E3343.58133
G0 F15000 X227.055 Y197.356
G1 F7500 X228.458 Y198.76 E3343.61599
G0 F15000 X228.76 Y198.468
G1 F7500 X227.649 Y197.356 E3343.64344
G0 F15000 X228.243 Y197.356
G1 F7500 X228.76 Y197.874 E3343.65622
G1 F2400 E3337.65622
G0 F15000 X200.89 Y199.56
G0 X200.89 Y200.665
G0 X200.89 Y229.335
G0 X200.89 Y230.44
G0 X200.63 Y230.63
M204 S1250
;TYPE:WALL-INNER
G1 F2400 E3343.65622
G1 F10706.4 X200.63 Y233.246 E3343.7019
G1 X229.37 Y233.246 E3344.20375
G1 X229.37 Y230.63 E3344.24942
G1 X200.63 Y230.63 E3344.75127
M204 S2500
G0 F15000 X200.21 Y230.21
M204 S1250
;TYPE:WALL-OUTER
G1 F7500 X200.21 Y233.666 E3344.81162
G1 X229.79 Y233.666 E3345.32813
G1 X229.79 Y230.21 E3345.38848
G1 X200.21 Y230.21 E3345.90499
M204 S2500
G0 F15000 X200.21 Y230.41
G0 X200.89 Y230.89
G0 X201.026 Y231.026
;TYPE:SKIN
G1 F7500 X228.97 Y231.026 E3346.39294
G1 X228.97 Y232.846 E3346.42472
G1 X201.026 Y232.846 E3346.91266
G1 X201.026 Y231.026 E3346.94444
G0 F15000 X201.75 Y232.636
G1 F7500 X201.236 Y232.123 E3346.95712
G0 F15000 X201.236 Y231.529
G1 F7500 X202.344 Y232.636 E3346.98447
G0 F15000 X202.938 Y232.636
G1 F7500 X201.537 Y231.236 E3347.01906
G0 F15000 X202.131 Y231.236
G1 F7500 X203.531 Y232.636 E3347.05363
G0 F15000 X204.125 Y232.636
G1 F7500 X202.725 Y231.236 E3347.0882
G0 F15000 X203.319 Y231.236
G1 F7500 X204.719 Y232.636 E3347.12277
G0 F15000 X205.313 Y232.636
G1 F7500 X203.913 Y231.236 E3347.15735
G0 F15000 X204.507 Y231.236
G1 F7500 X205.907 Y232.636 E3347.19192
G0 F15000 X206.501 Y232.636
G1 F7500 X205.101 Y231.236 E3347.22649
G0 F15000 X205.695 Y231.236
G1 F7500 X207.095 Y232.636 E3347.26106
G0 F15000 X207.689 Y232.636
G1 F7500 X206.289 Y231.236 E3347.29563
G0 F15000 X206.883 Y231.236
G1 F7500 X208.283 Y232.636 E3347.33021
G0 F15000 X208.877 Y232.636
G1 F7500 X207.477 Y231.236 E3347.36478
G0 F15000 X208.071 Y231.236
G1 F7500 X209.471 Y232.636 E3347.39935
G0 F15000 X210.065 Y232.636
G1 F7500 X208.665 Y231.236 E3347.43392
G0 F15000 X209.259 Y231.236
G1 F7500 X210.659 Y232.636 E3347.4685
G0 F15000 X211.253 Y232.636
G1 F7500 X209.853 Y231.236 E3347.50307
G0 F15000 X210.447 Y231.236
G1 F7500 X211.847 Y232.636 E3347.53764
G0 F15000 X212.441 Y232.636
G1 F7500 X211.041 Y231.236 E3347.57221
G0 F15000 X211.635 Y231.236
G1 F7500 X213.035 Y232.636 E3347.60678
G0 F15000 X213.629 Y232.636
G1 F7500 X212.229 Y231.236 E3347.64136
G0 F15000 X212.823 Y231.236
G1 F7500 X214.223 Y232.636 E3347.67593
G0 F15000 X214.817 Y232.636
G1 F7500 X213.417 Y231.236 E3347.7105
G0 F15000 X214.011 Y231.236
G1 F7500 X215.411 Y232.636 E3347.74507
G0 F15000 X216.005 Y232.636
G1 F7500 X214.605 Y231.236 E3347.77964
G0 F15000 X215.199 Y231.236
G1 F7500 X216.599 Y232.636 E3347.81422
G0 F15000 X217.193 Y232.636
G1 F7500 X215.793 Y231.236 E3347.84879
G0 F15000 X216.387 Y231.236
G1 F7500 X217.787 Y232.636 E3347.88336
G0 F15000 X218.381 Y232.636
G1 F7500 X216.981 Y231.236 E3347.91793
G0 F15000 X217.575 Y231.236
G1 F7500 X218.975 Y232.636 E3347.95251
G0 F15000 X219.569 Y232.636
G1 F7500 X218.169 Y231.236 E3347.98708
G0 F15000 X218.763 Y231.236
G1 F7500 X220.163 Y232.636 E3348.02165
G0 F15000 X220.757 Y232.636
G1 F7500 X219.357 Y231.236 E3348.05622
G0 F15000 X219.951 Y231.236
G1 F7500 X221.351 Y232.636 E3348.09079
G0 F15000 X221.945 Y232.636
G1 F7500 X220.544 Y231.236 E3348.12538
G0 F15000 X221.138 Y231.236
G1 F7500 X222.539 Y232.636 E3348.15996
G0 F15000 X223.132 Y232.636
G1 F7500 X221.732 Y231.236 E3348.19454
G0 F15000 X222.326 Y231.236
G1 F7500 X223.726 Y232.636 E3348.22911
G0 F15000 X224.32 Y232.636
G1 F7500 X222.92 Y231.236 E3348.26368
G0 F15000 X223.514 Y231.236
G1 F7500 X224.914 Y232.636 E3348.29825
G0 F15000 X225.508 Y232.636
G1 F7500 X224.108 Y231.236 E3348.33282
G0 F15000 X224.702 Y231.236
G1 F7500 X226.102 Y232.636 E3348.3674
G0 F15000 X226.696 Y232.636
G1 F7500 X225.296 Y231.236 E3348.40197
G0 F15000 X225.89 Y231.236
G1 F7500 X227.29 Y232.636 E3348.43654
G0 F15000 X227.884 Y232.636
G1 F7500 X226.484 Y231.236 E3348.47111
G0 F15000 X227.078 Y231.236
G1 F7500 X228.478 Y232.636 E3348.50568
G0 F15000 X228.76 Y232.323
G1 F7500 X227.672 Y231.236 E3348.53254
G0 F15000 X228.266 Y231.236
G1 F7500 X228.76 Y231.729 E3348.54473
G1 F2400 E3342.54473
;MESH:NONMESH
G0 F600 X228.76 Y231.729 Z24.4
G0 F15000 X200.92 Y230.44
G0 X200.92 Y229.335
G0 X200.92 Y200.665
G0 X200.92 Y199.56
G0 X200.63 Y199.37
;TIME_ELAPSED:2930.897457
;LAYER:241
;note -- min layer time used
M204 S1250
;TYPE:WALL-INNER
;MESH:table_soft_spacer_30x30-Body.stl
G1 F2400 E3348.54473
G1 F7476 X229.37 Y199.37 E3349.04657
G1 X229.37 Y197.01 E3349.08778
G1 X200.63 Y197.01 E3349.58963
G1 X200.63 Y199.37 E3349.63084
M204 S2500
G0 F15000 X200.21 Y199.79
M204 S1250
;TYPE:WALL-OUTER
G1 F7476 X229.79 Y199.79 E3350.14735
G1 X229.79 Y196.59 E3350.20323
G1 X200.21 Y196.59 E3350.71974
G1 X200.21 Y199.79 E3350.77562
M204 S2500
G0 F15000 X200.41 Y199.79
G0 X200.89 Y199.11
G0 X201.026 Y198.97
;TYPE:SKIN
G1 F7476 X201.026 Y197.406 E3350.80293
G1 X228.97 Y197.406 E3351.29087
G1 X228.97 Y198.97 E3351.31818
G1 X201.026 Y198.97 E3351.80613
G0 F15000 X201.236 Y197.911
G1 F7476 X201.532 Y197.616 E3351.81343
G0 F15000 X202.126 Y197.616
G1 F7476 X201.236 Y198.505 E3351.83539
G0 F15000 X201.576 Y198.76
G1 F7476 X202.72 Y197.616 E3351.86364
G0 F15000 X203.314 Y197.616
G1 F7476 X202.17 Y198.76 E3351.89189
G0 F15000 X202.764 Y198.76
G1 F7476 X203.908 Y197.616 E3351.92014
G0 F15000 X204.502 Y197.616
G1 F7476 X203.358 Y198.76 E3351.94839
G0 F15000 X203.952 Y198.76
G1 F7476 X205.096 Y197.616 E3351.97664
G0 F15000 X205.69 Y197.616
G1 F7476 X204.545 Y198.76 E3352.00491
G0 F15000 X205.139 Y198.76
G1 F7476 X206.284 Y197.616 E3352.03317
G0 F15000 X206.878 Y197.616
G1 F7476 X205.733 Y198.76 E3352.06143
G0 F15000 X206.327 Y198.76
G1 F7476 X207.471 Y197.616 E3352.08968
G0 F15000 X208.065 Y197.616
G1 F7476 X206.921 Y198.76 E3352.11793
G0 F15000 X207.515 Y198.76
G1 F7476 X208.659 Y197.616 E3352.14618
G0 F15000 X209.253 Y197.616
G1 F7476 X208.109 Y198.76 E3352.17443
G0 F15000 X208.703 Y198.76
G1 F7476 X209.847 Y197.616 E3352.20268
G0 F15000 X210.441 Y197.616
G1 F7476 X209.297 Y198.76 E3352.23093
G0 F15000 X209.891 Y198.76
G1 F7476 X211.035 Y197.616 E3352.25918
G0 F15000 X211.629 Y197.616
G1 F7476 X210.485 Y198.76 E3352.28743
G0 F15000 X211.079 Y198.76
G1 F7476 X212.223 Y197.616 E3352.31569
G0 F15000 X212.817 Y197.616
G1 F7476 X211.673 Y198.76 E3352.34394
G0 F15000 X212.267 Y198.76
G1 F7476 X213.411 Y197.616 E3352.37219
G0 F15000 X214.005 Y197.616
G1 F7476 X212.861 Y198.76 E3352.40044
G0 F15000 X213.455 Y198.76
G1 F7476 X214.599 Y197.616 E3352.42869
G0 F15000 X215.193 Y197.616
G1 F7476 X214.049 Y198.76 E3352.45694
G0 F15000 X214.643 Y198.76
G1 F7476 X215.787 Y197.616 E3352.48519
G0 F15000 X216.381 Y197.616
G1 F7476 X215.237 Y198.76 E3352.51344
G0 F15000 X215.831 Y198.76
G1 F7476 X216.975 Y197.616 E3352.54169
G0 F15000 X217.569 Y197.616
G1 F7476 X216.425 Y198.76 E3352.56994
G0 F15000 X217.019 Y198.76
G1 F7476 X218.163 Y197.616 E3352.59819
G0 F15000 X218.757 Y197.616
G1 F7476 X217.613 Y198.76 E3352.62644
G0 F15000 X218.207 Y198.76
G1 F7476 X219.351 Y197.616 E3352.65469
G0 F15000 X219.945 Y197.616
G1 F7476 X218.801 Y198.76 E3352.68294
G0 F15000 X219.395 Y198.76
G1 F7476 X220.539 Y197.616 E3352.71119
G0 F15000 X221.133 Y197.616
G1 F7476 X219.989 Y198.76 E3352.73944
G0 F15000 X220.583 Y198.76
G1 F7476 X221.727 Y197.616 E3352.76769
G0 F15000 X222.321 Y197.616
G1 F7476 X221.177 Y198.76 E3352.79594
G0 F15000 X221.771 Y198.76
G1 F7476 X222.915 Y197.616 E3352.82419
G0 F15000 X223.509 Y197.616
G1 F7476 X222.365 Y198.76 E3352.85244
G0 F15000 X222.959 Y198.76
G1 F7476 X224.103 Y197.616 E3352.88069
G0 F15000 X224.697 Y197.616
G1 F7476 X223.553 Y198.76 E3352.90894
G0 F15000 X224.146 Y198.76
G1 F7476 X225.291 Y197.616 E3352.93721
G0 F15000 X225.885 Y197.616
G1 F7476 X224.74 Y198.76 E3352.96547
G0 F15000 X225.334 Y198.76
G1 F7476 X226.479 Y197.616 E3352.99373
G0 F15000 X227.072 Y197.616
G1 F7476 X225.928 Y198.76 E3353.02198
G0 F15000 X226.522 Y198.76
G1 F7476 X227.666 Y197.616 E3353.05023
G0 F15000 X228.26 Y197.616
G1 F7476 X227.116 Y198.76 E3353.07848
G0 F15000 X227.71 Y198.76
G1 F7476 X228.76 Y197.711 E3353.1044
G0 F15000 X228.76 Y198.305
G1 F7476 X228.304 Y198.76 E3353.11565
G1 F2400 E3347.11565
G0 F15000 X200.89 Y199.56
G0 X200.89 Y200.665
G0 X200.89 Y229.335
G0 X200.89 Y230.44
G0 X200.63 Y230.63
M204 S1250
;TYPE:WALL-INNER
G1 F2400 E3353.11565
G1 F7476 X200.63 Y232.986 E3353.15679
G1 X229.37 Y232.986 E3353.65863
G1 X229.37 Y230.63 E3353.69977
G1 X200.63 Y230.63 E3354.20162
M204 S2500
G0 F15000 X200.21 Y230.21
M204 S1250
;TYPE:WALL-OUTER
G1 F7476 X200.21 Y233.406 E3354.25742
G1 X229.79 Y233.406 E3354.77394
G1 X229.79 Y230.21 E3354.82975
G1 X200.21 Y230.21 E3355.34626
M204 S2500
G0 F15000 X200.21 Y230.41
G0 X200.89 Y230.89
G0 X201.026 Y231.026
;TYPE:SKIN
G1 F7476 X228.97 Y231.026 E3355.8342
G1 X228.97 Y232.586 E3355.86144
G1 X201.026 Y232.586 E3356.34939
G1 X201.026 Y231.026 E3356.37663
G0 F15000 X201.236 Y231.768
G1 F7476 X201.768 Y231.236 E3356.38977
G0 F15000 X202.362 Y231.236
G1 F7476 X201.236 Y232.362 E3356.41757
G0 F15000 X201.816 Y232.376
G1 F7476 X202.956 Y231.236 E3356.44573
G0 F15000 X203.55 Y231.236
G1 F7476 X202.41 Y232.376 E3356.47388
G0 F15000 X203.004 Y232.376
G1 F7476 X204.144 Y231.236 E3356.50203
G0 F15000 X204.738 Y231.236
G1 F7476 X203.598 Y232.376 E3356.53018
G0 F15000 X204.192 Y232.376
G1 F7476 X205.332 Y231.236 E3356.55833
G0 F15000 X205.926 Y231.236
G1 F7476 X204.786 Y232.376 E3356.58648
G0 F15000 X205.38 Y232.376
G1 F7476 X206.52 Y231.236 E3356.61464
G0 F15000 X207.114 Y231.236
G1 F7476 X205.974 Y232.376 E3356.64279
G0 F15000 X206.568 Y232.376
G1 F7476 X207.708 Y231.236 E3356.67094
G0 F15000 X208.302 Y231.236
G1 F7476 X207.162 Y232.376 E3356.69909
G0 F15000 X207.756 Y232.376
G1 F7476 X208.896 Y231.236 E3356.72724
G0 F15000 X209.49 Y231.236
G1 F7476 X208.35 Y232.376 E3356.75539
G0 F15000 X208.944 Y232.376
G1 F7476 X210.084 Y231.236 E3356.78355
G0 F15000 X210.678 Y231.236
G1 F7476 X209.538 Y232.376 E3356.8117
G0 F15000 X210.132 Y232.376
G1 F7476 X211.271 Y231.236 E3356.83984
G0 F15000 X211.865 Y231.236
G1 F7476 X210.726 Y232.376 E3356.86798
G0 F15000 X211.32 Y232.376
G1 F7476 X212.459 Y231.236 E3356.89611
G0 F15000 X213.053 Y231.236
G1 F7476 X211.914 Y232.376 E3356.92425
G0 F15000 X212.508 Y232.376
G1 F7476 X213.647 Y231.236 E3356.95239
G0 F15000 X214.241 Y231.236
G1 F7476 X213.101 Y232.376 E3356.98054
G0 F15000 X213.695 Y232.376
G1 F7476 X214.835 Y231.236 E3357.0087
G0 F15000 X215.429 Y231.236
G1 F7476 X214.289 Y232.376 E3357.03685
G0 F15000 X214.883 Y232.376
G1 F7476 X216.023 Y231.236 E3357.065
G0 F15000 X216.617 Y231.236
G1 F7476 X215.477 Y232.376 E3357.09315
G0 F15000 X216.071 Y232.376
G1 F7476 X217.211 Y231.236 E3357.1213
G0 F15000 X217.805 Y231.236
G1 F7476 X216.665 Y232.376 E3357.14945
G0 F15000 X217.259 Y232.376
G1 F7476 X218.399 Y231.236 E3357.17761
G0 F15000 X218.993 Y231.236
G1 F7476 X217.853 Y232.376 E3357.20576
G0 F15000 X218.447 Y232.376
G1 F7476 X219.587 Y231.236 E3357.23391
G0 F15000 X220.181 Y231.236
G1 F7476 X219.041 Y232.376 E3357.26206
G0 F15000 X219.635 Y232.376
G1 F7476 X220.775 Y231.236 E3357.29021
G0 F15000 X221.369 Y231.236
G1 F7476 X220.229 Y232.376 E3357.31836
G0 F15000 X220.823 Y232.376
G1 F7476 X221.963 Y231.236 E3357.34652
G0 F15000 X222.557 Y231.236
G1 F7476 X221.417 Y232.376 E3357.37467
G0 F15000 X222.011 Y232.376
G1 F7476 X223.151 Y231.236 E3357.40282
G0 F15000 X223.745 Y231.236
G1 F7476 X222.605 Y232.376 E3357.43097
G0 F15000 X223.199 Y232.376
G1 F7476 X224.339 Y231.236 E3357.45912
G0 F15000 X224.933 Y231.236
G1 F7476 X223.793 Y232.376 E3357.48727
G0 F15000 X224.387 Y232.376
G1 F7476 X225.527 Y231.236 E3357.51543
G0 F15000 X226.121 Y231.236
G1 F7476 X224.981 Y232.376 E3357.54358
G0 F15000 X225.575 Y232.376
G1 F7476 X226.715 Y231.236 E3357.57173
G0 F15000 X227.309 Y231.236
G1 F7476 X226.169 Y232.376 E3357.59988
G0 F15000 X226.763 Y232.376
G1 F7476 X227.903 Y231.236 E3357.62803
G0 F15000 X228.497 Y231.236
G1 F7476 X227.357 Y232.376 E3357.65618
G0 F15000 X227.951 Y232.376
G1 F7476 X228.76 Y231.567 E3357.67616
G0 F15000 X228.76 Y232.161
G1 F7476 X228.545 Y232.376 E3357.68147
G1 F2400 E3351.68147
;MESH:NONMESH
G0 F600 X228.545 Y232.376 Z24.5
G0 F15000 X200.92 Y230.44
G0 X200.92 Y229.335
G0 X200.92 Y200.665
G0 X200.92 Y199.56
G0 X200.63 Y199.37
;TIME_ELAPSED:2944.056890
;LAYER:242
;note -- min layer time used
M204 S1250
;TYPE:WALL-INNER
;MESH:table_soft_spacer_30x30-Body.stl
G1 F2400 E3357.68147
G1 F6909.6 X229.37 Y199.37 E3358.18332
G1 X229.37 Y197.282 E3358.21978
G1 X200.63 Y197.282 E3358.72162
G1 X200.63 Y199.37 E3358.75808
M204 S2500
G0 F15000 X200.21 Y199.79
M204 S1250
;TYPE:WALL-OUTER
G1 F6909.6 X229.79 Y199.79 E3359.27459
G1 X229.79 Y196.862 E3359.32572
G1 X200.21 Y196.862 E3359.84223
G1 X200.21 Y199.79 E3359.89336
M204 S2500
G0 F15000 X200.41 Y199.79
G0 X200.89 Y199.11
G0 X201.026 Y198.97
;TYPE:SKIN
G1 F6909.6 X201.026 Y197.678 E3359.91592
G1 X228.97 Y197.678 E3360.40387
G1 X228.97 Y198.97 E3360.42643
G1 X201.026 Y198.97 E3360.91438
G0 F15000 X201.73 Y198.76
G1 F6909.6 X201.236 Y198.266 E3360.92657
G0 F15000 X201.452 Y197.888
G1 F6909.6 X202.324 Y198.76 E3360.94811
G0 F15000 X202.918 Y198.76
G1 F6909.6 X202.046 Y197.888 E3360.96964
G0 F15000 X202.64 Y197.888
G1 F6909.6 X203.512 Y198.76 E3360.99117
G0 F15000 X204.106 Y198.76
G1 F6909.6 X203.234 Y197.888 E3361.01271
G0 F15000 X203.828 Y197.888
G1 F6909.6 X204.7 Y198.76 E3361.03424
G0 F15000 X205.294 Y198.76
G1 F6909.6 X204.422 Y197.888 E3361.05578
G0 F15000 X205.016 Y197.888
G1 F6909.6 X205.888 Y198.76 E3361.07731
G0 F15000 X206.482 Y198.76
G1 F6909.6 X205.61 Y197.888 E3361.09884
G0 F15000 X206.204 Y197.888
G1 F6909.6 X207.076 Y198.76 E3361.12038
G0 F15000 X207.669 Y198.76
G1 F6909.6 X206.798 Y197.888 E3361.1419
G0 F15000 X207.392 Y197.888
G1 F6909.6 X208.263 Y198.76 E3361.16342
G0 F15000 X208.857 Y198.76
G1 F6909.6 X207.986 Y197.888 E3361.18494
G0 F15000 X208.58 Y197.888
G1 F6909.6 X209.451 Y198.76 E3361.20646
G0 F15000 X210.045 Y198.76
G1 F6909.6 X209.173 Y197.888 E3361.22799
G0 F15000 X209.767 Y197.888
G1 F6909.6 X210.639 Y198.76 E3361.24953
G0 F15000 X211.233 Y198.76
G1 F6909.6 X210.361 Y197.888 E3361.27106
G0 F15000 X210.955 Y197.888
G1 F6909.6 X211.827 Y198.76 E3361.29259
G0 F15000 X212.421 Y198.76
G1 F6909.6 X211.549 Y197.888 E3361.31413
G0 F15000 X212.143 Y197.888
G1 F6909.6 X213.015 Y198.76 E3361.33566
G0 F15000 X213.609 Y198.76
G1 F6909.6 X212.737 Y197.888 E3361.3572
G0 F15000 X213.331 Y197.888
G1 F6909.6 X214.203 Y198.76 E3361.37873
G0 F15000 X214.797 Y198.76
G1 F6909.6 X213.925 Y197.888 E3361.40026
G0 F15000 X214.519 Y197.888
G1 F6909.6 X215.391 Y198.76 E3361.4218
G0 F15000 X215.985 Y198.76
G1 F6909.6 X215.113 Y197.888 E3361.44333
G0 F15000 X215.707 Y197.888
G1 F6909.6 X216.579 Y198.76 E3361.46486
G0 F15000 X217.173 Y198.76
G1 F6909.6 X216.301 Y197.888 E3361.4864
G0 F15000 X216.895 Y197.888
G1 F6909.6 X217.767 Y198.76 E3361.50793
G0 F15000 X218.361 Y198.76
G1 F6909.6 X217.489 Y197.888 E3361.52946
G0 F15000 X218.083 Y197.888
G1 F6909.6 X218.955 Y198.76 E3361.551
G0 F15000 X219.549 Y198.76
G1 F6909.6 X218.677 Y197.888 E3361.57253
G0 F15000 X219.271 Y197.888
G1 F6909.6 X220.143 Y198.76 E3361.59406
G0 F15000 X220.737 Y198.76
G1 F6909.6 X219.865 Y197.888 E3361.6156
G0 F15000 X220.459 Y197.888
G1 F6909.6 X221.331 Y198.76 E3361.63713
G0 F15000 X221.925 Y198.76
G1 F6909.6 X221.053 Y197.888 E3361.65866
G0 F15000 X221.647 Y197.888
G1 F6909.6 X222.519 Y198.76 E3361.6802
G0 F15000 X223.113 Y198.76
G1 F6909.6 X222.241 Y197.888 E3361.70173
G0 F15000 X222.835 Y197.888
G1 F6909.6 X223.707 Y198.76 E3361.72326
G0 F15000 X224.301 Y198.76
G1 F6909.6 X223.429 Y197.888 E3361.7448
G0 F15000 X224.023 Y197.888
G1 F6909.6 X224.895 Y198.76 E3361.76633
G0 F15000 X225.489 Y198.76
G1 F6909.6 X224.617 Y197.888 E3361.78787
G0 F15000 X225.211 Y197.888
G1 F6909.6 X226.083 Y198.76 E3361.8094
G0 F15000 X226.677 Y198.76
G1 F6909.6 X225.805 Y197.888 E3361.83093
G0 F15000 X226.399 Y197.888
G1 F6909.6 X227.27 Y198.76 E3361.85245
G0 F15000 X227.864 Y198.76
G1 F6909.6 X226.993 Y197.888 E3361.87397
G0 F15000 X227.587 Y197.888
G1 F6909.6 X228.458 Y198.76 E3361.8955
G0 F15000 X228.76 Y198.468
G1 F6909.6 X228.181 Y197.888 E3361.90981
G0 F15000 X228.181 Y197.892
G1 F2400 E3355.90981
G0 F15000 X200.89 Y199.56
G0 X200.89 Y200.665
G0 X200.89 Y229.335
G0 X200.89 Y230.44
G0 X200.63 Y230.63
M204 S1250
;TYPE:WALL-INNER
G1 F2400 E3361.90981
G1 F6909.6 X200.63 Y232.714 E3361.9462
G1 X229.37 Y232.718 E3362.44804
G1 X229.37 Y230.63 E3362.4845
G1 X200.63 Y230.63 E3362.98635
M204 S2500
G0 F15000 X200.21 Y230.21
M204 S1250
;TYPE:WALL-OUTER
G1 F6909.6 X200.21 Y233.134 E3363.0374
G1 X229.79 Y233.138 E3363.55392
G1 X229.79 Y230.21 E3363.60505
G1 X200.21 Y230.21 E3364.12156
M204 S2500
G0 F15000 X200.21 Y230.41
G0 X200.89 Y230.89
G0 X201.026 Y231.026
;TYPE:SKIN
G1 F6909.6 X228.97 Y231.026 E3364.6095
G1 X228.97 Y232.318 E3364.63207
G1 X201.026 Y232.314 E3365.12001
G1 X201.026 Y231.026 E3365.1425
G0 F15000 X201.812 Y232.104
G1 F6909.6 X201.236 Y231.529 E3365.15671
G0 F15000 X201.537 Y231.236
G1 F6909.6 X202.406 Y232.104 E3365.17816
G0 F15000 X203 Y232.104
G1 F6909.6 X202.131 Y231.236 E3365.19961
G0 F15000 X202.725 Y231.236
G1 F6909.6 X203.594 Y232.104 E3365.22105
G0 F15000 X204.188 Y232.104
G1 F6909.6 X203.319 Y231.236 E3365.2425
G0 F15000 X203.913 Y231.236
G1 F6909.6 X204.782 Y232.104 E3365.26395
G0 F15000 X205.376 Y232.104
G1 F6909.6 X204.507 Y231.236 E3365.2854
G0 F15000 X205.101 Y231.236
G1 F6909.6 X205.97 Y232.104 E3365.30684
G0 F15000 X206.564 Y232.104
G1 F6909.6 X205.695 Y231.236 E3365.32829
G0 F15000 X206.289 Y231.236
G1 F6909.6 X207.158 Y232.105 E3365.34975
G0 F15000 X207.752 Y232.105
G1 F6909.6 X206.883 Y231.236 E3365.37121
G0 F15000 X207.477 Y231.236
G1 F6909.6 X208.346 Y232.105 E3365.39267
G0 F15000 X208.94 Y232.105
G1 F6909.6 X208.071 Y231.236 E3365.41413
G0 F15000 X208.665 Y231.236
G1 F6909.6 X209.534 Y232.105 E3365.43559
G0 F15000 X210.128 Y232.105
G1 F6909.6 X209.259 Y231.236 E3365.45705
G0 F15000 X209.853 Y231.236
G1 F6909.6 X210.722 Y232.105 E3365.47851
G0 F15000 X211.316 Y232.105
G1 F6909.6 X210.447 Y231.236 E3365.49997
G0 F15000 X211.041 Y231.236
G1 F6909.6 X211.91 Y232.105 E3365.52142
G0 F15000 X212.505 Y232.106
G1 F6909.6 X211.635 Y231.236 E3365.54291
G0 F15000 X212.229 Y231.236
G1 F6909.6 X213.099 Y232.106 E3365.56439
G0 F15000 X213.693 Y232.106
G1 F6909.6 X212.823 Y231.236 E3365.58588
G0 F15000 X213.417 Y231.236
G1 F6909.6 X214.287 Y232.106 E3365.60736
G0 F15000 X214.881 Y232.106
G1 F6909.6 X214.011 Y231.236 E3365.62885
G0 F15000 X214.605 Y231.236
G1 F6909.6 X215.475 Y232.106 E3365.65033
G0 F15000 X216.068 Y232.106
G1 F6909.6 X215.199 Y231.236 E3365.6718
G0 F15000 X215.793 Y231.236
G1 F6909.6 X216.662 Y232.106 E3365.69327
G0 F15000 X217.256 Y232.106
G1 F6909.6 X216.387 Y231.236 E3365.71474
G0 F15000 X216.981 Y231.236
G1 F6909.6 X217.851 Y232.106 E3365.73623
G0 F15000 X218.445 Y232.106
G1 F6909.6 X217.575 Y231.236 E3365.75771
G0 F15000 X218.169 Y231.236
G1 F6909.6 X219.039 Y232.106 E3365.7792
G0 F15000 X219.633 Y232.106
G1 F6909.6 X218.763 Y231.236 E3365.80068
G0 F15000 X219.357 Y231.236
G1 F6909.6 X220.227 Y232.106 E3365.82217
G0 F15000 X220.821 Y232.106
G1 F6909.6 X219.951 Y231.236 E3365.84365
G0 F15000 X220.544 Y231.236
G1 F6909.6 X221.415 Y232.106 E3365.86515
G0 F15000 X222.009 Y232.106
G1 F6909.6 X221.138 Y231.236 E3365.88664
G0 F15000 X221.732 Y231.236
G1 F6909.6 X222.603 Y232.106 E3365.90814
G0 F15000 X223.197 Y232.106
G1 F6909.6 X222.326 Y231.236 E3365.92964
G0 F15000 X222.92 Y231.236
G1 F6909.6 X223.792 Y232.107 E3365.95116
G0 F15000 X224.385 Y232.107
G1 F6909.6 X223.514 Y231.236 E3365.97267
G0 F15000 X224.108 Y231.236
G1 F6909.6 X224.979 Y232.107 E3365.99417
G0 F15000 X225.573 Y232.107
G1 F6909.6 X224.702 Y231.236 E3366.01568
G0 F15000 X225.296 Y231.236
G1 F6909.6 X226.167 Y232.107 E3366.03719
G0 F15000 X226.761 Y232.107
G1 F6909.6 X225.89 Y231.236 E3366.0587
G0 F15000 X226.484 Y231.236
G1 F6909.6 X227.355 Y232.107 E3366.08021
G0 F15000 X227.949 Y232.107
G1 F6909.6 X227.078 Y231.236 E3366.10172
G0 F15000 X227.672 Y231.236
G1 F6909.6 X228.543 Y232.107 E3366.12323
G0 F15000 X228.76 Y231.73
G1 F6909.6 X228.266 Y231.236 E3366.13543
G0 F15000 X228.266 Y231.24
G1 F2400 E3360.13543
;MESH:NONMESH
G0 F600 X228.266 Y231.24 Z24.6
G0 F15000 X200.92 Y230.44
G0 X200.92 Y229.335
G0 X200.92 Y200.665
G0 X200.92 Y199.56
G0 X200.63 Y199.37
;TIME_ELAPSED:2956.649798
;LAYER:243
;note -- min layer time used
M204 S1250
;TYPE:WALL-INNER
;MESH:table_soft_spacer_30x30-Body.stl
G1 F2400 E3366.13543
G1 F6291 X229.37 Y199.37 E3366.63727
G1 X229.37 Y197.582 E3366.66849
G1 X200.63 Y197.582 E3367.17034
G1 X200.63 Y199.37 E3367.20156
M204 S2500
G0 F15000 X200.21 Y199.79
M204 S1250
;TYPE:WALL-OUTER
G1 F6291 X229.79 Y199.79 E3367.71807
G1 X229.79 Y197.162 E3367.76396
G1 X200.21 Y197.162 E3368.28048
G1 X200.21 Y199.79 E3368.32636
M204 S2500
G0 F15000 X200.41 Y199.79
G1 F2400 E3362.32636
G0 F15000 X200.89 Y199.11
G0 X228.474 Y198.474
;TYPE:SKIN
G1 F2400 E3368.32636
G1 F4619.2 X201.522 Y198.474 E3368.96731
G0 F15000 X201.026 Y198.97
G1 F6291 X201.026 Y197.978 E3368.98463
G1 X228.97 Y197.978 E3369.47258
G1 X228.97 Y198.97 E3369.4899
G1 X201.026 Y198.97 E3369.97785
G0 F15000 X201.24 Y198.76
G1 F2400 E3363.97785
G0 F15000 X200.89 Y199.56
G0 X200.89 Y200.665
G0 X200.89 Y229.335
G0 X200.89 Y230.44
G0 X200.63 Y230.63
M204 S1250
;TYPE:WALL-INNER
G1 F2400 E3369.97785
G1 F6291 X200.63 Y232.414 E3370.009
G1 X229.37 Y232.414 E3370.51084
G1 X229.37 Y230.63 E3370.54199
G1 X200.63 Y230.63 E3371.04384
M204 S2500
G0 F15000 X200.21 Y230.21
M204 S1250
;TYPE:WALL-OUTER
G1 F6291 X200.21 Y232.834 E3371.08966
G1 X229.79 Y232.834 E3371.60617
G1 X229.79 Y230.21 E3371.65199
G1 X200.21 Y230.21 E3372.1685
M204 S2500
G0 F15000 X200.21 Y230.41
G1 F2400 E3366.1685
G0 F15000 X200.89 Y230.89
G0 X228.476 Y231.52
;TYPE:SKIN
G1 F2400 E3372.1685
G1 F4651.8 X201.52 Y231.52 E3372.80506
G0 F15000 X201.026 Y231.026
G1 F6291 X228.97 Y231.026 E3373.29301
G1 X228.97 Y232.014 E3373.31026
G1 X201.026 Y232.014 E3373.79821
G1 X201.026 Y231.026 E3373.81546
G0 F15000 X201.24 Y231.24
G1 F2400 E3367.81546
;MESH:NONMESH
G0 F600 X201.24 Y231.24 Z24.7
G0 F15000 X200.92 Y230.44
G0 X200.92 Y229.335
G0 X200.92 Y200.665
G0 X200.92 Y199.56
G0 X200.63 Y199.37
;TIME_ELAPSED:2964.714025
;LAYER:244
;note -- min layer time used
M204 S1250
;TYPE:WALL-INNER
;MESH:table_soft_spacer_30x30-Body.stl
G1 F2400 E3373.81546
G1 F4740 X229.37 Y199.37 E3374.3173
G1 X229.37 Y197.93 E3374.34245
G1 X200.63 Y197.93 E3374.84429
G1 X200.63 Y199.37 E3374.86944
M204 S2500
G0 F15000 X200.21 Y199.79
M204 S1250
;TYPE:WALL-OUTER
G1 F4740 X229.79 Y199.79 E3375.38595
G1 X229.79 Y197.51 E3375.42576
G1 X200.21 Y197.51 E3375.94228
G1 X200.21 Y199.79 E3375.98209
M204 S2500
G0 F15000 X200.41 Y199.79
G0 X200.89 Y199.11
G0 X201.082 Y198.914
;TYPE:SKIN
G1 F3742.1 X201.082 Y198.382 E3375.99386
G1 X228.914 Y198.382 E3376.60945
G1 X228.914 Y198.914 E3376.62121
G1 X201.082 Y198.914 E3377.2368
G0 F15000 X201.24 Y198.76
G1 F2400 E3371.2368
G0 F15000 X200.89 Y199.56
G0 X200.89 Y200.665
G0 X200.89 Y229.335
G0 X200.89 Y230.44
G0 X200.63 Y230.63
M204 S1250
;TYPE:WALL-INNER
G1 F2400 E3377.2368
G1 F4740 X200.63 Y232.066 E3377.26187
G1 X229.37 Y232.066 E3377.76372
G1 X229.37 Y230.63 E3377.7888
G1 X200.63 Y230.63 E3378.29064
M204 S2500
G0 F15000 X200.21 Y230.21
M204 S1250
;TYPE:WALL-OUTER
G1 F4740 X200.21 Y232.486 E3378.33038
G1 X229.79 Y232.486 E3378.8469
G1 X229.79 Y230.21 E3378.88664
G1 X200.21 Y230.21 E3379.40315
M204 S2500
G0 F15000 X200.21 Y230.41
G0 X200.89 Y230.89
G0 X201.081 Y231.081
;TYPE:SKIN
G1 F3756.2 X228.915 Y231.081 E3380.01647
G1 X228.915 Y231.611 E3380.02815
G1 X201.081 Y231.611 E3380.64147
G1 X201.081 Y231.081 E3380.65314
G0 F15000 X201.24 Y231.24
G1 F2400 E3374.65314
;MESH:NONMESH
G0 F600 X201.24 Y231.24 Z24.8
G0 F15000 X200.92 Y230.44
G0 X200.92 Y229.335
G0 X200.92 Y200.665
G0 X200.92 Y199.56
G0 X200.63 Y199.37
;TIME_ELAPSED:2972.033074
;LAYER:245
;note -- min layer time used
M204 S1250
;TYPE:WALL-INNER
;MESH:table_soft_spacer_30x30-Body.stl
G1 F2400 E3380.65314
G1 F4442.2 X229.37 Y199.37 E3381.15499
G1 X229.37 Y198.33 E3381.17315
G1 X200.63 Y198.33 E3381.675
G1 X200.63 Y199.37 E3381.69316
M204 S2500
G0 F15000 X200.21 Y199.79
M204 S1250
;TYPE:WALL-OUTER
G1 F4442.2 X229.79 Y199.79 E3382.20967
G1 X229.79 Y197.91 E3382.2425
G1 X200.21 Y197.91 E3382.75901
G1 X200.21 Y199.79 E3382.79184
M204 S2500
G0 F15000 X200.41 Y199.79
G1 F2400 E3376.79184
G0 F15000 X200.89 Y199.11
G0 X228.848 Y198.848
;TYPE:SKIN
G1 F2400 E3382.79184
G1 F2809.8 X201.148 Y198.848 E3383.55652
G0 F15000 X201.148 Y198.76
G1 F2400 E3377.55652
G0 F15000 X200.89 Y199.56
G0 X200.89 Y200.665
G0 X200.89 Y229.335
G0 X200.89 Y230.44
G0 X200.63 Y230.63
M204 S1250
;TYPE:WALL-INNER
G1 F2400 E3383.55652
G1 F4442.2 X200.63 Y231.666 E3383.57461
G1 X229.37 Y231.666 E3384.07646
G1 X229.37 Y230.63 E3384.09455
G1 X200.63 Y230.63 E3384.59639
M204 S2500
G0 F15000 X200.21 Y230.21
M204 S1250
;TYPE:WALL-OUTER
G1 F4442.2 X200.21 Y232.086 E3384.62915
G1 X229.79 Y232.086 E3385.14566
G1 X229.79 Y230.21 E3385.17842
G1 X200.21 Y230.21 E3385.69494
M204 S2500
G0 F15000 X200.21 Y230.41
G1 F2400 E3379.69494
G0 F15000 X200.89 Y230.89
G0 X228.85 Y231.146
;TYPE:SKIN
G1 F2400 E3385.69494
G1 F2826.9 X201.146 Y231.146 E3386.45512
G0 F15000 X201.24 Y231.24
G1 F2400 E3380.45512
;MESH:NONMESH
G0 F600 X201.24 Y231.24 Z24.9
G0 F15000 X200.92 Y230.44
G0 X200.92 Y229.335
G0 X200.92 Y200.665
G0 X200.92 Y199.56
G0 X200.66 Y199.34
;TIME_ELAPSED:2979.725990
;LAYER:246
;note -- min layer time used
M204 S1250
;TYPE:WALL-INNER
;MESH:table_soft_spacer_30x30-Body.stl
G1 F2400 E3386.45512
G1 F2753.1 X229.34 Y199.34 E3387.02746
G1 X229.34 Y198.86 E3387.03704
G1 X200.66 Y198.86 E3387.60938
G1 X200.66 Y199.34 E3387.61896
M204 S2500
G0 F15000 X200.21 Y199.79
M204 S1250
;TYPE:WALL-OUTER
G1 F3146.4 X229.79 Y199.79 E3388.13547
G1 X229.79 Y198.41 E3388.15957
G1 X200.21 Y198.41 E3388.67608
G1 X200.21 Y199.79 E3388.70018
M204 S2500
G0 F15000 X200.41 Y199.79
G1 F2400 E3382.70018
G0 F15000 X200.89 Y199.11
G0 X200.89 Y200.665
G0 X200.89 Y229.335
G0 X200.89 Y230.44
G0 X200.66 Y230.66
M204 S1250
;TYPE:WALL-INNER
G1 F2400 E3388.70018
G1 F2753.1 X200.66 Y231.14 E3388.70976
G1 X229.34 Y231.14 E3389.2821
G1 X229.34 Y230.66 E3389.29168
G1 X200.66 Y230.66 E3389.86402
M204 S2500
G0 F15000 X200.21 Y230.21
M204 S1250
;TYPE:WALL-OUTER
G1 F3146.4 X200.21 Y231.59 E3389.88812
G1 X229.79 Y231.59 E3390.40463
G1 X229.79 Y230.21 E3390.42873
G1 X200.21 Y230.21 E3390.94524
M204 S2500
G0 F15000 X200.21 Y230.41
G1 F2400 E3384.94524
;MESH:NONMESH
G0 F600 X200.21 Y230.41 Z25
G0 F15000 X200.89 Y230.89
G0 X200.89 Y229.335
G0 X200.89 Y200.665
G0 X200.272 Y199.728
;TIME_ELAPSED:2986.445954
;LAYER:247
;note -- min layer time used
M204 S1250
;TYPE:WALL-OUTER
;MESH:table_soft_spacer_30x30-Body.stl
G1 F2400 E3390.94524
G1 F1207.7 X200.272 Y199.184 E3390.95754
G1 X229.728 Y199.184 E3391.62375
G1 X229.728 Y199.728 E3391.63605
G1 X200.272 Y199.728 E3392.30225
M204 S2500
G0 F15000 X200.272 Y199.528
G1 F2400 E3386.30225
G0 F15000 X200.272 Y200.665
G0 X200.271 Y229.335
G0 X200.271 Y230.271
M204 S1250
G1 F2400 E3392.30225
G1 F1212.2 X229.729 Y230.271 E3392.96605
G1 X229.729 Y230.813 E3392.97827
G1 X200.271 Y230.813 E3393.64207
G1 X200.271 Y230.271 E3393.65428
M204 S2500
G0 F15000 X200.471 Y230.271
;TIME_ELAPSED:2993.233937
G1 F2400 E3387.65428
M140 S0
M204 S5000
M107
G91 ;Relative positioning
G1 E-2 F2700 ;Retract a bit
G1 E-2 Z0.2 F2400 ;Retract and raise Z
G1 X5 Y5 F3000 ;Wipe out
G1 Z2 ;Raise Z more
G90 ;Absolute positioning
G1 X0 Y425 ;Present print
M106 S0 ;Turn-off fan
M104 S0 ;Turn-off hotend
M140 S0 ;Turn-off bed
M84 X Y E ;Disable all steppers but Z
M82 ;absolute extrusion mode
M104 S0
;End of Gcode
